X,Y,objectid,crn,arrival_tm,automobile_count,belted_death_count,belted_susp_serious_inj_count,bicycle_count,bicycle_death_count,bicycle_susp_serious_inj_count,bus_count,chldpas_death_count,chldpas_susp_serious_inj_count,collision_type,comm_veh_count,cons_zone_spd_lim,county,crash_month,crash_year,day_of_week,dec_latitude,dec_longitude,dispatch_tm,district,driver_count_16yr,driver_count_17yr,driver_count_18yr,driver_count_19yr,driver_count_20yr,driver_count_50_64yr,driver_count_65_74yr,driver_count_75plus,est_hrs_closed,fatal_count,heavy_truck_count,horse_buggy_count,hour_of_day,illumination,injury_count,intersection_related_x,intersect_type,lane_closed,latitude,ln_close_dir,location_type,longitude,max_severity_level,mcycle_death_count,mcycle_susp_serious_inj_count,motorcycle_count,municipality,nonmotr_count,nonmotr_death_count,nonmotr_susp_serious_inj_count,ntfy_hiwy_maint,ped_count,ped_death_count,ped_susp_serious_inj_count,person_count,police_agcy,possible_inj_count,rdwy_surf_type_cd,relation_to_road,roadway_cleared,road_condition,sch_bus_ind,sch_zone_ind,secondary_crash,small_truck_count,spec_juris_cd,susp_minor_inj_count,susp_serious_inj_count,suv_count,tcd_func_cd,tcd_type,tfc_detour_ind,time_of_day,total_units,tot_inj_count,unbelted_occ_count,unb_death_count,unb_susp_serious_inj_count,unk_inj_deg_count,unk_inj_per_count,urban_rural,van_count,vehicle_count,weather1,weather2,workers_pres,work_zone_ind,work_zone_loc,work_zone_type,wz_close_detour,wz_flagger,wz_law_offcr_ind,wz_ln_closure,wz_moving,wz_other,wz_shlder_mdn,wz_workers_inj_killed,aggressive_driving,alcohol_related,angle_crash,atv,atv_route,backup_congestion,backup_nonrecurring,backup_prior,bicycle,cell_phone,child_passenger,comm_vehicle,core_network,cross_median,curved_road,curve_dvr_error,deer_related,distracted,drinking_driver,driver_16yr,driver_17yr,driver_18yr,driver_19yr,driver_20yr,driver_50_64yr,driver_65_74yr,driver_75plus,drugged_driver,drug_related,fatal,fatal_or_susp_serious_inj,fatigue_asleep,federal_aid_route,fire_in_vehicle,hazardous_truck,hit_barrier,hit_bridge,hit_deer,hit_embankment,hit_fixed_object,hit_gdrail,hit_gdrail_end,hit_parked_vehicle,hit_pole,hit_roadway_equipment,hit_run,hit_temp_construction_barrier,hit_traffic_island,hit_tree_shrub,hit_utility_pole,horse_buggy,ho_oppdir_sdswp,hvy_truck_related,icy_road,illegal_drug_related,illumination_dark,impaired_driver,impaired_nonmotorist,injury,injury_or_fatal,intersection,intersection_related_y,interstate,lane_departure,left_turn,limit_65mph,limit_70mph,local_road,local_road_only,marijuana_drugged_driver,marijuana_related,mature_driver,mc_drinking_driver,motorcycle,multiple_vehicle,nhtsa_agg_driving,non_intersection,no_clearance,opioid_related,other_freeway_expressway,overturned,pedestrian,phantom_vehicle,possible_injury,property_damage_only,psp_reported,ramp,ramp_segment,ramp_terminal,rear_end,roundabout,running_red_lt,running_stop_sign,rural,school_bus,school_bus_related,school_bus_unit,school_zone,shldr_related,signalized_int,single_vehicle,snowmobile,snow_slush_road,speeding,speeding_related,speed_change_lane,state_road,stop_controlled_int,sudden_deer,suspected_minor_injury,suspected_serious_injury,sv_run_off_rd,tailgating,train,train_trolley,trolley,turnpike,unbelted,underage_drnk_drv,unlicensed,unsignalized_int,urban,vehicle_failure,vehicle_towed,vulnerable_road_user,vulnerable_road_user_fatal,wet_road,work_zone,young_driver
-8366820.65932838,4876890.86993255,104,2020098968,1520,0,0,0,0,0,0,0,0,0,3,1,,46,11,2020,2,40.075293,-75.160427,1516,6,0,0,0,0,0,2,0,0,,0,1,0,,,2,,1,,40 04:31.053,2,0,75 09:37.536,8,0,0,0,46102,0,0,0,N,0,0,0,3,46102,0,,1,25,1,N,N,N,0,,0,0,1,3,2,N,,2,2,0,0,0,2,0,2,0,2,,,,N,,,,,,,,,,,0,0,0,0,0,0,0,0,0,0,0,1,0,0,0,0,0,0,0,0,0,0,0,0,1,0,0,0,0,0,0,0,0,0,0,0,0,0,0,0,0,0,0,0,0,0,0,0,0,0,0,0,1,0,0,0,0,0,1,1,1,0,0,0,0,0,0,1,0,0,0,0,0,0,1,0,0,0,0,0,0,0,0,0,0,0,0,0,0,0,0,0,0,0,0,0,0,0,0,1,0,0,0,0,0,0,1,0,0,0,0,0,0,0,0,0,0,0,0,0,0,1,0,0,0,0,0,0,0
-8365290.68362282,4875755.48036638,105,2020053106,2101,0,0,0,0,0,0,0,0,0,7,0,,46,7,2020,2,40.067488,-75.146683,2052,6,0,0,0,0,0,0,0,0,,0,0,0,,,1,,1,,40 04:02.956,,0,75 08:48.058,3,0,0,0,46102,0,0,0,N,0,0,0,1,67301,0,,5,,9,N,N,N,0,,1,0,1,3,2,,,1,1,0,0,0,0,0,2,0,1,,,,N,,,,,,,,,,,0,0,0,0,0,0,0,0,0,0,0,0,1,0,0,0,0,1,0,0,0,0,0,0,0,0,0,0,0,0,0,0,0,0,0,0,0,0,0,1,0,0,0,0,0,0,0,0,0,0,0,0,0,0,0,1,0,0,1,1,1,0,0,0,0,0,0,1,0,0,0,0,0,0,0,0,0,0,0,0,0,0,0,0,0,0,0,0,0,0,0,0,0,0,0,0,0,0,0,1,1,0,0,0,0,0,1,0,0,1,0,1,0,0,0,0,0,0,0,0,0,1,0,1,0,0,1,0,0
-8363631.13210893,4874502.41144086,106,2020098953,2153,1,0,0,0,0,0,0,0,0,7,0,,46,10,2020,3,40.058873,-75.131775,2152,6,0,0,0,0,0,0,0,0,,0,0,0,,,0,,1,,40 03:31.942,,0,75 07:54.390,9,0,0,0,46102,0,0,0,N,0,0,0,1,46102,0,,3,,1,N,N,N,0,,0,0,0,0,0,,,1,0,0,0,0,0,1,2,0,1,,,,N,,,,,,,,,,,1,0,0,0,0,0,0,0,0,0,0,0,0,0,0,0,0,0,0,0,0,0,0,0,0,0,0,0,0,0,0,0,0,0,0,0,0,0,0,1,0,0,0,0,0,1,0,0,0,0,0,0,0,0,0,1,0,0,0,0,1,0,0,0,0,0,0,1,1,0,0,0,0,0,0,0,0,0,0,0,1,0,0,0,0,0,0,0,0,0,0,0,0,0,0,0,0,0,0,0,1,0,0,1,1,0,0,0,0,0,0,1,0,0,0,0,0,0,0,0,1,1,0,1,0,0,0,0,0
-8366114.55954286,4876371.9639738,107,2020085185,1240,0,0,0,0,0,0,0,0,0,1,0,,46,10,2020,7,40.071726,-75.154084,1238,6,0,0,0,0,0,0,0,0,,0,0,0,,,0,,1,,40 04:18.214,,0,75 09:14.704,0,0,0,0,46102,0,0,0,N,0,0,0,4,46102,0,,1,,1,N,N,N,1,,0,0,1,3,2,,,2,0,0,0,0,0,0,2,0,2,,04,,N,,,,,,,,,,,1,0,0,0,0,0,0,0,0,0,1,0,1,0,0,0,0,0,0,0,0,0,0,0,0,0,0,0,0,0,0,0,0,0,0,0,0,0,0,0,0,0,0,0,0,0,0,0,0,0,0,0,0,0,0,0,0,0,0,0,1,0,0,0,1,0,0,0,0,0,0,0,0,0,1,0,0,0,0,0,0,0,0,0,1,0,0,0,0,1,0,1,0,0,0,0,0,0,0,1,0,0,0,0,0,0,1,0,0,0,0,0,0,0,0,0,0,0,0,0,0,1,0,1,0,0,0,0,0
-8376439.22244749,4864733.032983,108,2020059187,1915,1,0,0,0,0,0,0,0,0,5,0,,46,7,2020,5,39.99167,-75.246832,1909,6,0,0,0,0,0,0,0,0,,0,0,0,,,0,N,0,,39 59:30.012,2,0,75 14:48.596,0,0,0,0,46104,0,0,0,N,0,0,0,3,46104,0,,1,1940,1,N,N,N,0,,0,0,1,0,0,N,,2,0,0,0,0,0,0,2,0,2,,,,N,,,,,,,,,,,1,0,0,0,0,0,0,0,0,0,0,0,0,0,0,0,0,0,0,0,0,0,0,0,0,0,0,0,0,0,0,0,0,0,0,0,0,0,0,0,0,0,0,0,0,0,0,0,1,0,0,0,0,0,0,0,0,0,0,0,0,0,0,1,0,0,0,1,1,0,0,0,0,0,1,0,1,0,0,0,0,0,0,0,1,0,0,0,0,0,0,0,0,0,0,0,0,0,0,0,0,0,0,0,0,0,0,0,0,0,0,0,0,0,0,0,0,0,0,0,0,1,0,1,0,0,0,0,0
-8378937.23247071,4863061.50173349,109,2020092290,0615,1,0,0,0,0,0,0,0,0,4,1,,46,10,2020,2,39.980165,-75.269272,0611,6,0,0,0,0,0,1,0,0,,0,1,0,,,0,,1,,39 58:48.595,,0,75 16:09.378,0,0,0,0,46104,0,0,0,N,0,0,0,2,46104,0,,1,,9,N,N,N,0,,0,0,0,3,2,,,2,0,0,0,0,0,0,2,0,2,,,,N,,,,,,,,,,,0,0,1,0,0,0,0,0,0,0,0,1,1,0,0,0,0,0,0,0,0,0,0,0,1,0,0,0,0,0,0,0,0,0,0,0,0,0,0,0,0,0,0,0,0,0,0,0,0,0,0,0,1,0,0,1,0,0,0,0,1,0,0,0,0,0,0,0,0,0,0,0,0,0,1,0,0,0,0,0,0,0,0,0,1,0,0,0,0,0,0,0,0,0,0,0,0,0,0,1,0,0,0,0,0,0,1,0,0,0,0,0,0,0,0,0,0,0,0,0,0,1,0,1,0,0,1,0,0
-8366521.20974975,4876663.6361229,110,2020071060,1656,1,0,0,0,0,0,0,0,0,5,0,,46,8,2020,1,40.073731,-75.157737,1654,6,0,0,0,0,0,1,0,0,,0,0,0,,,1,N,0,,40 04:25.432,6,0,75 09:27.852,2,0,1,1,46102,0,0,0,N,0,0,0,2,46102,0,,1,1715,1,N,N,N,0,,0,1,0,0,0,N,,2,1,0,0,0,0,0,2,0,2,,,,N,,,,,,,,,,,1,0,0,0,0,0,0,0,0,0,0,0,1,0,0,0,0,0,0,0,0,0,0,0,1,0,0,0,0,0,1,0,0,0,0,0,0,0,0,0,0,0,0,0,0,0,0,0,0,0,0,0,0,0,0,0,0,0,1,1,0,0,0,0,0,0,0,0,0,0,0,0,0,1,1,0,1,0,0,0,0,0,0,0,0,0,0,0,0,0,0,0,0,0,0,0,0,0,0,0,0,0,0,0,0,0,1,0,0,0,1,0,0,0,0,0,0,0,0,0,0,1,0,1,0,0,0,0,0
-8364631.11542718,4875262.23376003,111,2020081481,1020,2,0,0,0,0,0,0,0,0,4,0,,46,10,2020,6,40.064097,-75.140758,1019,6,0,0,0,0,0,1,0,0,,0,0,0,,,1,,1,,40 03:50.750,,2,75 08:26.727,8,0,0,0,46102,0,0,0,N,0,0,0,3,46102,0,,1,,9,N,N,N,0,,0,0,0,3,2,,,2,1,0,0,0,1,0,2,0,2,,07,,N,,,,,,,,,,,1,0,1,0,0,0,0,0,0,0,0,0,1,0,0,0,0,0,0,0,0,0,0,0,1,0,0,0,0,0,0,0,0,0,0,0,0,0,0,0,0,0,0,0,0,0,0,0,0,0,0,0,0,0,0,0,0,0,1,1,1,0,0,0,0,0,0,1,0,0,0,0,0,0,1,0,0,0,0,0,0,0,0,0,0,0,0,0,0,0,0,0,0,0,0,0,0,0,0,1,0,0,0,0,0,0,1,0,0,0,0,0,0,0,0,0,0,0,0,0,0,1,0,0,0,0,1,0,0
-8373855.2736856,4866317.3610927,112,2020066124,1513,2,0,0,0,0,0,0,0,0,1,0,,46,7,2020,1,40.002573,-75.22362,1509,6,0,0,0,0,0,0,0,1,,0,0,0,,,1,,2,,40 00:09.262,,0,75 13:25.031,4,0,0,0,46104,0,0,0,N,0,0,0,2,46104,1,,1,,1,N,N,N,0,,0,0,0,3,2,,,2,1,0,0,0,0,0,2,0,2,,,,N,,,,,,,,,,,1,0,0,0,0,0,0,0,0,0,0,0,1,0,0,0,0,0,0,0,0,0,0,0,0,0,1,0,0,0,0,0,0,0,0,0,0,0,0,0,0,0,0,0,0,0,0,0,0,0,,0,0,0,0,0,0,0,1,1,1,0,0,0,0,0,0,1,0,0,0,1,0,0,1,0,0,0,0,0,0,0,0,1,0,0,0,0,0,1,0,0,0,0,0,0,0,0,0,1,0,0,0,0,1,0,1,0,0,0,0,0,0,0,0,0,0,0,0,0,0,1,0,0,0,0,0,0,0
-8359340.76631983,4875681.1502817,113,2020083590,1615,0,0,0,0,0,0,0,0,0,2,0,,46,10,2020,4,40.066977,-75.093234,1613,6,0,0,0,0,0,0,0,0,,0,0,0,,,1,,2,,40 04:01.117,3,0,75 05:35.643,3,0,0,0,46102,0,0,0,N,0,0,0,3,46102,0,,1,1642,1,N,N,N,0,,1,0,3,0,0,Y,,3,1,0,0,0,0,0,2,0,3,,03,,N,,,,,,,,,,,1,0,0,0,0,0,0,0,0,0,0,0,0,0,0,0,0,0,0,0,0,0,0,0,0,0,0,0,0,0,0,0,0,0,0,0,0,0,0,0,0,0,0,0,0,0,0,0,0,0,0,1,0,0,0,0,0,0,1,1,1,0,0,0,1,0,0,1,0,0,0,0,0,0,1,0,0,0,0,0,0,0,0,0,0,0,0,0,0,0,0,0,0,0,0,0,0,0,0,0,0,0,0,0,0,0,1,0,0,1,0,0,0,0,0,0,0,0,0,0,1,1,0,1,0,0,0,0,0
-8364631.11542718,4875262.23376003,114,2020081130,2035,2,0,0,0,0,0,0,0,0,1,0,,46,9,2020,3,40.064097,-75.140758,2030,6,0,0,0,0,0,1,0,0,,0,0,0,,,0,,2,,40 03:50.750,,0,75 08:26.727,0,0,0,0,46102,0,0,0,N,0,0,0,2,46102,0,,1,,9,N,N,N,0,,0,0,0,3,2,,,2,0,0,0,0,0,0,2,0,2,,07,,N,,,,,,,,,,,1,0,0,0,0,0,0,0,0,0,0,0,1,0,0,0,0,0,0,0,0,0,0,0,1,0,0,0,0,0,0,0,0,0,0,0,0,0,0,0,0,0,0,0,0,0,0,0,0,0,0,0,0,0,0,1,0,0,0,0,1,0,0,0,0,0,0,1,0,0,0,0,0,0,1,0,0,0,0,0,0,0,0,0,1,0,0,0,0,1,0,0,0,0,0,0,0,0,0,1,0,0,0,0,1,0,1,0,0,0,0,0,0,0,0,0,0,0,0,0,0,1,0,1,0,0,1,0,0
-8375387.25294175,4865377.45774964,115,2020071019,1652,3,0,0,0,0,0,0,0,0,1,0,,46,8,2020,4,39.996105,-75.237382,1651,6,0,0,0,0,0,0,0,0,,0,0,0,,,2,N,0,,39 59:45.977,,0,75 14:14.574,4,0,0,0,46104,0,0,0,N,0,0,0,3,46104,2,,1,,1,N,N,N,0,,0,0,0,3,2,,,3,2,0,0,0,0,0,2,0,3,,,,N,,,,,,,,,,,1,0,0,0,0,0,0,0,0,0,0,0,0,0,0,0,0,0,0,0,0,0,0,0,0,0,0,0,0,0,0,0,0,0,0,0,0,0,0,0,0,0,0,0,0,0,0,0,0,0,0,0,0,0,0,0,0,0,1,1,0,0,0,0,0,0,0,1,1,0,0,0,0,0,1,0,1,0,0,0,0,0,0,1,0,0,0,0,0,1,0,0,0,0,0,0,0,0,0,0,0,0,0,0,1,0,0,0,0,0,0,0,0,0,0,0,0,0,0,0,0,1,0,1,0,0,0,0,0
-8361471.53322048,4872854.6816461,116,2020085183,1031,2,0,0,0,0,0,0,0,0,1,0,,46,10,2020,6,40.047543,-75.112375,1031,6,0,0,0,0,0,0,0,0,,0,0,0,,,0,,2,,40 02:51.156,2,0,75 06:44.551,0,0,0,0,46102,0,0,0,N,0,0,0,3,46102,0,,1,1105,1,N,N,N,0,,0,0,0,3,2,N,,2,0,0,0,0,0,0,2,0,2,,03,,N,,,,,,,,,,,0,0,0,0,0,0,0,0,0,0,0,0,0,0,0,0,0,0,0,0,0,0,0,0,0,0,0,0,0,0,0,0,0,0,0,0,0,0,0,0,0,0,0,0,0,1,0,0,0,0,0,0,0,0,0,0,0,0,0,0,1,0,0,0,0,0,0,1,1,0,0,0,0,0,1,0,0,0,0,0,0,0,0,0,1,0,0,0,0,1,0,0,0,0,0,0,0,0,0,1,0,0,0,0,0,0,0,0,0,0,0,0,0,0,0,0,0,0,0,0,0,1,0,1,0,0,0,0,0
-8364652.82282513,4875279.10646675,117,2020073306,1803,0,0,0,0,0,0,0,0,0,5,0,,46,9,2020,7,40.064213,-75.140953,1759,6,0,0,0,0,0,0,0,0,,0,0,0,,,1,,2,,40 03:51.166,4,0,75 08:27.429,8,0,0,1,46102,0,0,0,N,0,0,0,2,46102,0,,1,1825,1,N,N,N,0,,0,0,1,,0,N,,2,1,0,0,0,1,1,2,0,2,,,,N,,,,,,,,,,,1,0,0,0,0,0,0,0,0,0,0,0,1,0,0,0,0,0,0,0,0,0,0,0,0,0,0,0,0,0,0,0,0,0,0,0,0,0,0,0,0,0,0,0,0,1,0,0,0,0,0,0,0,0,0,0,0,0,1,1,1,0,0,0,0,0,0,1,0,0,0,0,0,1,1,0,0,0,0,0,0,0,0,0,0,0,0,0,0,0,0,0,0,0,0,0,0,0,0,0,0,0,0,0,0,0,1,0,0,0,0,0,0,0,0,0,0,0,0,0,1,1,0,0,0,0,0,0,0
-8359735.50537232,4875980.94798653,118,2020098973,1917,1,0,0,0,0,0,0,0,0,6,0,,46,11,2020,7,40.069038,-75.09678,1836,6,0,1,0,0,0,0,0,0,,0,0,0,,,2,,2,,40 04:08.537,,0,75 05:48.409,4,0,0,0,46102,0,0,0,N,0,0,0,7,46102,2,,1,,1,N,N,N,0,,0,0,1,,0,,,2,2,0,0,0,0,0,2,0,2,,03,,N,,,,,,,,,,,1,0,0,0,0,0,0,0,0,0,0,0,0,0,0,0,0,0,0,0,1,0,0,0,0,0,0,0,0,0,0,0,0,0,0,0,0,0,0,0,0,0,0,0,0,0,0,0,0,0,0,1,0,0,0,1,0,0,1,1,1,0,0,0,1,0,0,1,1,0,0,0,0,0,1,0,0,0,0,0,0,0,0,1,0,0,0,0,0,0,0,0,0,0,0,0,0,0,0,0,0,0,0,0,1,0,0,0,0,0,0,0,0,0,0,0,0,0,0,0,1,1,0,1,0,0,0,0,1
-8375694.38344023,4865194.66053154,119,2020103013,1707,2,0,0,0,0,0,0,0,0,1,0,,46,11,2020,2,39.994847,-75.240141,1703,6,0,0,0,0,0,0,0,0,,0,0,0,,,0,N,0,,39 59:41.449,2,0,75 14:24.508,0,0,0,0,46104,0,0,0,N,0,0,0,2,46104,0,,1,1745,1,N,N,N,0,,0,0,0,,2,N,,2,0,0,0,0,0,0,2,0,2,,,,N,,,,,,,,,,,1,0,0,0,0,0,0,0,0,0,0,0,1,0,0,0,0,0,0,0,0,0,0,0,0,0,0,0,0,0,0,0,0,0,0,0,0,0,0,0,0,0,0,0,0,0,0,0,0,0,0,0,0,0,0,1,0,0,0,0,0,0,0,0,0,0,0,0,0,0,0,0,0,0,1,0,1,0,0,0,0,0,0,0,1,0,0,0,0,1,0,0,0,0,0,0,0,0,0,0,0,0,0,0,1,0,1,0,0,0,0,0,0,0,0,0,0,0,0,0,0,1,0,1,0,0,0,0,0
-8366234.45070868,4876452.84574158,120,2020058416,1205,1,0,0,0,0,0,1,0,0,1,1,,46,7,2020,2,40.072282,-75.155161,1154,6,0,0,0,0,0,0,0,0,,0,0,0,,,1,N,0,,40 04:20.215,,0,75 09:18.578,4,0,0,0,46102,0,0,0,N,0,0,0,2,67508,1,,1,,1,N,N,Y,0,,0,0,0,,0,,,2,1,0,0,0,0,0,2,0,2,,03,,N,,,,,,,,,,,0,0,0,0,0,0,0,0,0,0,0,1,1,0,0,0,0,0,0,0,0,0,0,0,0,0,0,0,0,0,0,0,0,0,0,0,0,0,0,0,0,0,0,0,0,0,0,0,0,0,0,0,0,0,0,0,0,0,1,1,0,0,0,0,0,0,0,0,0,0,0,0,0,0,1,0,1,0,0,0,0,0,0,1,0,0,0,0,0,1,0,0,0,0,0,0,0,0,0,0,0,0,0,0,0,0,1,0,0,0,0,0,0,0,0,0,0,0,0,0,0,1,0,1,0,0,0,0,0
-8363014.3106317,4874012.71774512,121,2020098974,2358,1,0,0,0,0,0,0,0,0,7,0,,46,11,2020,1,40.055506,-75.126234,2354,6,0,0,0,0,0,0,0,0,,0,0,0,,,1,,2,,40 03:19.823,,0,75 07:34.441,8,0,0,0,46102,0,0,0,N,0,0,0,1,46102,0,,5,,1,N,N,N,0,,0,0,0,,2,,,1,1,1,0,0,1,0,2,0,1,,03,,N,,,,,,,,,,,0,0,0,0,0,0,0,0,0,0,0,0,0,0,0,0,0,0,0,0,0,0,0,0,0,0,0,0,0,0,0,0,0,0,0,0,0,0,0,1,0,0,0,0,0,0,0,0,0,0,0,0,0,0,0,1,0,0,1,1,1,0,0,0,0,0,0,1,1,0,0,0,0,0,0,0,0,0,0,0,0,0,0,0,0,0,0,0,0,0,0,0,0,0,0,0,0,0,0,1,1,0,0,0,0,0,0,0,0,0,0,1,0,0,0,0,0,1,0,0,0,1,0,1,0,0,0,0,0
-8374164.63054531,4866125.97277308,122,2020102974,1410,2,0,0,0,0,0,0,0,0,4,0,,46,11,2020,7,40.001256,-75.226399,1410,6,0,0,0,0,0,0,1,0,,0,0,0,,,2,,1,,40 00:04.521,1,0,75 13:35.036,4,0,0,0,46104,0,0,0,N,0,0,0,2,46104,2,,1,1230,1,N,N,N,0,,0,0,0,,2,N,,2,2,0,0,0,0,0,2,0,2,,,,N,,,,,,,,,,,0,0,1,0,0,0,0,0,0,0,0,0,1,0,0,0,0,0,0,0,0,0,0,0,0,1,0,0,0,0,0,0,0,0,0,0,0,0,0,0,0,0,0,0,0,0,0,0,0,0,0,0,0,0,0,0,0,0,1,1,1,0,0,0,0,0,0,1,0,0,0,1,0,0,1,0,0,0,0,0,0,0,0,1,0,0,0,0,0,0,0,0,0,0,0,0,0,0,0,1,0,0,0,0,0,0,1,0,0,0,0,0,0,0,0,0,0,0,0,0,0,1,0,1,0,0,0,0,0
-8377982.77892964,4863659.61752803,123,2020103001,0755,0,0,0,0,0,0,0,0,0,4,0,,46,11,2020,1,39.984282,-75.260698,0752,6,0,0,0,0,0,0,1,0,,0,0,0,,,1,,1,,39 59:03.415,2,0,75 15:38.512,8,0,0,0,46104,0,0,0,N,0,0,0,2,46104,0,,1,45,1,N,N,N,0,,0,0,2,,2,N,,2,1,0,0,0,1,0,2,0,2,,,,N,,,,,,,,,,,1,0,1,0,0,0,0,0,0,0,0,0,1,0,0,0,0,0,0,0,0,0,0,0,0,1,0,0,0,0,0,1,0,0,0,0,0,0,0,0,0,0,0,0,0,0,0,0,0,0,0,0,0,0,0,0,0,0,1,1,1,0,0,0,0,0,0,1,0,0,0,1,0,0,1,0,0,0,0,0,0,0,0,0,0,0,0,0,0,0,0,1,0,0,0,0,0,0,0,1,0,0,0,0,0,0,1,0,0,0,0,0,0,0,0,0,0,0,0,0,0,1,0,1,0,0,0,0,0
-8376949.51104355,4864410.90902715,124,2020102973,1729,2,0,0,0,0,0,0,0,0,4,0,,46,11,2020,3,39.989453,-75.251416,1726,6,0,0,0,0,0,0,0,0,,0,0,0,,,0,,2,,39 59:22.029,,0,75 15:05.097,0,0,0,0,46104,0,0,0,N,0,0,0,2,46104,0,,1,,1,N,N,N,0,,0,0,0,,2,,,2,0,0,0,0,0,0,2,0,2,,03,,N,,,,,,,,,,,1,0,1,0,0,0,0,0,0,0,0,0,1,0,0,0,0,0,0,0,0,0,0,0,0,0,0,0,0,0,0,0,0,0,0,0,0,0,0,0,0,0,0,0,0,0,0,0,0,0,0,0,0,0,0,0,0,0,0,0,1,0,0,0,1,0,0,0,0,0,0,0,0,0,1,0,0,0,0,0,0,0,0,0,1,0,0,0,0,0,0,0,0,0,0,0,0,0,0,1,0,0,0,0,0,0,1,0,0,0,0,0,0,0,0,0,0,0,0,0,0,1,0,1,0,0,0,0,0
-8375983.59164322,4865003.1486113,125,2020083396,1716,2,0,0,0,0,0,0,0,0,1,0,,46,9,2020,4,39.993529,-75.242739,1711,6,0,0,0,0,0,0,0,0,,0,0,0,,,1,N,0,,39 59:36.703,2,0,75 14:33.860,8,0,0,0,46104,0,0,0,N,0,0,0,3,46104,0,,1,1720,1,N,N,N,0,,0,0,0,,0,N,,3,1,0,0,0,1,0,2,1,3,,,,N,,,,,,,,,,,1,0,0,0,0,0,0,0,0,0,0,0,1,0,0,0,0,0,0,0,0,0,0,0,0,0,0,0,0,0,0,0,0,0,0,0,0,0,0,0,0,0,0,0,0,0,0,0,0,0,0,0,0,0,0,0,0,0,1,1,0,0,0,0,0,0,0,0,0,0,0,0,0,0,1,0,1,0,0,0,0,0,0,0,0,0,0,0,0,1,0,0,0,0,0,0,0,0,0,0,0,0,0,0,1,0,1,0,0,0,0,0,0,0,0,0,0,0,0,0,0,1,0,0,0,0,0,0,0
-8376878.71190599,4864460.89053393,126,2020097890,2230,2,0,0,0,0,0,0,0,0,7,0,,46,11,2020,5,39.989797,-75.25078,2226,6,0,0,0,0,1,0,0,0,,0,0,0,,,1,,2,,39 59:23.269,2,0,75 15:02.807,4,0,0,0,46104,0,0,0,N,0,0,0,3,46104,1,,5,2340,9,N,N,Y,0,,0,0,0,,2,N,,2,1,0,0,0,0,0,2,0,2,,,,N,,,,,,,,,,,1,0,0,0,0,0,0,0,0,0,0,0,1,0,0,0,0,0,0,0,0,0,0,1,0,0,0,0,0,0,0,0,0,0,0,0,0,0,0,1,0,0,0,1,0,0,0,0,0,1,0,0,0,0,0,1,0,0,1,1,1,0,0,0,0,0,0,1,0,0,0,0,0,0,1,0,0,0,0,0,0,0,0,1,0,0,0,0,0,0,0,0,0,0,0,0,0,0,0,1,0,0,0,0,1,0,1,0,0,0,0,1,0,0,0,0,0,0,0,0,0,1,0,1,0,0,1,0,1
-8365477.58919282,4875896.28775759,127,2020098965,0418,2,0,0,0,0,0,0,0,0,4,0,,46,11,2020,1,40.068456,-75.148362,0418,6,0,0,0,0,0,0,0,0,,0,0,0,,,1,,3,,40 04:06.442,,0,75 08:54.104,4,0,0,0,46102,0,0,0,N,0,0,0,2,46102,1,,1,,1,N,N,N,0,,0,0,0,,0,,,2,1,0,0,0,0,0,2,0,2,,98,,N,,,,,,,,,,,1,0,1,0,0,0,0,0,0,0,0,0,1,0,0,0,0,0,0,0,0,0,0,0,0,0,0,0,0,0,0,0,0,0,0,0,0,0,0,0,0,0,0,0,0,0,0,0,0,0,0,0,0,0,0,1,0,0,1,1,1,0,0,0,0,0,0,1,0,0,0,0,0,0,1,0,0,0,0,0,0,0,0,1,0,0,0,0,0,0,0,0,0,0,0,0,0,0,0,0,0,0,0,1,1,0,1,0,0,0,0,0,0,0,0,0,0,0,0,0,1,1,0,1,0,0,0,0,0
-8366820.65932838,4876890.86993255,128,2020098960,1403,1,0,0,0,0,0,0,0,0,4,0,,46,11,2020,2,40.075293,-75.160427,1401,6,0,0,0,0,0,0,0,1,,0,0,0,,,2,,2,,40 04:31.053,,0,75 09:37.536,4,0,0,0,46102,0,0,0,N,0,0,0,4,46102,2,,1,,1,N,N,N,0,,0,0,1,0,0,,,2,2,0,0,0,0,0,2,0,2,,03,,N,,,,,,,,,,,1,0,1,0,0,0,0,0,0,0,0,0,0,0,0,0,0,0,0,0,0,0,0,0,0,0,1,0,0,0,0,0,0,0,0,0,0,0,0,0,0,0,0,0,0,0,0,0,0,0,0,0,0,0,0,0,0,0,1,1,1,0,0,0,1,0,0,1,0,0,0,1,0,0,1,0,0,0,0,0,0,0,0,1,0,0,0,0,0,0,0,0,0,0,0,0,0,0,0,0,0,0,0,0,0,0,1,0,0,0,0,0,0,0,0,0,0,0,0,0,1,1,0,1,0,0,0,0,0
-8370961.18913215,4877285.26801756,129,2020096886,0336,1,0,0,0,0,0,0,0,0,7,0,,46,10,2020,6,40.078004,-75.197622,0332,6,0,0,0,0,0,0,0,0,,0,0,0,,,0,,2,,40 04:40.814,,0,75 11:51.439,0,0,0,0,46108,0,0,0,N,0,0,0,1,46108,0,,4,,1,N,N,N,0,,0,0,0,3,2,,,1,0,0,0,0,0,0,2,0,1,,,,N,,,,,,,,,,,0,1,0,0,0,0,0,0,0,0,0,0,0,0,0,0,0,0,1,0,0,0,0,0,0,0,0,1,1,0,0,0,0,0,0,0,0,0,0,1,0,0,0,0,0,0,0,0,0,0,0,0,0,0,1,1,1,0,0,0,1,0,0,0,0,0,0,1,0,1,1,0,0,0,0,0,0,0,1,0,0,0,0,0,1,0,0,0,0,0,0,0,0,0,0,0,0,0,0,1,1,0,0,0,0,0,1,0,0,0,0,1,0,0,0,0,0,0,0,0,0,1,0,1,0,0,0,0,0