X,Y,objectid,crn,arrival_tm,automobile_count,belted_death_count,belted_susp_serious_inj_count,bicycle_count,bicycle_death_count,bicycle_susp_serious_inj_count,bus_count,chldpas_death_count,chldpas_susp_serious_inj_count,collision_type,comm_veh_count,cons_zone_spd_lim,county,crash_month,crash_year,day_of_week,dec_latitude,dec_longitude,dispatch_tm,district,driver_count_16yr,driver_count_17yr,driver_count_18yr,driver_count_19yr,driver_count_20yr,driver_count_50_64yr,driver_count_65_74yr,driver_count_75plus,est_hrs_closed,fatal_count,heavy_truck_count,horse_buggy_count,hour_of_day,illumination,injury_count,intersection_related_x,intersect_type,lane_closed,latitude,ln_close_dir,location_type,longitude,max_severity_level,mcycle_death_count,mcycle_susp_serious_inj_count,motorcycle_count,municipality,nonmotr_count,nonmotr_death_count,nonmotr_susp_serious_inj_count,ntfy_hiwy_maint,ped_count,ped_death_count,ped_susp_serious_inj_count,person_count,police_agcy,possible_inj_count,rdwy_surf_type_cd,relation_to_road,roadway_cleared,road_condition,sch_bus_ind,sch_zone_ind,secondary_crash,small_truck_count,spec_juris_cd,susp_minor_inj_count,susp_serious_inj_count,suv_count,tcd_func_cd,tcd_type,tfc_detour_ind,time_of_day,total_units,tot_inj_count,unbelted_occ_count,unb_death_count,unb_susp_serious_inj_count,unk_inj_deg_count,unk_inj_per_count,urban_rural,van_count,vehicle_count,weather1,weather2,workers_pres,work_zone_ind,work_zone_loc,work_zone_type,wz_close_detour,wz_flagger,wz_law_offcr_ind,wz_ln_closure,wz_moving,wz_other,wz_shlder_mdn,wz_workers_inj_killed,aggressive_driving,alcohol_related,angle_crash,atv,atv_route,backup_congestion,backup_nonrecurring,backup_prior,bicycle,cell_phone,child_passenger,comm_vehicle,core_network,cross_median,curved_road,curve_dvr_error,deer_related,distracted,drinking_driver,driver_16yr,driver_17yr,driver_18yr,driver_19yr,driver_20yr,driver_50_64yr,driver_65_74yr,driver_75plus,drugged_driver,drug_related,fatal,fatal_or_susp_serious_inj,fatigue_asleep,federal_aid_route,fire_in_vehicle,hazardous_truck,hit_barrier,hit_bridge,hit_deer,hit_embankment,hit_fixed_object,hit_gdrail,hit_gdrail_end,hit_parked_vehicle,hit_pole,hit_roadway_equipment,hit_run,hit_temp_construction_barrier,hit_traffic_island,hit_tree_shrub,hit_utility_pole,horse_buggy,ho_oppdir_sdswp,hvy_truck_related,icy_road,illegal_drug_related,illumination_dark,impaired_driver,impaired_nonmotorist,injury,injury_or_fatal,intersection,intersection_related_y,interstate,lane_departure,left_turn,limit_65mph,limit_70mph,local_road,local_road_only,marijuana_drugged_driver,marijuana_related,mature_driver,mc_drinking_driver,motorcycle,multiple_vehicle,nhtsa_agg_driving,non_intersection,no_clearance,opioid_related,other_freeway_expressway,overturned,pedestrian,phantom_vehicle,possible_injury,property_damage_only,psp_reported,ramp,ramp_segment,ramp_terminal,rear_end,roundabout,running_red_lt,running_stop_sign,rural,school_bus,school_bus_related,school_bus_unit,school_zone,shldr_related,signalized_int,single_vehicle,snowmobile,snow_slush_road,speeding,speeding_related,speed_change_lane,state_road,stop_controlled_int,sudden_deer,suspected_minor_injury,suspected_serious_injury,sv_run_off_rd,tailgating,train,train_trolley,trolley,turnpike,unbelted,underage_drnk_drv,unlicensed,unsignalized_int,urban,vehicle_failure,vehicle_towed,vulnerable_road_user,vulnerable_road_user_fatal,wet_road,work_zone,young_driver
-8359195.49438169,4875570.60112696,130,2020098957,2312,2,0,0,0,0,0,0,0,0,4,0,,46,10,2020,7,40.066217,-75.091929,2304,6,0,1,0,0,0,1,0,0,,0,0,0,,,1,,2,,40 03:58.382,,0,75 05:30.943,8,0,0,0,46102,0,0,0,N,0,0,0,3,46102,0,,1,,1,N,N,N,0,,0,0,0,0,0,,,2,1,0,0,0,1,0,2,0,2,,03,,N,,,,,,,,,,,1,0,1,0,0,0,0,0,0,0,0,0,0,0,0,0,0,0,0,0,1,0,0,0,1,0,0,0,0,0,0,0,0,0,0,0,0,0,0,0,0,0,0,0,0,0,0,0,0,0,0,0,0,0,0,1,0,0,1,1,1,0,0,0,1,0,0,1,0,0,0,0,0,0,1,0,0,0,0,0,0,0,0,0,0,0,0,0,0,0,0,0,0,0,0,0,0,0,0,0,0,0,0,0,0,0,1,0,0,0,0,0,0,0,0,0,0,0,0,0,1,1,0,1,0,0,0,0,1
-8372764.67622677,4866994.87914786,131,2020097896,1958,1,0,0,0,0,0,0,0,0,8,0,,46,10,2020,5,40.007235,-75.213823,1955,6,0,0,0,0,0,1,0,0,,0,0,0,,,1,,1,,40 00:26.046,2,0,75 12:49.762,2,0,0,0,46104,1,0,1,N,1,0,1,2,46104,0,,3,2300,1,N,N,Y,0,,0,1,0,3,2,Y,,2,1,0,0,0,0,0,2,0,1,,03,,N,,,,,,,,,,,1,0,0,0,0,0,0,0,0,0,0,0,1,0,0,0,0,0,0,0,0,0,0,0,1,0,0,0,0,0,1,0,0,0,0,0,0,0,0,0,0,0,0,0,0,0,0,0,0,0,0,0,0,0,0,1,0,0,1,1,1,0,0,0,0,0,0,1,0,0,0,0,0,0,0,0,0,0,0,0,0,1,0,0,0,0,0,0,0,0,0,0,0,0,0,0,0,0,0,1,1,0,0,0,0,0,1,0,0,0,1,1,0,0,0,0,0,0,0,0,0,1,0,1,1,0,0,0,0
-8364171.03182244,4874944.71289098,132,2020098970,0913,2,0,0,0,0,0,0,0,0,4,0,,46,11,2020,4,40.061914,-75.136625,0859,6,0,0,0,0,0,0,0,1,,0,0,0,,,2,,1,,40 03:42.889,2,0,75 08:11.849,8,0,0,0,46102,0,0,0,N,0,0,0,3,46102,0,,1,945,1,N,N,N,0,,0,0,0,3,2,N,,2,2,0,0,0,2,0,2,0,2,,04,,N,,,,,,,,,,,0,0,1,0,0,0,0,0,0,0,0,0,1,0,0,0,0,0,0,0,0,0,0,0,0,0,1,0,0,0,0,0,0,0,0,0,0,0,0,0,0,0,0,0,0,0,0,0,0,0,0,0,0,0,0,0,0,0,1,1,1,0,0,0,1,0,0,1,0,0,0,1,0,0,1,0,0,0,0,0,0,0,0,0,0,0,0,0,0,0,0,0,0,0,0,0,0,0,0,1,0,0,0,0,0,0,1,0,0,0,0,0,0,0,0,0,0,0,0,0,0,1,0,1,0,0,0,0,0
-8366114.55954286,4876371.9639738,133,2020085189,1625,2,0,0,0,0,0,0,0,0,4,0,,46,10,2020,2,40.071726,-75.154084,1622,6,0,0,1,0,0,0,0,0,,0,0,0,,,0,,1,,40 04:18.214,4,0,75 09:14.704,0,0,0,0,46102,0,0,0,N,0,0,0,2,46102,0,,1,30,9,N,N,N,0,,0,0,0,3,2,N,,2,0,0,0,0,0,0,2,0,2,,04,,N,,,,,,,,,,,0,0,1,0,0,0,0,0,0,0,0,0,1,0,0,0,0,0,0,0,0,1,0,0,0,0,0,0,0,0,0,0,0,0,0,0,0,0,0,0,0,0,0,0,0,0,0,0,0,0,0,0,0,0,0,0,0,0,0,0,1,0,0,0,1,0,0,0,0,0,0,0,0,0,1,0,0,0,0,0,0,0,0,0,1,0,0,0,0,0,0,0,0,0,0,0,0,0,0,1,0,0,0,0,0,0,1,0,0,0,0,0,0,0,0,0,0,0,0,0,0,1,0,1,0,0,1,0,1
-8367879.53066788,4877686.22923915,134,2020110535,2102,0,0,0,0,0,0,0,0,0,4,0,,46,12,2020,6,40.08076,-75.169939,2058,6,0,0,0,0,0,0,0,0,,0,0,0,,,1,,1,,40 04:50.736,4,0,75 10:11.782,4,0,0,0,46102,0,0,0,N,0,0,0,4,46102,1,,1,2137,6,N,N,N,0,,0,0,2,3,2,N,,2,1,0,0,0,0,0,2,0,2,,,,N,,,,,,,,,,,1,0,1,0,0,0,0,0,0,0,0,0,0,0,0,0,0,0,0,0,0,0,0,0,0,0,0,0,0,0,0,0,0,0,0,0,0,0,0,0,0,0,0,0,0,0,0,0,0,0,0,0,0,0,0,1,0,0,1,1,1,0,0,0,1,0,0,1,0,0,0,0,0,0,1,0,0,0,0,0,0,0,0,1,0,0,0,0,0,0,0,0,0,0,0,0,0,0,0,1,0,0,1,0,0,0,1,0,0,0,0,0,0,0,0,0,0,0,0,0,0,1,0,1,0,0,0,0,0
-8374164.63054531,4866125.97277308,135,2020094150,1512,2,0,0,0,0,0,0,0,0,4,0,,46,10,2020,2,40.001256,-75.226399,1512,6,0,0,1,0,0,0,0,0,,0,0,0,,,2,,1,,40 00:04.521,2,0,75 13:35.036,4,0,0,0,46104,0,0,0,N,0,0,0,2,46104,2,,1,30,9,N,N,N,0,,0,0,0,3,2,N,,2,2,0,0,0,0,0,2,0,2,,,,N,,,,,,,,,,,1,0,1,0,0,0,0,0,0,0,0,0,1,0,0,0,0,0,0,0,0,1,0,0,0,0,0,0,0,0,0,0,0,0,0,0,0,0,0,0,0,0,0,0,0,0,0,0,0,0,0,0,0,0,0,0,0,0,1,1,1,0,0,0,1,0,0,1,0,0,0,0,0,0,1,0,0,0,0,0,0,0,0,1,0,0,0,0,0,0,0,0,0,0,0,0,0,0,0,1,0,0,0,0,0,0,1,0,0,0,0,0,0,0,0,0,0,0,0,0,0,1,0,1,0,0,1,0,1
-8357467.70419037,4878635.74001016,136,2020101858,1147,1,0,0,0,0,0,0,0,0,7,0,,46,11,2020,5,40.087286,-75.076408,1145,6,0,0,0,1,0,0,0,0,,0,0,0,,,0,N,0,,40 05:14.230,6,0,75 04:35.070,0,0,0,0,46101,0,0,0,N,0,0,0,1,46101,0,,4,1215,9,N,N,N,0,,0,0,0,0,0,Y,,1,0,0,0,0,0,0,2,0,1,,07,,N,,,,,,,,,,,1,0,0,0,0,0,0,0,0,0,0,0,0,0,1,0,0,0,0,0,0,0,1,0,0,0,0,0,0,0,0,0,0,0,0,0,0,0,0,1,1,0,0,0,0,0,0,0,0,0,0,0,0,0,0,0,0,0,0,0,0,0,0,1,0,0,0,1,1,0,0,0,0,0,0,0,1,0,0,0,0,0,0,0,1,0,0,0,0,0,0,0,0,0,0,0,0,0,0,0,1,0,0,0,1,0,0,0,0,0,0,1,0,0,0,0,0,0,0,0,0,1,0,1,0,0,1,0,1
-8366820.65932838,4876890.86993255,137,2020108300,1727,1,0,0,0,0,0,0,0,0,5,0,,46,12,2020,4,40.075293,-75.160427,1721,6,0,0,0,0,0,1,0,0,,0,0,0,,,1,,1,,40 04:31.053,,0,75 09:37.536,8,0,0,0,46102,0,0,0,N,0,0,0,2,46102,0,,1,,1,N,N,N,1,,0,0,0,3,2,,,2,1,0,0,0,1,0,2,0,2,,,,N,,,,,,,,,,,1,0,0,0,0,0,0,0,0,0,0,0,0,0,0,0,0,0,0,0,0,0,0,0,1,0,0,0,0,0,0,0,0,0,0,0,0,0,0,0,0,0,0,0,0,0,0,0,0,0,0,0,0,0,0,1,0,0,1,1,1,0,0,0,0,0,0,1,0,0,0,0,0,0,1,0,0,0,0,0,0,0,0,0,0,0,0,0,0,0,0,0,0,0,0,0,0,0,0,1,0,0,0,0,0,0,1,0,0,0,0,0,0,0,0,0,0,0,0,0,0,1,0,0,0,0,0,0,0
-8357475.16259639,4878629.62880293,138,2020109257,1553,1,0,0,0,0,0,0,0,0,7,0,,46,12,2020,4,40.087244,-75.076475,1539,6,0,0,0,0,0,0,0,0,,0,0,0,,,0,N,0,,40 05:14.080,,0,75 04:35.310,0,0,0,0,46101,0,0,0,N,0,0,0,1,46101,0,,4,,6,N,N,N,0,,0,0,0,0,0,,,1,0,0,0,0,0,0,2,0,1,,,,N,,,,,,,,,,,1,0,0,0,0,0,0,0,0,0,0,0,0,0,1,0,0,0,0,0,0,0,0,0,0,0,0,0,0,0,0,0,0,0,0,0,0,0,0,1,1,0,0,0,0,0,0,0,0,0,0,0,0,0,0,0,0,0,0,0,0,0,0,1,0,0,0,1,1,0,0,0,0,0,0,0,1,0,0,0,0,0,0,0,1,0,0,0,0,0,0,0,0,0,0,0,0,0,0,0,1,0,1,0,1,0,0,0,0,0,0,1,0,0,0,0,0,0,0,0,0,1,0,1,0,0,0,0,0
-8377234.48905252,4864243.82131369,139,2020107682,0920,2,0,0,0,0,0,0,0,0,4,0,,46,11,2020,1,39.988303,-75.253976,0914,6,0,0,0,0,0,1,0,0,,0,0,0,,,0,,1,,39 59:17.892,,0,75 15:14.313,9,0,0,0,46104,0,0,0,N,0,0,0,2,46104,0,,1,,1,N,N,N,0,,0,0,0,3,2,,,2,0,0,0,0,0,1,2,0,2,,,,N,,,,,,,,,,,1,0,1,0,0,0,0,0,0,0,0,0,1,0,0,0,0,0,0,0,0,0,0,0,1,0,0,0,0,0,0,0,0,0,0,0,0,0,0,0,0,0,0,0,0,1,0,0,0,0,0,0,0,0,0,0,0,0,0,0,1,0,0,0,1,0,0,1,0,0,0,0,0,0,1,0,0,0,0,0,0,0,0,0,0,0,0,0,0,0,0,1,0,0,0,0,0,0,0,1,0,0,0,0,0,0,1,0,0,0,0,0,0,0,0,0,0,0,0,0,0,1,0,1,0,0,0,0,0
-8365290.46100485,4875755.33484922,140,2020108298,0700,2,0,0,0,0,0,0,0,0,4,0,,46,12,2020,5,40.067487,-75.146681,0650,6,0,0,0,0,0,1,0,0,,0,0,0,,,0,,1,,40 04:02.952,,0,75 08:48.051,9,0,0,0,46102,0,0,0,N,0,0,0,2,46102,0,,1,,1,N,N,N,0,,0,0,0,3,2,,,2,0,0,0,0,0,1,2,0,2,,03,,N,,,,,,,,,,,1,0,1,0,0,0,0,0,0,0,0,0,1,0,0,0,0,0,0,0,0,0,0,0,1,0,0,0,0,0,0,0,0,0,0,0,0,0,0,0,0,0,0,0,0,1,0,0,0,0,0,0,0,0,0,1,0,0,0,0,1,0,0,0,1,0,0,1,0,0,0,0,0,0,1,0,0,0,0,0,0,0,0,0,0,0,0,0,0,0,0,0,0,0,0,0,0,0,0,1,0,0,0,0,0,0,1,0,0,0,0,0,0,0,0,0,0,0,0,0,0,1,0,1,0,0,0,0,0
-8379725.04070373,4862612.61170782,141,2020109568,1515,1,0,0,0,0,0,1,0,0,1,1,,46,12,2020,6,39.977075,-75.276349,1511,6,0,0,0,0,0,0,1,1,,0,0,0,,,0,N,0,,39 58:37.470,,0,75 16:34.856,0,0,0,0,46104,0,0,0,N,0,0,0,6,46104,0,,1,,1,Y,N,N,0,,0,0,0,3,2,,,2,0,0,0,0,0,0,2,0,2,,03,,N,,,,,,,,,,,0,0,0,0,0,0,0,0,0,0,1,1,1,0,0,0,0,0,0,0,0,0,0,0,0,1,1,0,0,0,0,0,0,0,0,0,0,0,0,0,0,0,0,0,0,0,0,0,0,0,0,0,0,0,0,0,0,0,0,0,0,0,0,0,0,0,0,0,0,0,0,1,0,0,1,0,1,0,0,0,0,0,0,0,1,0,0,0,0,1,0,0,0,0,1,1,1,0,0,0,0,0,0,0,0,0,1,0,0,0,0,0,0,0,0,0,0,0,0,0,0,1,0,1,0,0,0,0,0
-8362995.38632434,4873998.46508457,142,2020108299,1045,1,0,0,0,0,0,0,0,0,4,0,,46,12,2020,7,40.055408,-75.126064,1042,6,0,0,0,0,0,2,0,0,,0,0,0,,,1,N,0,,40 03:19.470,,0,75 07:33.830,3,0,0,0,46102,0,0,0,N,0,0,0,6,46102,0,,1,,9,N,N,N,0,,1,0,3,0,0,,,4,1,0,0,0,0,0,2,0,4,,,,N,,,,,,,,,,,1,0,1,0,0,0,0,0,0,0,0,0,0,0,0,0,0,0,0,0,0,0,0,0,1,0,0,0,0,0,0,0,0,0,0,0,0,0,0,0,0,0,1,0,0,0,0,0,0,0,0,0,0,0,0,0,0,0,1,1,0,0,0,0,0,0,0,1,1,0,0,0,0,0,1,0,1,0,0,0,0,0,0,0,0,0,0,0,0,0,0,0,0,0,0,0,0,0,0,0,0,0,0,1,1,0,0,0,0,1,0,0,0,0,0,0,0,0,0,0,0,1,0,1,0,0,1,0,0
-8357467.70419037,4878635.74001016,143,2020103208,1603,1,0,0,0,0,0,0,0,0,7,0,,46,11,2020,2,40.087286,-75.076408,1557,6,0,0,0,0,0,0,0,0,,0,0,0,,,0,N,0,,40 05:14.230,,3,75 04:35.070,0,0,0,0,46101,0,0,0,N,0,0,0,1,46101,0,,5,,9,N,N,N,0,,0,0,0,0,0,,,1,0,0,0,0,0,0,2,0,1,,07,,N,,,,,,,,,,,0,0,0,0,0,0,0,0,0,0,0,0,0,0,1,0,0,0,0,0,0,0,0,0,0,0,0,0,0,0,0,0,0,0,0,0,0,0,0,1,0,0,0,0,0,0,0,0,0,0,0,0,0,0,0,0,0,0,0,0,0,0,0,1,0,0,0,1,1,0,0,0,0,0,0,0,1,0,0,0,0,0,0,0,1,0,0,0,0,0,0,0,0,0,0,0,0,0,0,0,1,0,0,0,0,0,0,0,0,0,0,1,0,0,0,0,0,0,0,0,0,1,0,1,0,0,1,0,0
-8362557.12129984,4873673.85852938,144,2020103209,1124,1,0,0,0,0,0,0,0,0,7,0,,46,11,2020,2,40.053176,-75.122127,1120,6,0,0,0,0,0,0,0,0,,0,0,0,,,1,,2,,40 03:11.434,4,0,75 07:19.656,3,0,0,0,46102,0,0,0,N,0,0,0,1,46102,0,,4,1145,9,N,N,N,0,,1,0,0,3,2,Y,,1,1,0,0,0,0,0,2,0,1,,,,N,,,,,,,,,,,0,0,0,0,0,0,0,0,0,0,0,0,0,0,1,0,0,0,0,0,0,0,0,0,0,0,0,0,0,0,0,0,0,0,0,0,0,0,0,1,0,0,0,1,0,0,0,0,0,1,0,0,0,0,0,0,0,0,1,1,1,0,0,0,1,0,0,1,0,0,0,0,0,0,0,0,0,0,0,0,0,0,0,0,0,0,0,0,0,0,0,0,0,0,0,0,0,0,0,1,1,0,0,0,0,0,1,0,0,1,0,1,0,0,0,0,0,0,0,0,0,1,1,1,0,0,1,0,0
-8364412.26126613,4875105.43563045,145,2020105448,2150,3,0,0,0,0,0,0,0,0,1,0,,46,12,2020,1,40.063019,-75.138792,2146,6,0,0,0,0,0,1,0,0,,0,0,0,,,0,,2,,40 03:46.869,3,0,75 08:19.650,0,0,0,0,46102,0,0,0,N,0,0,0,5,46102,0,,1,2225,1,N,N,N,0,,0,0,0,,2,N,,3,0,0,0,0,0,0,2,0,3,,,,N,,,,,,,,,,,0,0,0,0,0,0,0,0,0,0,0,0,1,0,0,0,0,1,0,0,0,0,0,0,1,0,0,0,0,0,0,0,0,0,0,0,0,0,0,0,0,0,0,0,0,0,0,0,0,0,0,0,0,0,0,1,0,0,0,0,1,0,0,0,0,0,0,1,0,0,0,0,0,0,1,0,0,0,0,0,0,0,0,0,1,0,0,0,0,1,0,0,0,0,0,0,0,0,0,1,0,0,0,0,0,0,1,0,0,0,0,0,0,0,0,0,0,0,0,0,0,1,0,1,0,0,0,0,0
-8374634.62155852,4865843.62008702,146,2020103004,1234,0,0,0,0,0,0,0,0,0,4,0,,46,11,2020,5,39.999313,-75.230621,1228,6,0,0,0,0,0,1,0,0,,0,0,0,,,1,N,0,,39 59:57.527,2,0,75 13:50.235,4,0,0,0,46104,0,0,0,N,0,0,0,2,46104,1,,1,1305,1,N,N,Y,0,,0,0,2,,0,N,,2,1,0,0,0,0,0,2,0,2,,03,,N,,,,,,,,,,,0,0,1,0,0,0,0,0,0,0,0,0,1,0,0,0,0,0,0,0,0,0,0,0,1,0,0,0,0,0,0,0,0,0,0,0,0,0,0,0,0,0,0,1,0,0,0,0,0,1,0,0,0,0,0,0,0,0,1,1,0,0,0,1,0,0,0,0,0,0,0,0,0,0,1,0,1,0,0,0,0,0,0,1,0,0,0,0,0,0,0,0,0,0,0,0,0,0,0,0,0,0,0,0,0,0,1,0,0,0,0,0,0,0,0,0,0,0,0,0,0,1,0,1,0,0,0,0,0
-8365246.93507056,4875737.4431679,147,2020108301,0740,2,0,0,0,0,0,0,0,0,2,0,,46,12,2020,6,40.067364,-75.14629,0736,6,0,0,0,0,0,0,0,0,,0,1,0,,,2,N,0,,40 04:02.511,,0,75 08:46.644,3,0,0,0,46102,0,0,0,N,0,0,0,2,46102,0,,1,,1,N,N,N,0,,2,0,0,,0,,,3,2,0,0,0,0,0,2,0,3,,03,,N,,,,,,,,,,,0,0,0,0,0,0,0,0,0,0,0,0,1,1,0,0,0,0,0,0,0,0,0,0,0,0,0,0,0,0,0,0,0,0,0,0,0,0,0,0,0,0,0,0,0,1,0,0,0,0,0,1,1,0,0,0,0,0,1,1,0,0,0,1,0,0,0,0,0,0,0,0,0,0,1,0,1,0,0,0,0,0,0,0,0,0,0,0,0,0,0,0,0,0,0,0,0,0,0,0,0,0,0,0,0,0,1,0,0,1,0,0,0,0,0,0,0,0,0,0,0,1,0,1,0,0,0,0,0
-8377234.48905252,4864243.82131369,148,2020087597,1413,0,0,0,0,0,0,0,0,0,4,0,,46,10,2020,4,39.988303,-75.253976,1411,6,0,0,0,0,0,1,0,0,,0,0,0,,,0,,1,,39 59:17.892,4,0,75 15:14.313,0,0,0,0,46104,0,0,0,N,0,0,0,2,46104,0,,1,30,1,N,N,N,1,,0,0,1,,2,N,,2,0,0,0,0,0,0,2,0,2,,,,N,,,,,,,,,,,1,0,1,0,0,0,0,0,0,0,0,0,1,0,0,0,0,0,0,0,0,0,0,0,1,0,0,0,0,0,0,0,0,0,0,0,0,0,0,0,0,0,0,0,0,0,0,0,0,0,0,0,0,0,0,0,0,0,0,0,1,0,0,0,1,0,0,1,0,0,0,0,0,0,1,0,0,0,0,0,0,0,0,0,1,0,0,0,0,0,0,0,0,0,0,0,0,0,0,1,0,0,0,0,0,0,1,0,0,0,0,0,0,0,0,0,0,0,0,0,0,1,0,1,0,0,0,0,0
-8372430.27238241,4867201.39913218,149,2020083398,1930,3,0,0,0,0,0,0,0,0,4,0,,46,10,2020,1,40.008656,-75.210819,1926,6,0,0,0,0,0,0,0,0,,0,0,0,,,0,,1,,40 00:31.160,4,0,75 12:38.950,9,0,0,0,46104,0,0,0,N,0,0,0,3,46104,0,,1,2030,1,N,N,N,0,,0,0,0,,2,N,,3,0,0,0,0,0,1,2,0,3,,03,,N,,,,,,,,,,,1,0,1,0,0,0,0,0,0,0,0,0,1,0,0,0,0,0,0,0,0,0,0,0,0,0,0,0,0,0,0,0,0,0,0,0,0,0,0,0,0,0,0,0,0,1,0,0,0,0,0,0,0,0,0,1,0,0,0,0,1,0,0,0,1,0,0,1,0,0,0,0,0,0,1,0,0,0,0,0,0,0,0,0,0,0,0,0,0,0,0,0,0,0,0,0,0,0,0,1,0,0,0,0,0,0,1,0,0,0,0,0,0,0,0,0,0,0,0,0,0,1,0,1,0,0,0,0,0
-8375880.95497763,4865079.14274042,150,2020095280,0141,2,0,0,0,0,0,0,0,0,1,0,35,46,10,2020,1,39.994052,-75.241817,0141,6,0,0,0,0,0,1,0,0,,0,0,0,,,0,N,0,,39 59:38.586,2,0,75 14:30.541,9,0,0,0,46104,0,0,0,N,0,0,0,2,46104,0,,1,2019,1,N,N,N,0,,0,0,0,,2,N,,2,0,0,0,0,0,1,2,0,2,,03,N,Y,4,3,N,N,N,N,N,N,Y,N,1,0,0,0,0,0,0,0,0,0,0,0,1,0,0,0,0,0,0,0,0,0,0,0,1,0,0,0,0,0,0,0,0,0,0,0,0,0,0,0,0,0,0,0,0,1,0,0,0,0,0,0,0,0,0,1,0,0,0,0,0,0,0,0,0,0,0,0,0,0,0,0,0,0,1,1,1,0,0,0,0,0,0,0,0,0,0,0,0,1,0,1,0,0,0,0,0,0,0,0,0,0,0,0,1,0,1,0,0,0,0,0,0,0,0,0,0,0,0,0,0,1,0,1,0,0,0,1,0
-8364594.71403631,4875234.45201081,151,2020102714,0741,1,0,0,0,0,0,0,0,0,4,0,,46,11,2020,2,40.063906,-75.140431,0737,6,0,0,0,0,0,1,0,0,,0,0,0,,,3,N,0,,40 03:50.061,6,7,75 08:25.552,8,0,0,0,46102,0,0,0,N,0,0,0,3,46102,0,,1,830,9,N,N,N,0,,0,0,1,,3,Y,,2,3,0,0,0,3,0,2,0,2,,,,N,,,,,,,,,,,1,0,1,0,0,0,0,0,0,0,1,0,1,0,0,0,0,0,0,0,0,0,0,0,1,0,0,0,0,0,0,0,0,0,0,0,0,0,0,0,0,1,0,0,0,0,0,0,0,0,0,0,0,0,0,0,0,0,1,1,0,0,0,0,0,0,0,0,0,0,0,0,0,0,1,0,1,0,0,0,0,0,0,0,0,0,0,0,0,0,0,0,0,0,0,0,0,0,0,0,0,0,0,0,0,0,1,0,0,0,0,0,0,0,0,0,0,0,0,0,0,1,0,1,0,0,1,0,0
-8372430.27238241,4867201.39913218,152,2020077496,2011,1,0,0,0,0,0,0,0,0,4,0,,46,9,2020,6,40.008656,-75.210819,2008,6,0,0,0,0,0,1,0,0,,0,0,0,,,0,,1,,40 00:31.160,2,0,75 12:38.950,0,0,0,0,46104,0,0,0,N,0,0,0,2,46104,0,,1,30,1,N,N,N,0,,0,0,1,,2,N,,2,0,0,0,0,0,0,2,0,2,,,,N,,,,,,,,,,,0,0,1,0,0,0,0,0,0,0,0,0,1,0,0,0,0,0,0,0,0,0,0,0,1,0,0,0,0,0,0,0,0,0,0,0,0,0,0,0,0,0,0,0,0,0,0,0,0,0,0,0,0,0,0,1,0,0,0,0,1,0,0,0,0,0,0,1,0,0,0,0,0,0,1,0,0,0,0,0,0,0,0,0,1,0,0,0,0,0,0,0,0,0,0,0,0,0,0,1,0,0,0,0,0,0,1,0,0,0,0,0,0,0,0,0,0,0,0,0,0,1,0,1,0,0,0,0,0
-8376878.71190599,4864460.89053393,153,2020085052,2155,2,0,0,0,0,0,0,0,0,4,0,,46,9,2020,7,39.989797,-75.25078,2150,6,0,0,0,0,0,1,0,0,,0,0,0,,,1,,2,,39 59:23.269,2,0,75 15:02.807,3,0,0,0,46104,0,0,0,N,0,0,0,3,46104,0,,1,2205,1,N,N,N,0,,1,0,0,,2,N,,2,1,1,0,0,0,0,2,0,2,,,,N,,,,,,,,,,,1,0,1,0,0,0,0,0,0,0,0,0,1,0,0,0,0,0,0,0,0,0,0,0,1,0,0,0,0,0,0,0,0,0,0,0,0,0,0,0,0,0,0,0,0,1,0,0,0,0,0,0,0,0,0,1,0,0,1,1,1,0,0,0,1,0,0,1,0,0,0,0,0,0,1,0,0,0,0,0,0,0,0,0,0,0,0,0,0,0,0,0,0,0,0,0,0,0,0,1,0,0,0,0,0,0,1,0,0,1,0,0,0,0,0,0,0,1,0,0,0,1,0,0,0,0,0,0,0
-8376361.96667879,4864781.2725461,154,2020075116,2058,3,0,0,0,0,0,0,0,0,1,0,,46,9,2020,4,39.992002,-75.246138,2054,6,0,0,0,0,1,1,0,0,,0,0,0,,,0,N,0,,39 59:31.207,,0,75 14:46.096,0,0,0,0,46104,0,0,0,N,0,0,0,4,46104,0,,1,,1,N,N,N,0,,0,0,0,,0,,,3,0,0,0,0,0,0,2,0,3,,03,,N,,,,,,,,,,,0,0,0,0,0,0,0,0,0,0,0,0,0,0,0,0,0,0,0,0,0,0,0,1,1,0,0,0,0,0,0,0,0,0,0,0,0,0,0,0,0,0,0,0,0,0,0,0,0,0,0,0,0,0,0,1,0,0,0,0,0,0,0,0,0,0,0,1,1,0,0,0,0,0,1,0,1,0,0,0,0,0,0,0,1,0,0,0,0,1,0,0,0,0,0,0,0,0,0,0,0,0,0,0,0,0,0,0,0,0,0,0,0,0,0,0,0,0,0,0,0,1,0,1,0,0,0,0,1