X,Y,objectid,crn,arrival_tm,automobile_count,belted_death_count,belted_susp_serious_inj_count,bicycle_count,bicycle_death_count,bicycle_susp_serious_inj_count,bus_count,chldpas_death_count,chldpas_susp_serious_inj_count,collision_type,comm_veh_count,cons_zone_spd_lim,county,crash_month,crash_year,day_of_week,dec_latitude,dec_longitude,dispatch_tm,district,driver_count_16yr,driver_count_17yr,driver_count_18yr,driver_count_19yr,driver_count_20yr,driver_count_50_64yr,driver_count_65_74yr,driver_count_75plus,est_hrs_closed,fatal_count,heavy_truck_count,horse_buggy_count,hour_of_day,illumination,injury_count,intersection_related_x,intersect_type,lane_closed,latitude,ln_close_dir,location_type,longitude,max_severity_level,mcycle_death_count,mcycle_susp_serious_inj_count,motorcycle_count,municipality,nonmotr_count,nonmotr_death_count,nonmotr_susp_serious_inj_count,ntfy_hiwy_maint,ped_count,ped_death_count,ped_susp_serious_inj_count,person_count,police_agcy,possible_inj_count,rdwy_surf_type_cd,relation_to_road,roadway_cleared,road_condition,sch_bus_ind,sch_zone_ind,secondary_crash,small_truck_count,spec_juris_cd,susp_minor_inj_count,susp_serious_inj_count,suv_count,tcd_func_cd,tcd_type,tfc_detour_ind,time_of_day,total_units,tot_inj_count,unbelted_occ_count,unb_death_count,unb_susp_serious_inj_count,unk_inj_deg_count,unk_inj_per_count,urban_rural,van_count,vehicle_count,weather1,weather2,workers_pres,work_zone_ind,work_zone_loc,work_zone_type,wz_close_detour,wz_flagger,wz_law_offcr_ind,wz_ln_closure,wz_moving,wz_other,wz_shlder_mdn,wz_workers_inj_killed,aggressive_driving,alcohol_related,angle_crash,atv,atv_route,backup_congestion,backup_nonrecurring,backup_prior,bicycle,cell_phone,child_passenger,comm_vehicle,core_network,cross_median,curved_road,curve_dvr_error,deer_related,distracted,drinking_driver,driver_16yr,driver_17yr,driver_18yr,driver_19yr,driver_20yr,driver_50_64yr,driver_65_74yr,driver_75plus,drugged_driver,drug_related,fatal,fatal_or_susp_serious_inj,fatigue_asleep,federal_aid_route,fire_in_vehicle,hazardous_truck,hit_barrier,hit_bridge,hit_deer,hit_embankment,hit_fixed_object,hit_gdrail,hit_gdrail_end,hit_parked_vehicle,hit_pole,hit_roadway_equipment,hit_run,hit_temp_construction_barrier,hit_traffic_island,hit_tree_shrub,hit_utility_pole,horse_buggy,ho_oppdir_sdswp,hvy_truck_related,icy_road,illegal_drug_related,illumination_dark,impaired_driver,impaired_nonmotorist,injury,injury_or_fatal,intersection,intersection_related_y,interstate,lane_departure,left_turn,limit_65mph,limit_70mph,local_road,local_road_only,marijuana_drugged_driver,marijuana_related,mature_driver,mc_drinking_driver,motorcycle,multiple_vehicle,nhtsa_agg_driving,non_intersection,no_clearance,opioid_related,other_freeway_expressway,overturned,pedestrian,phantom_vehicle,possible_injury,property_damage_only,psp_reported,ramp,ramp_segment,ramp_terminal,rear_end,roundabout,running_red_lt,running_stop_sign,rural,school_bus,school_bus_related,school_bus_unit,school_zone,shldr_related,signalized_int,single_vehicle,snowmobile,snow_slush_road,speeding,speeding_related,speed_change_lane,state_road,stop_controlled_int,sudden_deer,suspected_minor_injury,suspected_serious_injury,sv_run_off_rd,tailgating,train,train_trolley,trolley,turnpike,unbelted,underage_drnk_drv,unlicensed,unsignalized_int,urban,vehicle_failure,vehicle_towed,vulnerable_road_user,vulnerable_road_user_fatal,wet_road,work_zone,young_driver
-8367879.53066788,4877686.22923915,285,2021059740,1332,2,0,0,0,0,0,0,0,0,4,0,,46,6,2021,1,40.08076,-75.169939,1305,6,0,0,0,0,0,1,0,0,,0,0,0,,,0,,2,,40 04:50.736,,7,75 10:11.782,0,0,0,0,46102,0,0,0,N,0,0,0,3,46102,0,,1,,1,N,N,N,0,,0,0,0,,2,,,2,0,0,0,0,0,0,2,0,2,,03,,N,,,,,,,,,,,0,0,1,0,0,0,0,0,0,0,0,0,0,0,0,0,0,0,0,0,0,0,0,0,1,0,0,0,0,0,0,0,0,0,0,0,0,0,0,0,0,0,0,0,0,0,0,0,0,0,0,0,0,0,0,0,0,0,0,0,1,0,0,0,1,0,0,1,0,0,0,0,0,0,1,0,0,0,0,0,0,0,0,0,1,0,0,0,0,0,0,0,0,0,0,0,0,0,0,1,0,0,0,0,0,0,1,0,0,0,0,0,0,0,0,0,0,0,0,0,0,1,0,1,0,0,0,0,0
-8372430.27238241,4867201.39913218,286,2021069280,1609,0,0,0,0,0,0,0,0,0,4,0,,46,7,2021,7,40.008656,-75.210819,1606,6,0,0,0,0,1,1,0,0,,0,0,0,,,3,,1,,40 00:31.160,2,0,75 12:38.950,8,0,0,0,46104,0,0,0,N,0,0,0,5,46104,0,,1,1638,1,N,N,N,0,,0,0,2,,2,N,,2,3,0,0,0,3,0,2,0,2,,,,N,,,,,,,,,,,1,0,1,0,0,0,0,0,0,0,0,0,1,0,0,0,0,0,0,0,0,0,0,1,1,0,0,0,0,0,0,0,0,0,0,0,0,0,0,0,0,0,0,0,0,0,0,0,0,0,0,0,0,0,0,0,0,0,1,1,1,0,0,0,1,0,0,1,0,0,0,0,0,0,1,0,0,0,0,0,0,0,0,0,0,0,0,0,0,0,0,0,0,0,0,0,0,0,0,1,0,0,0,0,0,0,1,0,0,0,0,0,0,0,0,0,0,0,0,0,0,1,0,1,0,0,0,0,1
-8364181.94120389,4874938.60397398,287,2021059738,0502,1,0,0,0,0,0,0,0,0,1,0,,46,6,2021,6,40.061872,-75.136723,0500,6,0,0,0,0,0,0,0,0,,0,0,0,,,1,,1,,40 03:42.740,2,2,75 08:12.202,4,0,0,1,46102,0,0,0,N,0,0,0,2,46102,1,,1,520,1,N,N,N,0,,0,0,0,,2,N,,2,1,0,0,0,0,0,2,0,2,,,,N,,,,,,,,,,,0,0,0,0,0,0,0,0,0,0,0,0,0,0,0,0,0,0,0,0,0,0,0,0,0,0,0,0,0,0,0,1,0,0,0,0,0,0,0,0,0,0,0,0,0,0,0,0,0,0,0,0,0,0,0,0,0,0,1,1,1,0,0,0,0,0,0,1,0,0,0,0,0,1,1,0,0,0,0,0,0,0,0,1,0,0,0,0,0,1,0,0,0,0,0,0,0,0,0,1,0,0,0,0,0,0,1,0,0,0,0,0,0,0,0,0,0,0,0,0,0,1,0,1,0,0,0,0,0
-8374622.15444849,4878452.26101343,288,2021113633,0938,1,0,0,0,0,0,0,0,0,8,0,,46,11,2021,5,40.086025,-75.230509,0936,6,0,0,0,0,0,0,0,0,,0,0,0,,,1,N,1,,40 05:09.690,,0,75 13:49.832,3,0,0,0,46108,1,0,0,N,1,0,0,2,46108,0,,1,,1,N,N,N,0,,1,0,0,,2,,,2,1,0,0,0,0,0,2,0,1,,,,N,,,,,,,,,,,0,0,0,0,0,0,0,0,0,0,0,0,0,0,0,0,0,0,0,0,0,0,0,0,0,0,0,0,0,0,0,0,0,0,0,0,0,0,0,0,0,0,0,0,0,0,0,0,0,0,0,0,0,0,0,0,0,0,1,1,1,0,0,0,0,0,0,1,0,0,0,0,0,0,0,0,0,0,0,0,0,1,0,0,0,0,0,0,0,0,0,0,0,0,0,0,0,0,0,1,1,0,0,0,0,0,1,0,0,1,0,0,0,0,0,0,0,0,0,0,0,1,0,0,1,0,0,0,0
-8373369.1413316,4866613.24274894,289,2021122657,1800,2,0,0,0,0,0,0,0,0,4,0,,46,11,2021,5,40.004609,-75.219253,1800,6,0,0,0,0,0,0,0,0,,0,0,0,,,0,,2,,40 00:16.592,,0,75 13:09.310,0,0,0,0,46104,0,0,0,N,0,0,0,2,46104,0,,1,,1,N,N,N,0,,0,0,0,,0,,,2,0,0,0,0,0,0,2,0,2,,03,,N,,,,,,,,,,,1,0,1,0,0,0,0,0,0,0,0,0,1,0,0,0,0,0,0,0,0,0,0,0,0,0,0,0,0,0,0,0,0,0,0,0,0,0,0,0,0,0,0,0,0,0,0,0,0,0,0,0,0,0,0,1,0,0,0,0,1,0,0,0,1,0,0,1,0,0,0,0,0,0,1,0,0,0,0,0,0,0,0,0,1,0,0,0,0,0,0,0,0,0,0,0,0,0,0,0,0,0,0,0,0,0,1,0,0,0,0,0,0,0,0,0,0,0,0,0,1,1,0,1,0,0,0,0,0
-8370662.63012097,4877070.53652609,290,2021110879,1708,2,0,0,0,0,0,0,0,0,4,0,,46,11,2021,6,40.076528,-75.19494,1704,6,0,0,0,0,0,0,0,0,,0,0,0,,,2,N,1,,40 04:35.501,3,0,75 11:41.783,8,0,0,0,46108,0,0,0,N,0,0,0,4,46108,0,,1,1800,9,N,N,N,0,,0,0,0,,2,N,,2,2,0,0,0,2,0,2,0,2,,,,N,,,,,,,,,,,1,0,1,0,0,0,0,0,0,0,0,0,0,0,0,0,0,0,0,0,0,0,0,0,0,0,0,0,0,0,0,0,0,0,0,0,0,0,0,0,0,0,0,0,0,0,0,0,0,0,0,0,0,0,0,1,0,0,1,1,1,0,0,0,1,0,0,1,0,0,0,0,0,0,1,0,0,0,0,0,0,0,0,0,0,0,0,0,0,0,0,1,0,0,0,0,0,0,0,1,0,0,0,0,0,0,1,0,0,0,0,0,0,0,0,0,0,0,0,0,0,1,0,1,0,0,1,0,0
-8373291.21754029,4866668.32188033,291,2021121213,1522,2,0,0,0,0,0,0,0,0,1,0,,46,12,2021,6,40.004988,-75.218553,1516,6,0,0,0,0,0,0,0,0,,0,0,0,,,1,N,0,,40 00:17.956,,0,75 13:06.790,4,0,0,0,46104,0,0,0,N,0,0,0,3,67301,1,,1,,1,N,N,N,0,,0,0,0,,0,,,2,1,0,0,0,0,0,2,0,2,,,,N,,,,,,,,,,,0,0,0,0,0,0,0,0,0,0,0,0,1,0,0,0,0,0,0,0,0,0,0,0,0,0,0,0,0,0,0,0,0,0,0,0,0,0,0,0,0,0,0,0,0,0,0,0,0,0,0,0,0,0,0,0,0,0,1,1,0,0,0,0,0,0,0,0,0,0,0,0,0,0,1,0,1,0,0,0,0,0,0,1,0,0,0,0,0,1,0,0,0,0,0,0,0,0,0,0,0,0,0,0,0,0,1,0,0,0,0,0,0,0,0,0,0,0,0,0,0,1,0,0,0,0,0,0,0
-8365292.35350504,4875771.62658445,292,2021114212,1025,2,0,0,0,0,0,0,0,0,4,0,,46,11,2021,3,40.067599,-75.146698,1020,6,0,0,0,0,0,1,0,0,,0,0,0,,,2,,1,,40 04:03.358,6,0,75 08:48.114,3,0,0,0,46102,0,0,0,N,0,0,0,4,67301,0,,1,1101,1,N,N,N,0,,2,0,0,,2,Y,,3,2,0,0,0,0,0,2,1,3,,03,,N,,,,,,,,,,,1,0,1,0,0,0,0,0,0,0,0,0,1,0,0,0,0,0,0,0,0,0,0,0,1,0,0,0,0,0,0,0,0,0,0,0,0,0,0,0,0,0,0,0,0,0,0,0,0,0,0,0,0,0,0,0,0,0,1,1,1,0,0,0,1,0,0,1,0,0,0,0,0,0,1,0,0,0,0,0,0,0,0,0,0,0,0,0,0,0,0,0,0,0,0,0,0,0,0,1,0,0,0,0,0,0,1,0,0,1,0,0,0,0,0,0,0,0,0,0,0,1,0,1,0,0,0,0,0
-8377234.48905252,4864243.82131369,293,2021114161,0611,2,0,0,0,0,0,0,0,0,4,0,,46,11,2021,2,39.988303,-75.253976,0608,6,0,0,0,0,0,0,1,0,,0,0,0,,,4,,1,,39 59:17.892,4,0,75 15:14.313,4,0,0,0,46104,0,0,0,N,0,0,0,5,46104,4,,1,707,9,N,N,N,0,,0,0,0,,2,Y,,2,4,0,0,0,0,0,2,0,2,,,,N,,,,,,,,,,,1,0,1,0,0,0,0,0,0,0,1,0,1,0,0,0,0,0,0,0,0,0,0,0,0,1,0,0,0,0,0,0,0,0,0,0,0,0,0,0,0,0,0,0,0,0,0,0,0,0,0,0,0,0,0,1,0,0,1,1,1,0,0,0,1,0,0,0,0,0,0,1,0,0,1,0,0,0,0,0,0,0,0,1,0,0,0,0,0,0,0,0,0,0,0,0,0,0,0,1,0,0,0,0,0,0,1,0,0,0,0,0,0,0,0,0,0,0,0,0,0,1,0,1,0,0,1,0,0
-8378937.23247071,4863061.50173349,294,2021113695,0007,1,0,0,0,0,0,0,0,0,4,0,,46,11,2021,6,39.980165,-75.269272,0007,6,0,0,0,0,0,1,0,0,,0,0,0,,,2,,1,,39 58:48.595,1,0,75 16:09.378,3,0,0,0,46104,0,0,0,Y,0,0,0,2,46104,0,,1,45,1,N,N,Y,0,,2,0,2,,2,N,,3,2,0,0,0,0,0,2,0,3,,,,N,,,,,,,,,,,1,0,1,0,0,0,0,0,0,0,0,0,1,0,0,0,0,0,0,0,0,0,0,0,1,0,0,0,0,0,0,0,0,0,0,0,0,0,0,0,0,0,1,1,0,0,0,0,0,0,0,0,0,0,0,1,0,0,1,1,1,0,0,0,0,0,0,0,0,0,0,0,0,0,1,0,0,0,0,0,0,0,0,0,0,0,0,0,0,0,0,1,0,0,0,0,0,0,0,1,0,0,0,0,0,0,1,0,0,1,0,0,0,0,0,0,0,0,0,0,0,1,0,1,0,0,0,0,0
-8368603.2189342,4878259.32905983,295,2021114330,1346,2,0,0,0,0,0,0,0,0,4,0,,46,11,2021,3,40.084699,-75.17644,1339,6,0,0,0,1,0,0,1,0,,0,0,0,,,2,,2,,40 05:04.916,2,0,75 10:35.184,3,0,0,0,46102,0,0,0,N,0,0,0,2,67301,0,,1,1510,1,N,N,N,0,,2,0,0,,2,Y,,2,2,0,0,0,0,0,2,0,2,,,,N,,,,,,,,,,,1,0,1,0,0,0,0,0,0,0,0,0,0,0,0,0,0,0,0,0,0,0,1,0,0,1,0,0,0,0,0,0,0,0,0,0,0,0,0,0,0,0,0,0,0,0,0,0,0,0,0,0,0,0,0,0,0,0,1,1,1,0,0,0,1,0,0,1,0,0,0,1,0,0,1,0,0,0,0,0,0,0,0,0,0,0,0,0,0,0,0,0,0,0,0,0,0,0,0,1,0,0,0,0,0,0,1,0,0,1,0,0,0,0,0,0,0,0,0,0,0,1,1,1,0,0,0,0,1
-8362876.49701286,4873887.2075706,296,2021108579,0620,1,0,0,0,0,0,0,0,0,4,0,,46,11,2021,2,40.054643,-75.124996,0615,6,0,0,0,0,0,0,0,0,,0,0,0,,,0,,1,,40 03:16.716,,0,75 07:29.987,0,0,0,0,46102,0,0,0,N,0,0,0,2,46102,0,,1,,1,N,N,N,0,,0,0,1,,2,,,2,0,0,0,0,0,0,2,0,2,,03,,N,,,,,,,,,,,1,0,1,0,0,0,0,0,0,0,0,0,0,0,0,0,0,0,0,0,0,0,0,0,0,0,0,0,0,0,0,0,0,0,0,0,0,0,0,0,0,0,0,0,0,0,0,0,0,0,0,0,0,0,0,0,0,0,0,0,1,0,0,0,0,0,0,1,0,0,0,0,0,0,1,0,0,0,0,0,0,0,0,0,1,0,0,0,0,0,0,0,0,0,0,0,0,0,0,1,0,0,0,0,0,0,1,0,0,0,0,0,0,0,0,0,0,0,0,0,0,1,0,1,0,0,0,0,0
-8379347.22227459,4862817.87837811,297,2021116422,1526,1,0,0,0,0,0,0,0,0,4,0,,46,11,2021,1,39.978488,-75.272955,1526,6,0,0,0,0,0,1,0,1,,0,0,0,,,0,,2,,39 58:42.555,,0,75 16:22.639,0,0,0,0,46104,0,0,0,N,0,0,0,2,46104,0,,1,,1,N,N,N,1,,0,0,0,,0,,,2,0,0,0,0,0,0,2,0,2,,,,N,,,,,,,,,,,1,0,1,0,0,0,0,0,0,0,0,0,1,0,0,0,0,0,0,0,0,0,0,0,1,0,1,0,0,0,0,0,0,0,0,0,0,0,0,0,0,0,0,0,0,0,0,0,0,0,0,0,0,0,0,0,0,0,0,0,1,0,0,0,1,0,0,1,0,0,0,1,0,0,1,0,0,0,0,0,0,0,0,0,1,0,0,0,0,0,0,0,0,0,0,0,0,0,0,0,0,0,0,0,0,0,1,0,0,0,0,0,0,0,0,0,0,0,0,0,1,1,0,1,0,0,0,0,0
-8366302.02160754,4876520.49017824,298,2021124599,1024,3,0,0,0,0,0,0,0,0,4,0,,46,12,2021,5,40.072747,-75.155768,1020,6,0,0,0,0,0,1,0,0,,0,0,0,,,1,,1,,40 04:21.889,4,0,75 09:20.766,3,0,0,0,46102,0,0,0,N,0,0,0,5,46102,0,,1,1050,1,N,N,N,0,,1,0,0,,2,N,,3,1,0,0,0,0,0,2,0,3,,,,N,,,,,,,,,,,0,0,1,0,0,0,0,0,0,0,1,0,1,0,0,0,0,1,0,0,0,0,0,0,1,0,0,0,0,0,0,0,0,0,0,0,0,0,0,0,0,0,0,0,0,0,0,0,0,0,0,0,0,0,0,0,0,0,1,1,1,0,0,0,0,0,0,1,0,0,0,0,0,0,1,0,0,0,0,0,0,0,0,0,0,0,0,0,0,0,0,0,0,0,0,0,0,0,0,1,0,0,0,0,0,0,1,0,0,1,0,0,0,0,0,0,0,0,0,0,0,1,0,1,0,0,0,0,0
-8364171.03182244,4874944.71289098,299,2021117407,1756,2,0,0,0,0,0,0,0,0,4,0,,46,11,2021,7,40.061914,-75.136625,1752,6,0,0,0,0,0,1,0,0,,0,0,0,,,3,,1,,40 03:42.889,,0,75 08:11.849,2,0,0,0,46102,0,0,0,N,0,0,0,3,46102,2,,1,,1,N,N,N,0,,0,1,0,,2,,,2,3,0,0,0,0,0,2,0,2,,03,,N,,,,,,,,,,,1,0,1,0,0,0,0,0,0,0,0,0,1,0,0,0,0,0,0,0,0,0,0,0,1,0,0,0,0,0,1,0,0,0,0,0,0,0,0,0,0,0,0,0,0,0,0,0,0,0,0,0,0,0,0,1,0,0,1,1,1,0,0,0,1,0,0,0,0,0,0,0,0,0,1,0,0,0,0,0,0,0,0,1,0,0,0,0,0,0,0,0,0,0,0,0,0,0,0,1,0,0,0,0,0,0,1,0,0,0,1,0,0,0,0,0,0,0,0,0,0,1,0,1,0,0,0,0,0
-8363799.00195735,4874645.96456407,300,2021112454,1419,1,0,1,0,0,0,0,0,0,4,0,,46,11,2021,4,40.05986,-75.133283,1417,6,0,0,0,0,0,0,0,1,,0,0,0,,,3,,1,,40 03:35.495,7,0,75 07:59.818,2,0,0,0,46102,0,0,0,N,0,0,0,3,46102,0,,1,1521,1,N,N,N,0,,0,3,1,,2,Y,,2,3,2,0,2,0,0,2,0,2,,,,N,,,,,,,,,,,1,0,1,0,0,0,0,0,0,0,0,0,0,0,0,0,0,0,0,0,0,0,0,0,0,0,1,0,0,0,1,0,0,0,0,0,0,0,0,0,0,0,0,1,0,0,0,0,0,1,0,0,0,0,0,0,0,0,1,1,1,0,0,0,1,0,0,1,0,0,0,1,0,0,1,0,0,0,0,0,0,0,0,0,0,0,0,0,0,0,0,0,0,0,0,0,0,0,0,1,0,0,0,0,0,0,1,0,0,0,1,0,0,0,0,0,0,1,0,0,0,1,0,1,0,0,0,0,0
-8373037.96574255,4866823.53333024,301,2021083964,1432,0,0,0,0,0,0,0,0,0,7,0,,46,9,2021,4,40.006056,-75.216278,1427,6,0,0,0,0,0,0,0,0,,0,0,0,,,1,Y,0,,40 00:21.800,,0,75 12:58.600,8,0,0,0,46104,0,0,0,N,0,0,0,1,46104,0,,5,,1,N,N,N,0,,0,0,1,,0,,,1,1,0,0,0,1,0,2,0,1,,,,N,,,,,,,,,,,1,0,0,0,0,0,0,0,0,0,0,0,0,0,0,0,0,0,0,0,0,0,0,0,0,0,0,1,1,0,0,0,0,0,0,0,0,0,0,1,0,0,0,0,0,0,0,0,1,0,0,0,0,0,1,0,1,0,1,1,0,0,0,1,0,0,0,1,1,0,0,0,0,0,0,1,1,0,0,0,0,0,0,0,0,0,0,0,0,0,0,0,0,0,0,0,0,0,0,0,1,0,0,0,1,0,0,0,0,0,0,1,0,0,0,0,0,0,0,0,0,1,0,1,0,0,0,0,0
-8366820.65932838,4876890.86993255,302,2021114862,0857,0,0,0,0,0,0,0,0,0,8,0,,46,11,2021,2,40.075293,-75.160427,0855,6,0,0,0,0,0,0,0,1,,0,0,0,,,1,,1,,40 04:31.053,,0,75 09:37.536,3,0,0,0,46102,1,0,0,N,1,0,0,2,46102,0,,1,,9,N,N,N,0,,1,0,1,,2,,,2,1,0,0,0,0,1,2,0,1,,,,N,,,,,,,,,,,0,0,0,0,0,0,0,0,0,0,0,0,0,0,0,0,0,0,0,0,0,0,0,0,0,0,1,0,0,0,0,0,0,0,0,0,0,0,0,0,0,0,0,0,0,0,0,0,0,0,0,0,0,0,0,0,0,0,1,1,1,0,0,0,1,0,0,1,0,0,0,1,0,0,0,0,0,0,0,0,0,1,0,0,0,0,0,0,0,0,0,0,0,0,0,0,0,0,0,1,1,0,0,0,0,0,1,0,0,1,0,0,0,0,0,0,0,0,0,0,0,1,0,0,1,0,1,0,0
-8366512.19284353,4876657.38073884,303,2021086191,1730,2,0,0,0,0,0,0,0,0,1,0,,46,9,2021,7,40.073688,-75.157656,1725,6,0,0,0,0,0,1,0,0,,0,0,0,,,2,N,0,,40 04:25.277,4,0,75 09:27.561,3,0,0,0,46102,0,0,0,N,0,0,0,2,46102,0,,1,1755,1,N,N,N,0,,2,0,0,,2,N,,2,2,0,0,0,0,0,2,0,2,,03,,N,,,,,,,,,,,0,0,0,0,0,0,0,0,0,0,0,0,1,0,0,0,0,0,0,0,0,0,0,0,1,0,0,0,0,0,0,0,0,0,0,0,0,0,0,0,0,0,0,0,0,0,0,0,0,0,0,0,0,0,0,0,0,0,1,1,0,0,0,0,0,0,0,0,0,0,0,0,0,0,1,0,1,0,0,0,0,0,0,0,0,0,0,0,0,1,0,0,0,0,0,0,0,0,0,0,0,0,0,0,0,0,1,0,0,1,0,0,0,0,0,0,0,0,0,0,0,1,0,1,0,0,0,0,0
-8364652.82282513,4875279.10646675,304,2021083091,2200,2,0,0,0,0,0,0,0,0,4,0,,46,9,2021,4,40.064213,-75.140953,2146,6,0,0,0,0,0,0,0,0,,0,0,0,,,0,,2,,40 03:51.166,4,0,75 08:27.429,0,0,0,0,46102,0,0,0,N,0,0,0,2,46102,0,,1,2218,9,N,N,N,0,,0,0,0,,0,N,,2,0,0,0,0,0,0,2,0,2,,07,,N,,,,,,,,,,,1,0,1,0,0,0,0,0,0,0,0,0,1,0,0,0,0,0,0,0,0,0,0,0,0,0,0,0,0,0,0,0,0,0,0,0,0,0,0,0,0,0,0,0,0,0,0,0,0,0,0,0,0,0,0,1,0,0,0,0,1,0,0,0,0,0,0,1,0,0,0,0,0,0,1,0,0,0,0,0,0,0,0,0,1,0,0,0,0,0,0,0,0,0,0,0,0,0,0,0,0,0,0,0,0,0,1,0,0,0,0,0,0,0,0,0,0,0,0,0,1,1,0,1,0,0,1,0,0
-8368581.84563823,4878227.46502641,305,2021098107,1610,2,0,0,0,0,0,0,0,0,1,0,,46,10,2021,5,40.08448,-75.176248,1550,6,0,0,0,0,0,0,0,0,,0,0,0,,,0,N,0,,40 05:04.128,,0,75 10:34.491,0,0,0,0,46102,0,0,0,N,0,0,0,1,67301,0,,6,,1,N,N,N,1,,0,0,0,,0,,,3,0,0,0,0,0,0,2,0,3,,,,N,,,,,,,,,,,1,0,0,0,0,0,0,0,0,0,0,0,0,0,0,0,0,0,0,0,0,0,0,0,0,0,0,0,0,0,0,0,0,0,0,0,0,0,0,0,0,0,1,0,0,0,0,0,0,0,0,0,0,0,0,0,0,0,0,0,0,0,0,0,0,0,0,0,0,0,0,0,0,0,1,0,1,0,0,0,0,0,0,0,1,0,0,0,0,1,0,0,0,0,0,0,0,0,0,0,0,0,0,0,0,0,1,0,0,0,0,0,0,0,0,0,0,0,0,0,0,1,1,1,0,0,0,0,0
-8364631.11542718,4875262.23376003,306,2021079914,1516,1,0,0,0,0,0,0,0,0,1,0,,46,8,2021,2,40.064097,-75.140758,1514,6,0,0,0,0,0,0,1,0,,0,0,0,,,1,,1,,40 03:50.750,,0,75 08:26.727,3,0,0,0,46102,0,0,0,N,0,0,0,2,46102,0,,1,,1,N,N,N,0,,1,0,1,,0,,,2,1,0,0,0,0,0,2,0,2,,03,,N,,,,,,,,,,,0,0,0,0,0,0,0,0,0,0,0,0,1,0,0,0,0,1,0,0,0,0,0,0,0,1,0,0,0,0,0,0,0,0,0,0,0,0,0,0,0,0,0,0,0,0,0,0,0,0,0,0,0,0,0,0,0,0,1,1,1,0,0,0,0,0,0,1,0,0,0,1,0,0,1,0,0,0,0,0,0,0,0,0,0,0,0,0,0,1,0,0,0,0,0,0,0,0,0,0,0,0,0,0,0,0,1,0,0,1,0,0,0,0,0,0,0,0,0,0,1,1,0,0,0,0,0,0,0
-8363799.00195735,4874645.96456407,307,2021086189,1008,2,0,0,0,0,0,0,0,0,4,0,,46,9,2021,6,40.05986,-75.133283,1003,6,0,0,1,0,0,1,0,0,,0,0,0,,,0,,1,,40 03:35.495,,0,75 07:59.818,0,0,0,0,46102,0,0,0,N,0,0,0,2,46102,0,,1,,1,N,N,N,0,,0,0,0,,2,,,2,0,0,0,0,0,0,2,0,2,,03,,N,,,,,,,,,,,1,0,1,0,0,0,0,0,0,0,0,0,0,0,0,0,0,0,0,0,0,1,0,0,1,0,0,0,0,0,0,0,0,0,0,0,0,0,0,0,0,0,0,0,0,0,0,0,0,0,0,0,0,0,0,0,0,0,0,0,1,0,0,0,1,0,0,1,0,0,0,0,0,0,1,0,0,0,0,0,0,0,0,0,1,0,0,0,0,0,0,0,0,0,0,0,0,0,0,1,0,0,0,0,0,0,1,0,0,0,0,0,0,0,0,0,0,0,0,0,0,1,0,1,0,0,0,0,1
-8372796.73625846,4866968.86460614,308,2021083966,0842,1,0,0,0,0,0,0,0,0,1,0,,46,9,2021,5,40.007056,-75.214111,0840,6,0,0,0,0,0,0,0,0,,0,0,0,,,1,N,0,,40 00:25.400,,0,75 12:50.800,8,0,0,0,46104,0,0,0,N,0,0,0,2,46104,0,,1,,1,N,N,N,1,,0,0,0,,2,,,2,1,0,0,0,1,0,2,0,2,,,,N,,,,,,,,,,,1,0,0,0,0,0,0,0,0,0,0,0,0,0,0,0,0,0,0,0,0,0,0,0,0,0,0,0,0,0,0,0,0,0,0,0,0,0,0,0,0,0,0,0,0,0,0,0,0,0,0,0,0,0,0,0,0,0,1,1,0,0,0,0,0,0,0,1,1,0,0,0,0,0,1,0,1,0,0,0,0,0,0,0,0,0,0,0,0,1,0,0,0,0,0,0,0,0,0,0,0,0,0,0,1,0,0,0,0,0,0,0,0,0,0,0,0,0,0,0,0,1,0,0,0,0,0,0,0
-8376949.51104355,4864410.90902715,309,2021081320,1120,1,0,0,0,0,0,0,0,0,4,0,,46,8,2021,3,39.989453,-75.251416,1115,6,0,0,0,0,0,0,0,0,,0,0,0,,,0,,2,,39 59:22.029,,0,75 15:05.097,0,0,0,0,46104,0,0,0,N,0,0,0,2,46104,0,,1,,1,N,N,N,0,,0,0,1,,2,,,2,0,0,0,0,0,0,2,0,2,,03,,N,,,,,,,,,,,0,0,1,0,0,0,0,0,0,0,0,0,1,0,0,0,0,0,0,0,0,0,0,0,0,0,0,0,0,0,0,0,0,0,0,0,0,0,0,0,0,0,0,0,0,0,0,0,0,0,0,0,0,0,0,0,0,0,0,0,1,0,0,0,1,0,0,0,0,0,0,0,0,0,1,0,0,0,0,0,0,0,0,0,1,0,0,0,0,0,0,0,0,0,0,0,0,0,0,1,0,0,0,0,0,0,1,0,0,0,0,0,0,0,0,0,0,0,0,0,0,1,0,1,0,0,0,0,0
-8359195.49438169,4875570.60112696,310,2021105828,1155,2,0,0,0,0,0,0,0,0,4,0,,46,11,2021,3,40.066217,-75.091929,1140,6,0,0,0,0,0,1,1,0,,0,0,0,,,1,,2,,40 03:58.382,4,0,75 05:30.943,3,0,0,0,46102,0,0,0,N,0,0,0,3,67301,0,,1,100,1,N,N,N,0,,1,0,0,,3,N,,2,1,0,0,0,0,0,2,0,2,,07,,N,,,,,,,,,,,1,0,1,0,0,0,0,0,0,0,0,0,0,0,0,0,0,0,0,0,0,0,0,0,1,1,0,0,0,0,0,0,0,0,0,0,0,0,0,0,0,0,0,0,0,0,0,0,0,0,0,0,0,0,0,0,0,0,1,1,1,0,0,0,1,0,0,1,0,0,0,1,0,0,1,0,0,0,0,0,0,0,0,0,0,0,0,0,0,0,0,0,0,0,0,0,0,0,0,0,0,0,0,0,0,0,1,1,0,1,0,0,0,0,0,0,0,0,0,0,1,1,0,1,0,0,0,0,0