X,Y,objectid,crn,arrival_tm,automobile_count,belted_death_count,belted_susp_serious_inj_count,bicycle_count,bicycle_death_count,bicycle_susp_serious_inj_count,bus_count,chldpas_death_count,chldpas_susp_serious_inj_count,collision_type,comm_veh_count,cons_zone_spd_lim,county,crash_month,crash_year,day_of_week,dec_latitude,dec_longitude,dispatch_tm,district,driver_count_16yr,driver_count_17yr,driver_count_18yr,driver_count_19yr,driver_count_20yr,driver_count_50_64yr,driver_count_65_74yr,driver_count_75plus,est_hrs_closed,fatal_count,heavy_truck_count,horse_buggy_count,hour_of_day,illumination,injury_count,intersection_related_x,intersect_type,lane_closed,latitude,ln_close_dir,location_type,longitude,max_severity_level,mcycle_death_count,mcycle_susp_serious_inj_count,motorcycle_count,municipality,nonmotr_count,nonmotr_death_count,nonmotr_susp_serious_inj_count,ntfy_hiwy_maint,ped_count,ped_death_count,ped_susp_serious_inj_count,person_count,police_agcy,possible_inj_count,rdwy_surf_type_cd,relation_to_road,roadway_cleared,road_condition,sch_bus_ind,sch_zone_ind,secondary_crash,small_truck_count,spec_juris_cd,susp_minor_inj_count,susp_serious_inj_count,suv_count,tcd_func_cd,tcd_type,tfc_detour_ind,time_of_day,total_units,tot_inj_count,unbelted_occ_count,unb_death_count,unb_susp_serious_inj_count,unk_inj_deg_count,unk_inj_per_count,urban_rural,van_count,vehicle_count,weather1,weather2,workers_pres,work_zone_ind,work_zone_loc,work_zone_type,wz_close_detour,wz_flagger,wz_law_offcr_ind,wz_ln_closure,wz_moving,wz_other,wz_shlder_mdn,wz_workers_inj_killed,aggressive_driving,alcohol_related,angle_crash,atv,atv_route,backup_congestion,backup_nonrecurring,backup_prior,bicycle,cell_phone,child_passenger,comm_vehicle,core_network,cross_median,curved_road,curve_dvr_error,deer_related,distracted,drinking_driver,driver_16yr,driver_17yr,driver_18yr,driver_19yr,driver_20yr,driver_50_64yr,driver_65_74yr,driver_75plus,drugged_driver,drug_related,fatal,fatal_or_susp_serious_inj,fatigue_asleep,federal_aid_route,fire_in_vehicle,hazardous_truck,hit_barrier,hit_bridge,hit_deer,hit_embankment,hit_fixed_object,hit_gdrail,hit_gdrail_end,hit_parked_vehicle,hit_pole,hit_roadway_equipment,hit_run,hit_temp_construction_barrier,hit_traffic_island,hit_tree_shrub,hit_utility_pole,horse_buggy,ho_oppdir_sdswp,hvy_truck_related,icy_road,illegal_drug_related,illumination_dark,impaired_driver,impaired_nonmotorist,injury,injury_or_fatal,intersection,intersection_related_y,interstate,lane_departure,left_turn,limit_65mph,limit_70mph,local_road,local_road_only,marijuana_drugged_driver,marijuana_related,mature_driver,mc_drinking_driver,motorcycle,multiple_vehicle,nhtsa_agg_driving,non_intersection,no_clearance,opioid_related,other_freeway_expressway,overturned,pedestrian,phantom_vehicle,possible_injury,property_damage_only,psp_reported,ramp,ramp_segment,ramp_terminal,rear_end,roundabout,running_red_lt,running_stop_sign,rural,school_bus,school_bus_related,school_bus_unit,school_zone,shldr_related,signalized_int,single_vehicle,snowmobile,snow_slush_road,speeding,speeding_related,speed_change_lane,state_road,stop_controlled_int,sudden_deer,suspected_minor_injury,suspected_serious_injury,sv_run_off_rd,tailgating,train,train_trolley,trolley,turnpike,unbelted,underage_drnk_drv,unlicensed,unsignalized_int,urban,vehicle_failure,vehicle_towed,vulnerable_road_user,vulnerable_road_user_fatal,wet_road,work_zone,young_driver
-8364182.8317781,4874952.71258846,490,2022112536,0230,1,0,0,0,0,0,0,0,0,4,0,,46,10,2022,7,40.061969,-75.136731,0211,6,0,0,0,0,0,1,0,0,,0,0,0,,,0,,1,,40 03:43.087,,0,75 08:12.230,0,0,0,0,46102,0,0,0,N,0,0,0,2,46102,0,,1,,1,N,N,N,0,,0,0,1,,2,,,2,0,0,0,0,0,0,2,0,2,,03,,N,,,,,,,,,,,1,0,1,0,0,0,0,0,0,0,0,0,0,0,0,0,0,0,0,0,0,0,0,0,1,0,0,0,0,0,0,0,0,0,0,0,0,0,0,0,0,0,0,0,0,0,0,0,0,0,0,0,0,0,0,1,0,0,0,0,1,0,0,0,0,0,0,0,0,0,0,0,0,0,1,0,0,0,0,0,0,0,0,0,1,0,0,0,0,0,0,1,0,0,0,0,0,0,0,1,0,0,0,0,0,0,1,0,0,0,0,0,0,0,0,0,0,0,0,0,0,1,0,1,0,0,0,0,0
-8359196.38494378,4875569.29198925,491,2022103829,0947,0,0,0,0,0,0,0,0,0,4,0,,46,10,2022,2,40.066208,-75.091937,0938,6,0,0,0,0,0,0,0,0,,0,0,0,,,0,,2,,40 03:58.350,,0,75 05:30.972,0,0,0,0,46102,0,0,0,N,0,0,0,2,46102,0,,1,,9,N,N,Y,0,,0,0,1,,0,,,2,0,0,0,0,0,0,2,1,2,,,,N,,,,,,,,,,,1,0,1,0,0,0,0,0,0,0,0,0,0,0,0,0,0,0,0,0,0,0,0,0,0,0,0,0,0,0,0,0,0,0,0,0,0,0,0,0,0,0,0,0,0,0,0,0,0,0,0,0,0,0,0,0,0,0,0,0,1,0,0,0,1,0,0,1,0,0,0,0,0,0,1,0,0,0,0,0,0,0,0,0,1,0,0,0,0,0,0,0,0,0,0,0,0,0,0,0,0,0,0,0,0,0,1,0,0,0,0,0,0,0,0,0,0,0,0,0,1,1,0,1,0,0,1,0,0
-8357469.59651704,4878634.13946926,492,2022115523,1459,2,0,0,0,0,0,0,0,0,1,0,,46,12,2022,3,40.087275,-75.076425,1459,6,0,0,0,0,1,1,0,0,,0,0,0,,,0,N,0,,40 05:14.190,3,0,75 04:35.130,0,0,0,0,46101,0,0,0,N,0,0,0,2,46101,0,,4,1500,9,N,N,N,0,,0,0,0,,0,Y,,2,0,1,0,0,0,0,2,0,2,,04,,N,,,,,,,,,,,1,0,0,0,0,0,0,0,0,0,0,0,0,0,0,0,0,0,0,0,0,0,0,1,1,0,0,0,0,0,0,0,0,0,0,0,0,0,0,0,1,0,0,0,0,0,0,0,0,0,0,0,0,0,0,0,0,0,0,0,0,0,0,1,0,0,0,1,1,0,0,0,0,0,1,0,1,0,0,0,0,0,0,0,1,0,0,0,0,1,0,0,0,0,0,0,0,0,0,0,0,0,0,0,1,0,0,0,0,0,0,1,0,0,0,0,0,1,0,0,0,1,0,1,0,0,1,0,1
-8361471.53322048,4872854.6816461,493,2022103838,0749,1,0,0,0,0,0,0,0,0,7,0,,46,11,2022,3,40.047543,-75.112375,0746,6,0,0,1,0,0,0,0,0,,0,0,0,,,0,,2,,40 02:51.156,,0,75 06:44.551,0,0,0,0,46102,0,0,0,N,0,0,0,1,46102,0,,5,,9,N,N,N,0,,0,0,0,,2,,,1,0,0,0,0,0,0,2,0,1,,,,N,,,,,,,,,,,1,0,0,0,0,0,0,0,0,0,0,0,0,0,0,0,0,0,0,0,0,1,0,0,0,0,0,0,0,0,0,0,0,0,0,0,0,0,0,1,0,0,0,0,0,0,0,0,1,0,0,0,0,0,0,0,0,0,0,0,1,0,0,0,1,0,0,1,0,0,0,0,0,0,0,0,0,0,0,0,0,0,0,0,1,0,0,0,0,0,0,0,0,0,0,0,0,0,0,1,1,0,0,0,1,0,1,0,0,0,0,1,0,0,0,0,0,0,0,0,0,1,1,1,0,0,1,0,1
-8357462.47208916,4878638.94100373,494,2022115519,1601,1,0,0,0,0,0,0,0,0,7,0,,46,11,2022,4,40.087308,-75.076361,1601,6,0,0,0,0,0,0,0,0,,0,0,0,,,1,N,0,,40 05:14.310,3,0,75 04:34.900,3,0,0,0,46101,0,0,0,N,0,0,0,1,46101,0,,2,100,9,N,N,N,0,,1,0,0,,0,Y,,1,1,0,0,0,0,0,2,0,1,,07,,N,,,,,,,,,,,1,0,0,0,0,0,0,0,0,0,0,0,0,0,0,0,0,0,0,0,0,0,0,0,0,0,0,0,0,0,0,0,0,0,0,0,0,0,0,1,0,0,0,0,0,0,0,0,0,0,0,0,0,0,0,0,0,0,1,1,0,0,0,1,0,0,0,1,1,0,0,0,0,0,0,0,1,0,0,0,0,0,0,0,0,0,0,0,0,0,0,0,0,0,0,0,0,0,0,0,1,0,0,0,1,0,0,0,0,1,0,1,0,0,0,0,0,0,0,0,0,1,0,1,0,0,1,0,0
-8358811.33065561,4875033.58299328,495,2022112541,0835,2,0,0,0,0,0,0,0,0,4,0,,46,11,2022,6,40.062525,-75.088478,0830,6,0,0,0,0,0,0,0,1,,0,0,0,,,1,N,0,,40 03:45.090,,0,75 05:18.520,3,0,0,0,46102,0,0,0,N,0,0,0,2,46102,0,,1,,1,N,N,N,0,,1,0,0,,0,,,2,1,0,0,0,0,0,2,0,2,,,,N,,,,,,,,,,,1,0,1,0,0,0,0,0,0,0,0,0,0,0,0,0,0,0,0,0,0,0,0,0,0,0,1,0,0,0,0,0,0,0,0,0,0,0,0,0,0,0,0,0,0,0,0,0,0,0,0,0,0,0,0,0,0,0,1,1,0,0,0,0,0,0,0,1,1,0,0,1,0,0,1,1,1,1,0,0,0,0,0,0,0,0,0,0,0,0,0,0,0,0,0,0,0,0,0,0,0,0,0,0,0,0,0,0,0,1,0,0,0,0,0,0,0,0,0,0,0,1,0,1,0,0,0,0,0
-8379718.58426808,4862601.42611905,496,2022102365,0659,2,0,0,0,0,0,0,0,0,1,0,,46,10,2022,5,39.976998,-75.276291,0655,6,0,0,0,0,0,0,0,0,,0,0,0,,,0,N,0,,39 58:37.192,2,0,75 16:34.647,0,0,0,0,46104,0,0,0,N,0,0,0,2,46104,0,,1,725,9,N,N,Y,0,,0,0,0,3,2,N,,2,0,0,0,0,0,0,2,0,2,,,,N,,,,,,,,,,,1,0,0,0,0,0,0,0,0,0,0,0,1,0,0,0,0,0,0,0,0,0,0,0,0,0,0,0,0,0,0,0,0,0,0,0,0,0,0,0,0,0,0,0,0,0,0,0,0,0,0,0,0,0,0,1,0,0,0,0,0,0,0,0,0,0,0,0,0,0,0,0,0,0,1,0,1,0,0,0,0,0,0,0,1,0,0,0,0,1,0,0,0,0,0,0,0,0,0,0,0,0,0,0,1,0,1,0,0,0,0,0,0,0,0,0,0,0,0,0,0,1,0,1,0,0,1,0,0
-8367019.80994783,4877034.02116403,497,2022081876,2150,1,0,0,0,0,0,0,0,0,6,0,,46,9,2022,3,40.076277,-75.162216,2148,6,0,0,0,0,0,0,0,0,,0,0,0,,,2,N,0,,40 04:34.597,6,0,75 09:43.976,3,0,0,0,46102,0,0,0,N,0,0,0,2,67301,1,,1,2150,9,N,N,N,0,,1,0,1,0,0,N,,2,2,0,0,0,0,0,2,0,2,,98,,N,,,,,,,,,,,0,0,0,0,0,0,0,0,0,0,0,0,0,0,0,0,0,0,0,0,0,0,0,0,0,0,0,1,1,0,0,0,0,0,0,0,0,0,0,0,0,0,0,0,0,0,0,0,0,0,0,1,0,0,1,1,1,0,1,1,0,0,0,1,0,0,0,0,0,0,0,0,0,0,1,0,1,0,0,0,0,0,0,1,0,0,0,0,0,0,0,0,0,0,0,0,0,0,0,0,0,0,0,0,0,0,1,0,0,1,0,0,0,0,0,0,0,0,0,0,0,1,0,1,0,0,1,0,0
-8377234.48905252,4864243.82131369,498,2022101024,0735,2,0,0,0,0,0,0,0,0,4,0,,46,10,2022,2,39.988303,-75.253976,0731,6,0,0,0,0,0,0,0,0,,0,0,0,,,0,,1,,39 59:17.892,4,0,75 15:14.313,0,0,0,0,46104,0,0,0,N,0,0,0,2,46104,0,,1,805,9,N,N,N,0,,0,0,0,3,2,N,,2,0,0,0,0,0,0,2,0,2,,,,N,,,,,,,,,,,1,0,1,0,0,0,0,0,0,0,0,0,1,0,0,0,0,0,0,0,0,0,0,0,0,0,0,0,0,0,0,0,0,0,0,0,0,0,0,0,0,0,0,0,0,0,0,0,0,0,0,0,0,0,0,0,0,0,0,0,1,0,0,0,1,0,0,1,0,0,0,0,0,0,1,0,0,0,0,0,0,0,0,0,1,0,0,0,0,0,0,0,0,0,0,0,0,0,0,1,0,0,0,0,0,0,1,0,0,0,0,0,0,0,0,0,0,0,0,0,0,1,0,1,0,0,1,0,0
-8357487.51895549,4878620.46205695,499,2022101923,1052,1,0,0,0,0,0,0,0,0,7,0,,46,11,2022,3,40.087181,-75.076586,1052,6,0,0,0,0,0,0,0,0,,0,0,0,,,0,N,0,,40 05:13.850,3,3,75 04:35.710,0,0,0,0,46101,0,0,0,N,0,0,0,1,46101,0,,4,1130,9,N,N,N,0,,0,0,0,0,0,N,,1,0,0,0,0,0,0,2,0,1,,,,N,,,,,,,,,,,1,0,0,0,0,0,0,0,0,0,0,0,0,0,1,0,0,0,0,0,0,0,0,0,0,0,0,0,0,0,0,0,0,0,0,0,0,0,0,1,1,0,0,0,0,0,0,0,0,0,0,0,0,0,0,0,0,0,0,0,0,0,0,1,0,0,0,1,1,0,0,0,0,0,0,0,1,0,0,0,0,0,0,0,1,0,0,0,0,0,0,0,0,0,0,0,0,0,0,0,1,0,0,0,1,0,0,0,0,0,0,1,0,0,0,0,0,0,0,0,0,1,0,1,0,0,1,0,0
-8365306.37968681,4875782.09973025,500,2022104779,0652,1,0,0,0,0,0,0,0,0,8,0,,46,10,2022,5,40.067671,-75.146824,0643,6,0,0,0,0,0,1,0,0,,1,0,0,,,0,Y,0,,40 04:03.617,6,0,75 08:48.568,1,0,0,0,46102,1,1,0,N,1,1,0,3,46102,0,2,1,925,1,N,N,N,0,0,0,0,0,3,2,Y,,2,0,0,0,0,0,0,2,0,1,,04,,N,,,,,,,,,,,0,0,0,0,0,0,0,0,0,0,0,0,1,0,0,0,0,0,0,0,0,0,0,0,1,0,0,0,1,1,1,0,0,0,0,0,0,0,0,0,0,0,0,0,0,0,0,0,0,0,0,0,0,0,1,0,0,0,0,1,0,0,0,0,0,0,0,0,0,0,0,0,0,0,0,0,1,0,0,0,0,1,0,0,0,0,0,0,0,0,0,0,0,0,0,0,0,0,0,0,1,0,0,0,0,0,1,0,0,0,0,0,0,0,0,0,0,0,0,0,0,1,0,1,1,1,0,0,0
-8376312.87475218,4864815.70883881,501,2022092634,1405,2,0,0,0,0,0,0,0,0,1,0,,46,9,2022,2,39.992239,-75.245697,1402,6,0,0,0,0,0,0,1,0,,0,0,0,,,3,,1,,39 59:32.062,,0,75 14:44.509,4,0,0,0,46104,0,0,0,N,0,0,0,4,46104,3,,1,,1,N,N,N,0,,0,0,0,3,2,,,2,3,0,0,0,0,0,2,0,2,,,,N,,,,,,,,,,,1,0,0,0,0,0,0,0,0,0,0,0,1,0,0,0,0,0,0,0,0,0,0,0,0,1,0,0,0,0,0,0,0,0,0,0,0,0,0,0,0,0,0,0,0,0,0,0,0,0,0,0,0,0,0,0,0,0,1,1,1,0,0,0,0,0,0,1,0,0,0,1,0,0,1,0,0,0,0,0,0,0,0,1,0,0,0,0,0,1,0,0,0,0,0,0,0,0,0,1,0,0,0,0,1,0,1,0,0,0,0,0,0,0,0,0,0,0,0,0,0,1,0,1,0,0,0,0,0
-8379091.74395455,4862979.85742723,502,2022092637,2020,0,0,0,0,0,0,0,0,0,5,0,,46,9,2022,3,39.979603,-75.27066,2013,6,0,0,0,0,0,0,0,0,,0,0,0,,,0,Y,0,,39 58:46.571,,0,75 16:14.375,9,0,0,0,46104,0,0,0,N,0,0,0,2,46104,0,,1,,1,N,N,Y,0,,0,0,2,0,0,,,2,0,0,0,0,0,1,2,0,2,,,,N,,,,,,,,,,,1,0,0,0,0,0,0,0,0,0,0,0,1,0,0,0,0,0,0,0,0,0,0,0,0,0,0,0,0,0,0,0,0,0,0,0,0,0,0,0,0,0,0,0,0,1,0,0,0,0,0,0,0,0,0,1,0,0,0,0,0,0,0,0,0,0,0,0,0,0,0,0,0,0,1,0,1,0,0,0,0,0,0,0,0,0,0,0,0,0,0,0,0,0,0,0,0,0,0,0,0,0,0,0,0,0,1,0,0,0,0,0,0,0,0,0,0,0,0,0,0,1,0,1,0,0,0,0,0
-8366505.06849436,4876652.43460641,503,2022110393,1745,2,0,0,0,0,0,0,0,0,1,0,,46,11,2022,5,40.073654,-75.157592,1735,6,0,0,0,0,0,1,0,0,,0,0,0,,,1,N,0,,40 04:25.154,,7,75 09:27.332,4,0,0,0,46102,0,0,0,N,0,0,0,2,46102,1,,1,,1,N,N,N,0,,0,0,0,0,0,,,2,1,0,0,0,0,0,2,0,2,,,,N,,,,,,,,,,,0,0,0,0,0,0,0,0,0,0,0,0,1,0,0,0,0,0,0,0,0,0,0,0,1,0,0,0,0,0,0,0,0,0,0,0,0,0,0,0,0,0,0,0,0,0,0,0,0,0,0,0,0,0,0,1,0,0,1,1,0,0,0,0,0,0,0,0,0,0,0,0,0,0,1,0,1,0,0,0,0,0,0,1,0,0,0,0,0,1,0,0,0,0,0,0,0,0,0,0,0,0,0,0,0,0,1,0,0,0,0,0,0,0,0,0,0,0,0,0,0,1,0,0,0,0,0,0,0
-8370201.98988758,4876724.73545673,504,2022095040,1928,1,0,0,0,0,0,0,0,0,4,0,,46,10,2022,4,40.074151,-75.190802,1922,6,0,1,0,0,1,0,0,0,,0,0,0,,,0,N,1,,40 04:26.944,,0,75 11:26.887,0,0,0,0,46108,0,0,0,N,0,0,0,3,46108,0,,1,,1,N,N,N,0,,0,0,1,3,2,,,2,0,0,0,0,0,0,2,0,2,,,,N,,,,,,,,,,,1,0,1,0,0,0,0,0,0,0,0,0,0,0,0,0,0,0,0,0,1,0,0,1,0,0,0,0,0,0,0,0,0,0,0,0,0,0,0,0,0,0,0,0,0,0,0,0,0,0,0,0,0,0,0,1,0,0,0,0,1,0,0,0,1,0,0,1,0,0,0,0,0,0,1,0,0,0,0,0,0,0,0,0,1,0,0,0,0,0,0,0,0,0,0,0,0,0,0,1,0,0,0,0,0,0,1,0,0,0,0,0,0,0,0,0,0,0,0,0,0,1,0,1,0,0,0,0,1
-8366446.84833603,4876609.81067953,505,2022094783,1948,2,0,0,0,0,0,0,0,0,4,0,,46,10,2022,4,40.073361,-75.157069,1940,6,0,0,0,0,1,1,1,1,,0,0,0,,,0,N,0,,40 04:24.100,4,7,75 09:25.450,0,0,0,0,46102,0,0,0,N,0,0,0,10,46102,0,,1,2055,1,N,N,N,0,,0,0,1,0,0,N,,4,0,0,0,0,0,0,2,1,4,,03,,N,,,,,,,,,,,1,0,1,0,0,0,0,0,0,0,0,0,1,0,0,0,0,0,0,0,0,0,0,1,1,1,1,0,0,0,0,0,0,0,0,0,0,0,0,0,0,0,0,0,0,0,0,0,0,0,0,0,0,0,0,1,0,0,0,0,0,0,0,0,0,0,0,0,0,0,0,1,0,0,1,0,1,0,0,0,0,0,0,0,1,0,0,0,0,0,0,0,0,0,0,0,0,0,0,0,0,0,0,0,0,0,1,0,0,0,0,0,0,0,0,0,0,0,0,0,0,1,0,1,0,0,0,0,1
-8368606.11318844,4878246.67070334,506,2022112758,1032,1,0,0,0,0,0,0,0,0,4,1,,46,11,2022,2,40.084612,-75.176466,1032,6,0,0,0,0,0,0,0,0,,0,1,0,,,1,,2,,40 05:04.604,,0,75 10:35.276,8,0,0,0,46102,0,0,0,N,0,0,0,4,67301,0,,1,,1,N,N,N,1,,0,0,0,,1,,,3,1,0,0,0,1,2,2,0,3,,03,,N,,,,,,,,,,,1,0,1,0,0,0,0,0,0,0,0,1,0,0,0,0,0,0,0,0,0,0,0,0,0,0,0,0,0,0,0,0,0,0,0,0,0,0,0,0,0,0,0,0,0,0,0,0,0,0,0,0,1,0,0,0,0,0,1,1,1,0,0,0,1,0,0,1,0,0,0,0,0,0,1,0,0,1,0,0,0,0,0,0,0,0,0,0,0,0,0,0,0,0,0,0,0,0,0,1,0,0,0,0,0,0,1,0,0,0,0,0,0,0,0,0,0,0,0,0,0,1,0,1,0,0,0,0,0
-8376949.51104355,4864410.90902715,507,2022112429,1609,1,0,0,0,0,0,0,0,0,4,0,,46,11,2022,2,39.989453,-75.251416,1603,6,0,0,0,0,0,0,0,0,,0,0,0,,,0,,2,,39 59:22.029,2,0,75 15:05.097,9,0,0,0,46104,0,0,0,N,0,0,0,2,46104,0,,1,20,1,N,N,N,0,,0,0,0,,2,N,,2,0,0,0,0,0,1,2,0,2,,,,N,,,,,,,,,,,1,0,1,0,0,0,0,0,0,0,0,0,1,0,0,0,0,0,0,0,0,0,0,0,0,0,0,0,0,0,0,0,0,0,0,0,0,0,0,0,0,0,0,0,0,1,0,0,0,0,0,0,0,0,0,0,0,0,0,0,1,0,0,0,1,0,0,0,0,0,0,0,0,0,1,0,0,0,0,0,0,0,0,0,0,0,0,0,0,0,0,1,0,0,0,0,0,0,0,1,0,0,0,0,0,0,1,0,0,0,0,0,0,0,0,0,0,0,0,0,0,1,0,1,0,0,0,0,0
-8364182.8317781,4874952.71258846,508,2022112533,1230,0,0,0,0,0,0,0,0,0,4,0,,46,10,2022,2,40.061969,-75.136731,1225,6,0,1,0,0,0,0,0,0,,0,0,0,,,0,,1,,40 03:43.087,,0,75 08:12.230,0,0,0,0,46102,0,0,0,N,0,0,0,4,46102,0,,1,,9,N,N,N,0,,0,0,2,,2,,,2,0,0,0,0,0,0,2,0,2,,04,,N,,,,,,,,,,,0,0,1,0,0,0,0,0,0,0,0,0,1,0,0,0,0,0,0,0,1,0,0,0,0,0,0,0,0,0,0,0,0,0,0,0,0,0,0,0,0,0,0,0,0,0,0,0,0,0,0,0,0,0,0,0,0,0,0,0,1,0,0,0,1,0,0,1,0,0,0,0,0,0,1,0,0,0,0,0,0,0,0,0,1,0,0,0,0,0,0,0,0,0,0,0,0,0,0,1,0,0,0,0,0,0,1,0,0,0,0,0,0,0,0,0,0,0,0,0,0,1,0,1,0,0,1,0,1
-8366181.12860027,4876413.42304905,509,2022091837,,0,0,0,0,0,0,0,0,0,1,0,,46,7,2022,6,40.072011,-75.154682,,6,0,0,0,0,0,0,0,0,,0,0,0,,,1,Y,0,,40 04:19.239,,0,75 09:16.856,8,0,0,0,46102,0,0,0,N,0,0,0,2,00000,0,,1,,1,,,N,0,,0,0,1,,2,,,2,1,0,0,0,1,0,2,0,2,,,,N,,,,,,,,,,,1,0,0,0,0,0,0,0,0,0,0,0,1,0,0,0,0,0,0,0,0,0,0,0,0,0,0,0,0,0,0,0,0,0,0,0,0,0,0,0,0,0,0,0,0,1,0,0,0,0,0,0,0,0,0,0,0,0,1,1,0,0,0,0,0,0,0,0,0,0,0,0,0,0,1,0,1,0,0,0,0,0,0,0,0,0,0,0,0,1,0,0,0,0,0,0,0,0,0,0,0,0,0,0,0,0,1,0,0,0,0,0,0,0,0,0,0,0,0,0,0,1,0,0,0,0,0,0,0
-8374665.5684123,4865817.17264149,510,2022092646,1155,1,0,0,0,0,0,0,0,0,1,0,,46,10,2022,4,39.999131,-75.230899,1150,6,0,0,0,0,0,0,0,0,,0,0,0,,,0,,1,,39 59:56.871,3,0,75 13:51.236,0,0,0,0,46104,0,0,0,N,0,0,0,2,46104,0,,1,1250,9,N,N,N,0,,0,0,1,,2,N,,2,0,0,0,0,0,0,2,0,2,,,,N,,,,,,,,,,,1,0,0,0,0,0,0,0,0,0,0,0,1,0,0,0,0,0,0,0,0,0,0,0,0,0,0,0,0,0,0,0,0,0,0,0,0,0,0,0,0,0,0,0,0,0,0,0,0,0,0,0,0,0,0,0,0,0,0,0,1,0,0,0,0,0,0,1,0,0,0,0,0,0,1,0,0,0,0,0,0,0,0,0,1,0,0,0,0,1,0,0,0,0,0,0,0,0,0,1,0,0,0,0,1,0,1,0,0,0,0,0,0,0,0,0,0,0,0,0,0,1,0,1,0,0,1,0,0
-8364587.47822285,4875228.92478299,511,2022098555,1507,1,0,0,0,0,0,0,0,0,1,0,,46,10,2022,1,40.063868,-75.140366,1504,6,0,0,0,0,0,1,0,0,,0,0,0,,,0,N,0,,40 03:49.923,4,0,75 08:25.317,9,0,0,0,46102,0,0,0,N,0,0,0,2,46102,0,,1,1538,1,N,N,N,0,,0,0,0,,0,N,,2,0,0,0,0,0,1,2,1,2,,,,N,,,,,,,,,,,0,0,0,0,0,0,0,0,0,0,0,0,1,0,0,0,0,0,0,0,0,0,0,0,1,0,0,0,0,0,0,0,0,0,0,0,0,0,0,0,0,0,0,0,0,0,0,0,0,0,0,0,0,0,0,0,0,0,0,0,0,0,0,0,0,0,0,0,0,0,0,0,0,0,1,0,1,0,0,0,0,0,0,0,0,0,0,0,0,1,0,0,0,0,0,0,0,0,0,0,0,0,0,0,0,0,1,0,0,0,0,0,0,0,0,0,0,0,0,0,0,1,1,1,0,0,0,0,0
-8366593.90145284,4876723.71730579,512,2022103828,1407,1,0,0,0,0,0,0,0,0,4,0,,46,10,2022,4,40.074144,-75.15839,1407,6,0,0,0,0,0,0,0,0,,0,0,0,,,2,,5,,40 04:26.918,2,0,75 09:30.203,4,0,0,0,46102,0,0,0,N,0,0,0,2,46102,2,,1,1420,1,N,N,N,0,,0,0,1,,2,N,,2,2,0,0,0,0,0,2,0,2,,03,,N,,,,,,,,,,,1,0,1,0,0,0,0,0,0,0,0,0,1,0,0,0,0,0,0,0,0,0,0,0,0,0,0,0,0,0,0,0,0,0,0,0,0,0,0,0,0,0,0,0,0,0,0,0,0,0,0,0,0,0,0,0,0,0,1,1,1,0,0,0,0,0,0,1,0,0,0,0,0,0,1,0,0,0,0,0,0,0,0,1,0,0,0,0,0,0,0,1,0,0,0,0,0,0,0,1,0,0,0,0,0,0,1,0,0,0,0,0,0,0,0,0,0,0,0,0,0,1,0,1,0,0,0,0,0
-8373548.25433748,4866512.82218161,513,2022088916,0946,1,0,0,0,0,0,0,0,0,5,0,,46,9,2022,2,40.003918,-75.220862,0941,6,0,0,0,0,0,0,0,1,,0,0,0,,,0,N,0,,40 00:14.103,,0,75 13:15.103,9,0,0,0,46104,0,0,0,N,0,0,0,2,46104,0,,1,,1,N,N,N,0,,0,0,0,,2,,,2,0,0,0,0,0,1,2,0,2,,,,N,,,,,,,,,,,1,0,0,0,0,0,0,0,0,0,0,0,1,0,0,0,0,0,0,0,0,0,0,0,0,0,1,0,0,0,0,0,0,0,0,0,0,0,0,0,0,0,0,0,0,1,0,0,0,0,0,0,0,0,0,0,0,0,0,0,0,0,0,0,0,0,0,0,0,0,0,1,0,0,1,0,1,0,0,0,0,0,0,0,0,0,0,0,0,0,0,0,0,0,0,0,0,0,0,0,0,0,0,0,0,0,1,0,0,0,0,0,0,0,0,0,0,0,0,0,0,1,0,1,0,0,0,0,0
-8373850.48754558,4879449.42808905,514,2022097615,1802,2,0,0,0,0,0,0,0,0,2,0,,46,10,2022,5,40.092878,-75.223577,1800,6,0,0,0,0,0,0,0,0,,0,0,0,,,0,N,1,,40 05:34.360,,0,75 13:24.876,0,0,0,0,46108,0,0,0,N,0,0,0,2,46108,0,,1,,9,N,N,N,0,,0,0,0,,2,,,2,0,0,0,0,0,0,2,0,2,,,,N,,,,,,,,,,,1,0,0,0,0,0,0,0,0,0,0,0,0,0,0,0,0,0,0,0,0,0,0,0,0,0,0,0,0,0,0,0,0,0,0,0,0,0,0,0,0,0,0,0,0,0,0,0,0,0,0,1,0,0,0,0,0,0,0,0,1,0,0,0,1,0,0,1,0,0,0,0,0,0,1,0,0,0,0,0,0,0,0,0,1,0,0,0,0,0,0,0,0,0,0,0,0,0,0,1,0,0,0,0,1,0,1,0,0,0,0,0,0,0,0,0,0,0,0,0,0,1,0,1,0,0,1,0,0
-8364171.03182244,4874944.71289098,515,2022110394,1039,1,0,0,0,0,0,0,0,0,4,0,,46,11,2022,6,40.061914,-75.136625,1033,6,0,0,0,0,0,0,0,0,,0,0,0,,,1,,1,,40 03:42.889,,0,75 08:11.849,3,0,0,0,46102,0,0,0,N,0,0,0,3,46102,0,,1,,1,N,N,N,1,,1,0,0,,2,,,2,1,0,0,0,0,0,2,0,2,,03,,N,,,,,,,,,,,1,0,1,0,0,0,0,0,0,0,0,0,1,0,0,0,0,0,0,0,0,0,0,0,0,0,0,0,0,0,0,0,0,0,0,0,0,0,0,0,0,0,0,0,0,0,0,0,0,0,0,0,0,0,0,0,0,0,1,1,1,0,0,0,1,0,0,0,0,0,0,0,0,0,1,0,0,1,0,0,0,0,0,0,0,0,0,0,0,0,0,0,0,0,0,0,0,0,0,1,0,0,0,0,0,0,1,0,0,1,0,0,0,0,0,0,0,0,0,0,0,1,0,1,0,0,0,0,0