X,Y,objectid,crn,arrival_tm,automobile_count,belted_death_count,belted_susp_serious_inj_count,bicycle_count,bicycle_death_count,bicycle_susp_serious_inj_count,bus_count,chldpas_death_count,chldpas_susp_serious_inj_count,collision_type,comm_veh_count,cons_zone_spd_lim,county,crash_month,crash_year,day_of_week,dec_latitude,dec_longitude,dispatch_tm,district,driver_count_16yr,driver_count_17yr,driver_count_18yr,driver_count_19yr,driver_count_20yr,driver_count_50_64yr,driver_count_65_74yr,driver_count_75plus,est_hrs_closed,fatal_count,heavy_truck_count,horse_buggy_count,hour_of_day,illumination,injury_count,intersection_related_x,intersect_type,lane_closed,latitude,ln_close_dir,location_type,longitude,max_severity_level,mcycle_death_count,mcycle_susp_serious_inj_count,motorcycle_count,municipality,nonmotr_count,nonmotr_death_count,nonmotr_susp_serious_inj_count,ntfy_hiwy_maint,ped_count,ped_death_count,ped_susp_serious_inj_count,person_count,police_agcy,possible_inj_count,rdwy_surf_type_cd,relation_to_road,roadway_cleared,road_condition,sch_bus_ind,sch_zone_ind,secondary_crash,small_truck_count,spec_juris_cd,susp_minor_inj_count,susp_serious_inj_count,suv_count,tcd_func_cd,tcd_type,tfc_detour_ind,time_of_day,total_units,tot_inj_count,unbelted_occ_count,unb_death_count,unb_susp_serious_inj_count,unk_inj_deg_count,unk_inj_per_count,urban_rural,van_count,vehicle_count,weather1,weather2,workers_pres,work_zone_ind,work_zone_loc,work_zone_type,wz_close_detour,wz_flagger,wz_law_offcr_ind,wz_ln_closure,wz_moving,wz_other,wz_shlder_mdn,wz_workers_inj_killed,aggressive_driving,alcohol_related,angle_crash,atv,atv_route,backup_congestion,backup_nonrecurring,backup_prior,bicycle,cell_phone,child_passenger,comm_vehicle,core_network,cross_median,curved_road,curve_dvr_error,deer_related,distracted,drinking_driver,driver_16yr,driver_17yr,driver_18yr,driver_19yr,driver_20yr,driver_50_64yr,driver_65_74yr,driver_75plus,drugged_driver,drug_related,fatal,fatal_or_susp_serious_inj,fatigue_asleep,federal_aid_route,fire_in_vehicle,hazardous_truck,hit_barrier,hit_bridge,hit_deer,hit_embankment,hit_fixed_object,hit_gdrail,hit_gdrail_end,hit_parked_vehicle,hit_pole,hit_roadway_equipment,hit_run,hit_temp_construction_barrier,hit_traffic_island,hit_tree_shrub,hit_utility_pole,horse_buggy,ho_oppdir_sdswp,hvy_truck_related,icy_road,illegal_drug_related,illumination_dark,impaired_driver,impaired_nonmotorist,injury,injury_or_fatal,intersection,intersection_related_y,interstate,lane_departure,left_turn,limit_65mph,limit_70mph,local_road,local_road_only,marijuana_drugged_driver,marijuana_related,mature_driver,mc_drinking_driver,motorcycle,multiple_vehicle,nhtsa_agg_driving,non_intersection,no_clearance,opioid_related,other_freeway_expressway,overturned,pedestrian,phantom_vehicle,possible_injury,property_damage_only,psp_reported,ramp,ramp_segment,ramp_terminal,rear_end,roundabout,running_red_lt,running_stop_sign,rural,school_bus,school_bus_related,school_bus_unit,school_zone,shldr_related,signalized_int,single_vehicle,snowmobile,snow_slush_road,speeding,speeding_related,speed_change_lane,state_road,stop_controlled_int,sudden_deer,suspected_minor_injury,suspected_serious_injury,sv_run_off_rd,tailgating,train,train_trolley,trolley,turnpike,unbelted,underage_drnk_drv,unlicensed,unsignalized_int,urban,vehicle_failure,vehicle_towed,vulnerable_road_user,vulnerable_road_user_fatal,wet_road,work_zone,young_driver
-8363319.77138646,4874251.08949089,619,2023045386,0818,0,0,0,0,0,0,0,0,0,4,0,,46,5,2023,5,40.057145,-75.128978,0810,6,0,0,0,0,0,0,1,0,,0,0,0,,,0,,1,,40 03:25.722,4,0,75 07:44.320,9,0,0,0,46102,0,0,0,N,0,0,0,2,46102,0,,1,930,1,N,N,N,0,,0,0,2,,2,Y,,2,0,0,0,0,0,2,2,0,2,,03,,N,,,,,,,,,,,1,0,1,0,0,0,0,0,0,0,0,0,0,0,0,0,0,0,0,0,0,0,0,0,0,1,0,0,0,0,0,0,0,0,0,0,0,0,0,0,0,0,0,0,0,0,0,0,0,0,0,0,0,0,0,0,0,0,0,0,1,0,0,0,1,0,0,1,0,0,0,1,0,0,1,0,0,0,0,0,0,0,0,0,0,0,0,0,0,0,0,0,0,0,0,0,0,0,0,1,0,0,0,0,0,0,1,0,0,0,0,0,0,0,0,0,0,0,0,0,0,1,0,1,0,0,0,0,0
-8365267.08391848,4875738.02503955,620,2023032366,0746,1,0,0,0,0,0,0,0,0,7,0,,46,3,2023,4,40.067368,-75.146471,0733,6,0,0,0,0,0,0,0,0,,0,0,0,,,0,N,0,,40 04:02.526,4,0,75 08:47.294,0,0,0,0,46102,0,0,0,N,0,0,0,2,46102,0,,5,804,1,N,N,N,0,,0,0,0,,2,N,,1,0,0,0,0,0,0,2,0,1,,,,N,,,,,,,,,,,1,0,0,0,0,0,0,0,0,0,0,0,1,0,0,0,0,0,0,0,0,0,0,0,0,0,0,0,0,0,0,0,0,0,0,0,0,0,0,1,0,0,0,0,0,0,0,0,0,0,0,0,0,0,0,0,0,0,0,0,0,0,0,1,0,0,0,0,0,0,0,0,0,0,0,0,1,0,0,0,0,0,0,0,1,0,0,0,0,0,0,0,0,0,0,0,0,0,0,0,1,0,0,0,0,0,1,0,0,0,0,1,0,0,0,0,0,0,0,0,0,1,0,1,0,0,0,0,0
-8363618.99825746,4874492.0850816,621,2023019256,1810,2,0,0,0,0,0,0,0,0,1,0,,46,2,2023,4,40.058802,-75.131666,1751,6,0,0,0,0,0,0,0,0,,0,0,0,,,2,,2,,40 03:31.687,4,0,75 07:53.997,4,0,0,0,46102,0,0,0,N,0,0,0,2,46102,2,,1,100,1,N,N,N,0,,0,0,0,,0,N,,2,2,0,0,0,0,0,2,0,2,,03,,N,,,,,,,,,,,1,0,0,0,0,0,0,0,0,0,0,0,0,0,0,0,0,0,0,0,0,0,0,0,0,0,0,0,0,0,0,0,0,0,0,0,0,0,0,0,0,0,0,0,0,0,0,0,0,0,0,0,0,0,0,1,0,0,1,1,1,0,0,0,0,0,0,1,0,0,0,0,0,0,1,0,0,0,0,0,0,0,0,1,0,0,0,0,0,1,0,0,0,0,0,0,0,0,0,0,0,0,0,0,0,0,1,0,0,0,0,0,1,0,0,0,0,0,0,0,1,1,0,1,0,0,0,0,0
-8364171.03182244,4874944.71289098,622,2023019257,2344,2,0,0,0,0,0,0,0,0,4,0,,46,2,2023,4,40.061914,-75.136625,2337,6,0,0,0,0,0,0,0,0,,0,0,0,,,0,,1,,40 03:42.889,,3,75 08:11.849,0,0,0,0,46102,0,0,0,N,0,0,0,2,46102,0,,1,,1,N,N,N,0,,0,0,0,,2,,,2,0,2,0,0,0,0,2,0,2,,,,N,,,,,,,,,,,1,0,1,0,0,0,0,0,0,0,0,0,0,0,0,0,0,0,0,0,0,0,0,0,0,0,0,0,0,0,0,0,0,0,0,0,0,0,0,0,0,0,0,0,0,0,0,0,0,0,0,0,0,0,0,1,0,0,0,0,1,0,0,0,1,0,0,0,0,0,0,0,0,0,1,0,0,0,0,0,0,0,0,0,1,0,0,0,0,0,0,0,0,0,0,0,0,0,0,1,0,0,0,0,0,0,1,0,0,0,0,0,0,0,0,0,0,1,0,0,0,1,0,1,0,0,0,0,0
-8363882.15773227,4874718.10543323,623,2023019255,0625,2,0,0,0,0,0,0,0,0,4,0,,46,2,2023,4,40.060356,-75.13403,0622,6,0,0,0,0,0,1,0,0,,0,0,0,,,2,,2,,40 03:37.283,,0,75 08:02.509,8,0,0,0,46102,0,0,0,N,0,0,0,3,46102,0,,1,,1,N,N,N,0,,0,0,0,,0,,,2,2,0,0,0,2,0,2,0,2,,03,,N,,,,,,,,,,,0,0,1,0,0,0,0,0,0,0,0,0,0,0,0,0,0,0,0,0,0,0,0,0,1,0,0,0,0,0,0,0,0,0,0,0,0,0,0,0,0,0,0,0,0,0,0,0,0,0,0,0,0,0,0,0,0,0,1,1,1,0,0,0,0,0,0,1,0,0,0,0,0,0,1,0,0,0,0,0,0,0,0,0,0,0,0,0,0,0,0,0,0,0,0,0,0,0,0,0,0,0,0,0,0,0,1,0,0,0,0,0,0,0,0,0,0,0,0,0,1,1,0,1,0,0,0,0,0
-8372444.40994067,4867166.08252814,624,2023061971,0706,1,0,0,0,0,0,0,0,0,1,0,,46,7,2023,4,40.008413,-75.210946,0700,6,0,0,0,0,0,0,0,0,,0,0,0,,,2,Y,0,,40 00:30.286,2,0,75 12:39.407,4,0,0,0,46104,0,0,0,N,0,0,0,2,46104,2,,1,749,1,N,N,N,0,,0,0,1,,2,N,,2,2,0,0,0,0,0,2,0,2,,,,N,,,,,,,,,,,1,0,0,0,0,0,0,0,0,0,0,0,0,0,0,0,0,0,0,0,0,0,0,0,0,0,0,0,0,0,0,0,0,0,0,0,0,0,0,0,0,0,0,0,0,0,0,0,0,0,0,0,0,0,0,0,0,0,1,1,0,0,0,0,0,0,0,1,1,0,0,0,0,0,1,0,1,0,0,0,0,0,0,1,0,0,0,0,0,1,0,0,0,0,0,0,0,0,0,0,0,0,0,0,1,0,0,0,0,0,0,0,0,0,0,0,0,0,0,0,0,1,0,1,0,0,0,0,0
-8365014.05460093,4875561.87337768,625,2023057130,2012,0,0,1,0,0,0,0,0,0,7,0,,46,6,2023,7,40.066157,-75.144198,2011,6,0,0,0,0,0,0,0,0,,0,0,0,,,1,N,0,,40 03:58.164,,0,75 08:39.114,2,0,0,0,46102,0,0,0,N,0,0,0,1,46102,0,,5,,1,N,N,N,0,,0,1,1,,0,,,1,1,0,0,0,0,0,2,0,1,,03,,N,,,,,,,,,,,0,0,0,0,0,0,0,0,0,0,0,0,1,0,0,0,0,0,0,0,0,0,0,0,0,0,0,0,0,0,1,0,0,0,0,0,0,0,0,1,0,0,0,0,0,0,0,0,0,0,0,0,0,0,0,0,0,0,1,1,0,0,0,1,0,0,0,0,0,0,0,0,0,0,0,0,1,0,0,0,0,0,0,0,0,0,0,0,0,0,0,0,0,0,0,0,0,0,0,0,1,0,0,0,0,0,1,0,0,0,1,1,0,0,0,0,0,0,0,0,0,1,0,1,0,0,0,0,0
-8365300.70247391,4875762.75344527,626,2023044855,2256,1,0,0,0,0,0,0,0,0,1,0,,46,5,2023,6,40.067538,-75.146773,2105,6,0,0,0,0,0,1,0,0,,0,0,0,,,0,,1,,40 04:03.138,,0,75 08:48.383,0,0,0,0,46102,0,0,0,N,0,0,0,2,67301,0,,1,,1,N,N,N,0,,0,0,1,,2,,,2,0,0,0,0,0,0,2,0,2,,03,,N,,,,,,,,,,,1,0,0,0,0,0,0,0,0,0,0,0,1,0,0,0,0,0,0,0,0,0,0,0,1,0,0,0,0,0,0,0,0,0,0,0,0,0,0,0,0,0,0,0,0,1,0,0,0,0,0,0,0,0,0,1,0,0,0,0,1,0,0,0,0,0,0,1,0,0,0,0,0,0,1,0,0,0,0,0,0,0,0,0,1,0,0,0,0,1,0,0,0,0,0,0,0,0,0,1,0,0,0,1,1,0,1,0,0,0,0,0,0,0,0,0,0,0,0,0,0,1,0,1,0,0,0,0,0
-8374164.63054531,4866125.97277308,627,2023065289,1337,1,0,0,0,0,0,0,0,0,4,0,,46,7,2023,4,40.001256,-75.226399,1335,6,0,0,0,0,0,0,0,0,,0,0,0,,,1,,1,,40 00:04.521,2,0,75 13:35.036,4,0,0,0,46104,0,0,0,N,0,0,0,5,46104,1,,1,1600,1,N,N,N,0,,0,0,0,,2,N,,2,1,0,0,0,0,0,2,1,2,,,,N,,,,,,,,,,,1,0,1,0,0,0,0,0,0,0,1,0,1,0,0,0,0,0,0,0,0,0,0,0,0,0,0,0,0,0,0,0,0,0,0,0,0,0,0,0,0,0,0,0,0,0,0,0,0,0,0,0,0,0,0,0,0,0,1,1,1,0,0,0,1,0,0,1,0,0,0,0,0,0,1,0,0,0,0,0,0,0,0,1,0,0,0,0,0,0,0,0,0,0,0,0,0,0,0,1,0,0,0,0,0,0,1,0,0,0,0,0,0,0,0,0,0,0,0,0,0,1,0,1,0,0,0,0,0
-8368141.91080997,4877909.26724377,628,2023049715,,1,0,0,0,0,0,0,0,0,1,0,,46,6,2023,5,40.082293,-75.172296,,6,0,0,1,0,0,0,0,0,,0,0,0,,,1,N,0,,40 04:56.254,,0,75 10:20.265,4,0,0,0,46102,0,0,0,N,0,0,0,3,46102,1,,1,,1,N,N,N,0,,0,0,1,,0,,,2,1,0,0,0,0,0,2,0,2,,,,N,,,,,,,,,,,1,0,0,0,0,0,0,0,0,0,0,0,0,0,0,0,0,0,0,0,0,1,0,0,0,0,0,0,0,0,0,0,0,0,0,0,0,0,0,0,0,0,0,0,0,0,0,0,0,0,0,0,0,0,0,0,0,0,1,1,0,0,0,0,0,0,0,0,0,0,0,0,0,0,1,0,1,0,0,0,0,0,0,1,0,0,0,0,0,1,0,0,0,0,0,0,0,0,0,0,0,0,0,0,1,0,1,0,0,0,0,0,0,0,0,0,0,0,0,0,0,1,0,1,0,0,0,0,1
-8379261.06091758,4862867.99722265,629,2023054248,,2,0,0,0,0,0,0,0,0,1,0,,46,4,2023,1,39.978833,-75.272181,,6,0,0,0,0,0,1,1,0,,0,0,0,,,0,,2,,39 58:43.799,,0,75 16:19.853,0,0,0,0,46104,0,0,0,N,0,0,0,2,67301,0,,1,,9,N,N,Y,0,,0,0,0,,2,,,2,0,0,0,0,0,0,2,0,2,,04,,N,,,,,,,,,,,1,0,0,0,0,0,0,0,0,0,0,0,1,0,0,0,0,0,0,0,0,0,0,0,1,1,0,0,0,0,0,0,0,0,0,0,0,0,0,0,0,0,0,0,0,0,0,0,0,0,0,0,0,0,0,0,0,0,0,0,1,0,0,0,0,0,0,1,0,0,0,1,0,0,1,0,0,0,0,0,0,0,0,0,1,0,0,0,0,1,0,0,0,0,0,0,0,0,0,1,0,0,0,0,1,0,1,0,0,0,0,0,0,0,0,0,0,0,0,0,0,1,0,1,0,0,1,0,0
-8366567.9640164,4876718.18921343,630,2023057126,,1,0,0,0,0,0,0,0,0,1,1,,46,6,2023,6,40.074106,-75.158157,,6,0,0,0,0,0,0,0,0,,0,0,0,,,1,N,0,,40 04:26.780,,0,75 09:29.364,3,0,0,0,46102,0,0,0,N,0,0,0,5,46102,0,,1,,1,N,N,N,1,,1,0,0,,2,,,2,1,1,0,0,0,0,2,0,2,,,,N,,,,,,,,,,,0,0,0,0,0,0,0,0,0,0,0,1,1,0,0,0,0,1,0,0,0,0,0,0,0,0,0,0,0,0,0,0,0,0,0,0,0,0,0,0,0,0,0,0,0,1,0,0,0,0,0,0,0,0,0,0,0,0,1,1,0,0,0,0,0,0,0,0,0,0,0,0,0,0,1,0,1,0,0,0,0,0,0,0,0,0,0,0,0,1,0,0,0,0,0,0,0,0,0,0,0,0,0,0,0,0,1,0,0,1,0,0,0,0,0,0,0,1,0,0,0,1,0,1,0,0,0,0,0
-8373557.15989024,4866499.74291572,631,2023056922,,0,0,0,0,0,0,0,0,0,0,0,,46,6,2023,4,40.003828,-75.220942,,6,0,0,0,0,0,1,0,0,,0,0,0,,,0,N,0,,40 00:13.781,2,0,75 13:15.390,0,0,0,0,46104,0,0,0,N,0,0,0,1,46104,0,,1,30,9,N,N,N,1,,0,0,0,,0,Y,,1,0,0,0,0,0,0,2,0,1,,,,N,,,,,,,,,,,0,0,0,0,0,0,0,0,0,0,0,0,0,0,0,0,0,0,0,0,0,0,0,0,1,0,0,0,0,0,0,0,0,1,0,0,0,0,0,0,0,0,0,0,0,0,0,0,0,0,0,0,0,0,0,0,0,0,0,0,0,0,0,0,0,0,0,1,1,0,0,0,0,0,0,0,1,0,0,0,0,0,0,0,1,0,0,0,0,0,0,0,0,0,0,0,0,0,0,0,1,0,0,0,0,0,0,0,0,0,0,1,0,0,0,0,0,0,0,0,0,1,0,1,0,0,1,0,0
-8377269.44343129,4864228.8562279,632,2023063429,0053,1,0,0,0,0,0,0,0,0,7,0,,46,7,2023,2,39.9882,-75.25429,0053,6,0,0,0,0,0,0,0,0,,0,0,0,,,0,N,0,,39 59:17.519,2,0,75 15:15.445,0,0,0,0,46104,0,0,0,N,0,0,0,1,46104,0,,5,30,1,N,N,N,0,,0,0,0,,0,N,,1,0,0,0,0,0,0,2,0,1,,,,N,,,,,,,,,,,0,1,0,0,0,0,0,0,0,0,0,0,1,0,0,0,0,0,1,0,0,0,0,0,0,0,0,1,1,0,0,0,0,0,0,0,0,0,0,1,0,0,0,0,0,0,0,0,0,0,0,0,0,0,1,1,1,0,0,0,0,0,0,1,0,0,0,0,0,0,0,0,0,0,0,0,1,0,0,0,0,0,0,0,1,0,0,0,0,0,0,0,0,0,0,0,0,0,0,0,1,0,0,0,0,0,1,0,0,0,0,1,0,0,0,0,0,0,0,0,0,1,0,1,0,0,0,0,0
-8378897.8253162,4863091.71900227,633,2023058588,2235,2,0,0,0,0,0,0,0,0,1,0,,46,6,2023,6,39.980373,-75.268918,2229,6,0,0,1,0,0,2,0,0,,0,0,0,,,0,Y,0,,39 58:49.341,2,0,75 16:08.105,0,0,0,0,46104,0,0,0,N,0,0,0,8,46104,0,,1,2320,1,N,N,Y,0,,0,0,2,,2,N,,4,0,0,0,0,0,0,2,0,4,,,,N,,,,,,,,,,,1,1,0,0,0,0,0,0,0,0,0,0,1,0,0,0,0,0,1,0,0,1,0,0,1,0,0,0,0,0,0,0,0,0,0,0,0,0,0,0,0,0,0,0,0,0,0,0,0,0,0,0,0,0,0,1,1,0,0,0,0,0,0,0,0,0,0,0,0,0,0,0,0,0,1,0,1,0,0,0,0,0,0,0,1,0,0,0,0,1,0,0,0,0,0,0,0,0,0,0,0,0,0,0,0,0,1,0,0,0,0,0,0,0,0,0,0,0,0,0,0,1,0,1,0,0,0,0,1
-8375541.87565085,4865281.11828351,634,2023059546,1316,1,0,0,0,0,0,0,0,0,1,0,,46,6,2023,6,39.995442,-75.238771,1316,6,0,0,0,0,0,0,0,0,,0,0,0,,,2,N,0,,39 59:43.591,,0,75 14:19.576,4,0,0,0,46104,0,0,0,N,0,0,0,2,46104,1,,1,,1,N,N,N,0,,0,0,1,,0,,,2,2,0,0,0,1,0,2,0,2,,,,N,,,,,,,,,,,1,0,0,0,0,0,0,0,0,0,0,0,0,0,0,0,0,0,0,0,0,0,0,0,0,0,0,0,0,0,0,0,0,0,0,0,0,0,0,0,0,0,0,0,0,0,0,0,0,0,0,0,0,0,0,0,0,0,1,1,0,0,0,0,0,0,0,1,1,0,0,0,0,0,1,0,1,0,0,0,0,0,0,1,0,0,0,0,0,1,0,0,0,0,0,0,0,0,0,0,0,0,0,0,1,0,0,0,0,0,0,0,0,0,0,0,0,0,0,0,0,1,0,1,0,0,0,0,0
-8379355.01466469,4862827.61154602,635,2023059557,1728,1,0,0,0,0,0,0,0,0,4,0,,46,6,2023,5,39.978555,-75.273025,1723,6,0,0,0,0,0,1,0,0,,0,0,0,,,0,,2,,39 58:42.797,,0,75 16:22.891,0,0,0,0,46104,0,0,0,N,0,0,0,3,46104,0,,1,,1,N,N,N,0,,0,0,2,,0,,,3,0,0,0,0,0,0,2,0,3,,,,N,,,,,,,,,,,1,0,1,0,0,0,0,0,0,0,0,0,1,0,0,0,0,0,0,0,0,0,0,0,1,0,0,0,0,0,0,0,0,0,0,0,0,0,0,0,0,0,0,0,0,0,0,0,0,0,0,0,0,0,0,0,0,0,0,0,1,0,0,0,1,0,0,1,0,0,0,0,0,0,1,0,0,0,0,0,0,0,0,0,1,0,0,0,0,0,0,0,0,0,0,0,0,0,0,0,0,0,0,0,0,0,1,0,0,0,0,0,0,0,0,0,0,0,0,0,1,1,0,1,0,0,0,0,0
-8373856.38747978,4879454.23017078,636,2023063434,0902,1,0,0,0,0,0,0,0,0,1,0,,46,7,2023,4,40.092911,-75.22363,0858,6,0,0,0,1,0,1,0,0,,0,0,0,,,1,Y,0,,40 05:34.478,,0,75 13:25.067,3,0,0,0,46108,0,0,0,N,0,0,0,5,46108,0,,1,,1,N,N,N,0,,1,0,2,,0,,,3,1,0,0,0,0,0,2,0,3,,,,N,,,,,,,,,,,1,0,0,0,0,0,0,0,0,0,0,0,0,0,0,0,0,1,0,0,0,0,1,0,1,0,0,0,0,0,0,0,0,0,0,0,0,0,0,0,0,0,0,0,0,0,0,0,0,0,0,0,0,0,0,0,0,0,1,1,0,0,0,0,0,0,0,0,0,0,0,0,0,0,1,0,1,0,0,0,0,0,0,0,0,0,0,0,0,1,0,0,0,0,0,0,0,0,0,0,0,0,0,0,0,0,1,0,0,1,0,0,1,0,0,0,0,0,0,0,0,1,0,1,0,0,0,0,1
-8374421.11077354,4865958.12957988,637,2023072175,1215,2,0,0,0,0,0,0,0,0,4,0,,46,8,2023,5,40.000101,-75.228703,1215,6,0,0,0,1,1,2,0,0,,0,0,0,,,1,,1,,40 00:00.365,5,0,75 13:43.330,8,0,0,0,46104,0,0,0,N,0,0,0,4,68K01,0,,1,1240,1,N,N,N,0,,0,0,1,,2,Y,,4,1,0,0,0,1,0,2,1,4,,,,N,,,,,,,,,,,1,0,1,0,0,0,0,0,0,0,0,0,1,0,0,0,0,0,0,0,0,0,1,1,1,0,0,0,0,0,0,0,0,0,0,0,0,0,0,0,0,0,0,0,0,1,0,0,0,0,0,0,0,0,0,0,0,0,1,1,1,0,0,0,1,0,0,0,0,0,0,0,0,0,1,1,0,0,0,0,0,0,0,0,0,1,0,0,0,0,0,0,0,0,0,0,0,0,0,1,0,0,0,1,1,0,1,0,0,0,0,0,0,0,0,0,0,0,0,0,0,1,0,1,0,0,0,0,1
-8363319.77138646,4874251.08949089,638,2023065336,1458,0,0,0,0,0,0,0,0,0,7,0,,46,7,2023,5,40.057145,-75.128978,1450,6,0,0,0,0,0,1,0,0,,0,0,0,,,1,,1,,40 03:25.722,4,0,75 07:44.320,4,0,0,0,46102,0,0,0,N,0,0,0,1,46102,1,,5,1523,1,N,N,N,0,,0,0,1,,2,N,,1,1,0,0,0,0,0,2,0,1,,03,,N,,,,,,,,,,,0,0,0,0,0,0,0,0,0,0,0,0,0,0,0,0,0,0,0,0,0,0,0,0,1,0,0,0,0,0,0,0,0,0,0,0,0,0,0,1,0,0,0,0,0,0,0,0,0,0,0,0,0,0,0,0,0,0,1,1,1,0,0,0,0,0,0,1,0,0,0,0,0,0,0,0,0,0,0,0,0,0,0,1,0,0,0,0,0,0,0,0,0,0,0,0,0,0,0,1,1,0,0,0,0,0,1,0,0,0,0,1,0,0,0,0,0,0,0,0,0,1,0,1,0,0,0,0,0
-8375135.78207059,4865529.59741037,639,2023053539,0800,2,0,0,0,0,0,0,0,0,1,0,,46,6,2023,3,39.997152,-75.235123,0757,6,0,0,0,0,0,0,0,0,,0,0,0,,,1,N,0,,39 59:49.746,2,0,75 14:06.442,4,0,0,0,46104,0,0,0,N,0,0,0,4,46104,1,,1,835,1,N,N,N,0,,0,0,0,,2,N,,2,1,0,0,0,0,0,2,0,2,,,,N,,,,,,,,,,,1,0,0,0,0,0,0,0,0,0,0,0,0,0,0,0,0,0,0,0,0,0,0,0,0,0,0,0,0,0,0,0,0,0,0,0,0,0,0,0,0,0,0,0,0,0,0,0,0,0,0,0,0,0,0,0,0,0,1,1,0,0,0,0,0,0,0,1,1,0,0,0,0,0,1,0,1,0,0,0,0,0,0,1,0,0,0,0,0,1,0,0,0,0,0,0,0,0,0,0,0,0,0,0,1,0,0,0,0,0,0,0,0,0,0,0,0,0,0,0,0,1,0,1,0,0,0,0,0
-8363799.00195735,4874645.96456407,640,2023065326,2350,1,0,0,0,0,0,0,0,0,4,0,,46,7,2023,2,40.05986,-75.133283,2342,6,0,0,0,0,0,0,0,0,,0,0,0,,,0,,1,,40 03:35.495,4,0,75 07:59.818,0,0,0,0,46102,0,0,0,N,0,0,0,2,46102,0,,1,28,9,N,N,N,0,,0,0,1,,2,N,,2,0,0,0,0,0,0,2,0,2,,04,,N,,,,,,,,,,,1,0,1,0,0,0,0,0,0,0,0,0,0,0,0,0,0,0,0,0,0,0,0,0,0,0,0,0,0,0,0,0,0,0,0,0,0,0,0,0,0,0,0,0,0,0,0,0,0,0,0,0,0,0,0,1,0,0,0,0,1,0,0,0,0,0,0,1,0,0,0,0,0,0,1,0,0,0,0,0,0,0,0,0,1,0,0,0,0,0,0,0,0,0,0,0,0,0,0,1,0,0,0,1,1,0,1,0,0,0,0,0,0,0,0,0,0,0,0,0,0,1,0,1,0,0,1,0,0
-8364643.9172713,4875287.10644145,641,2023044318,0725,0,0,0,0,0,0,0,0,0,4,0,,46,5,2023,5,40.064268,-75.140873,0717,6,0,0,0,0,0,0,0,0,,0,0,0,,,2,,3,,40 03:51.365,,0,75 08:27.142,3,0,0,0,46102,0,0,0,N,0,0,0,3,67301,0,,1,,1,N,N,N,0,,2,0,2,,0,,,2,2,0,0,0,0,1,2,0,2,,03,,N,,,,,,,,,,,1,0,1,0,0,0,0,0,0,0,0,0,1,0,0,0,0,0,0,0,0,0,0,0,0,0,0,0,0,0,0,0,0,0,0,0,0,0,0,0,0,0,0,0,0,1,0,0,0,0,0,0,0,0,0,0,0,0,1,1,1,0,0,0,1,0,0,1,0,0,0,0,0,0,1,0,0,0,0,0,0,0,0,0,0,0,0,0,0,0,0,0,0,0,0,0,0,0,0,0,0,0,0,0,0,0,1,0,0,1,0,0,0,0,0,0,0,0,0,0,1,1,0,1,0,0,0,0,0
-8375285.06159497,4865438.34242054,642,2023052026,2348,1,0,0,0,0,0,0,0,0,5,0,,46,6,2023,2,39.996524,-75.236464,2348,6,0,0,0,0,0,0,0,0,,0,0,0,,,0,N,0,,39 59:47.486,,0,75 14:11.272,0,0,0,0,46104,0,0,0,N,0,0,0,3,46104,0,,1,,1,N,N,Y,0,,0,0,1,,0,,,2,0,0,0,0,0,0,2,0,2,,03,,N,,,,,,,,,,,0,0,0,0,0,0,0,0,0,0,0,0,0,0,0,0,0,0,0,0,0,0,0,0,0,0,0,0,0,0,0,0,0,0,0,0,0,0,0,0,0,0,0,0,0,0,0,0,0,0,0,0,0,0,0,1,0,0,0,0,0,0,0,0,0,0,0,1,1,0,0,0,0,0,1,0,1,0,0,0,0,0,0,0,1,0,0,0,0,0,0,0,0,0,0,0,0,0,0,0,0,0,0,0,0,0,0,0,0,0,0,0,0,0,0,0,0,0,0,0,0,1,0,1,0,0,0,0,0
-8365410.24091205,4875859.34012251,643,2023052653,0938,1,0,0,0,0,0,0,0,0,7,0,,46,6,2023,6,40.068202,-75.147757,0937,6,0,0,0,0,0,0,1,0,,0,0,0,,,1,N,0,,40 04:05.527,,7,75 08:51.924,4,0,0,0,46102,0,0,0,N,0,0,0,1,46102,1,,5,,1,N,N,N,0,,0,0,0,,0,,,1,1,0,0,0,0,0,2,0,1,,03,,N,,,,,,,,,,,0,0,0,0,0,0,0,0,0,0,0,0,1,0,0,0,0,0,0,0,0,0,0,0,0,1,0,0,0,0,0,0,0,0,0,0,0,0,0,1,0,0,0,0,0,0,0,0,0,0,0,0,0,0,0,0,0,0,1,1,0,0,0,0,0,0,0,0,0,0,0,1,0,0,0,0,1,0,0,0,0,0,0,1,0,0,0,0,0,0,0,0,0,0,0,0,0,0,0,0,1,0,0,0,0,0,1,0,0,0,0,1,0,0,0,0,0,0,0,0,0,1,0,1,0,0,0,0,0
-8359021.05663974,4875434.88935126,644,2023049708,1812,1,0,0,0,0,0,0,0,0,4,0,,46,5,2023,3,40.065284,-75.090362,1810,6,0,0,0,0,0,0,0,1,,0,0,0,,,3,,1,,40 03:55.022,,0,75 05:25.303,3,0,0,0,46102,0,0,0,N,0,0,0,3,46102,0,,1,,1,N,N,N,0,,1,0,1,,2,,,2,3,0,0,0,2,0,2,0,2,,03,,N,,,,,,,,,,,0,0,1,0,0,0,0,0,0,0,0,0,0,0,0,0,0,0,0,0,0,0,0,0,0,0,1,0,0,0,0,0,0,0,0,0,0,0,0,0,0,0,0,0,0,0,0,0,0,0,0,0,0,0,0,0,0,0,1,1,1,0,0,0,1,0,0,1,0,0,0,1,0,0,1,0,0,0,0,0,0,0,0,0,0,0,0,0,0,0,0,0,0,0,0,0,0,0,0,1,0,0,0,0,0,0,1,0,0,1,0,0,0,0,0,0,0,0,0,0,0,1,0,1,0,0,0,0,0