X,Y,objectid,crn,arrival_tm,automobile_count,belted_death_count,belted_susp_serious_inj_count,bicycle_count,bicycle_death_count,bicycle_susp_serious_inj_count,bus_count,chldpas_death_count,chldpas_susp_serious_inj_count,collision_type,comm_veh_count,cons_zone_spd_lim,county,crash_month,crash_year,day_of_week,dec_latitude,dec_longitude,dispatch_tm,district,driver_count_16yr,driver_count_17yr,driver_count_18yr,driver_count_19yr,driver_count_20yr,driver_count_50_64yr,driver_count_65_74yr,driver_count_75plus,est_hrs_closed,fatal_count,heavy_truck_count,horse_buggy_count,hour_of_day,illumination,injury_count,intersection_related_x,intersect_type,lane_closed,latitude,ln_close_dir,location_type,longitude,max_severity_level,mcycle_death_count,mcycle_susp_serious_inj_count,motorcycle_count,municipality,nonmotr_count,nonmotr_death_count,nonmotr_susp_serious_inj_count,ntfy_hiwy_maint,ped_count,ped_death_count,ped_susp_serious_inj_count,person_count,police_agcy,possible_inj_count,rdwy_surf_type_cd,relation_to_road,roadway_cleared,road_condition,sch_bus_ind,sch_zone_ind,secondary_crash,small_truck_count,spec_juris_cd,susp_minor_inj_count,susp_serious_inj_count,suv_count,tcd_func_cd,tcd_type,tfc_detour_ind,time_of_day,total_units,tot_inj_count,unbelted_occ_count,unb_death_count,unb_susp_serious_inj_count,unk_inj_deg_count,unk_inj_per_count,urban_rural,van_count,vehicle_count,weather1,weather2,workers_pres,work_zone_ind,work_zone_loc,work_zone_type,wz_close_detour,wz_flagger,wz_law_offcr_ind,wz_ln_closure,wz_moving,wz_other,wz_shlder_mdn,wz_workers_inj_killed,aggressive_driving,alcohol_related,angle_crash,atv,atv_route,backup_congestion,backup_nonrecurring,backup_prior,bicycle,cell_phone,child_passenger,comm_vehicle,core_network,cross_median,curved_road,curve_dvr_error,deer_related,distracted,drinking_driver,driver_16yr,driver_17yr,driver_18yr,driver_19yr,driver_20yr,driver_50_64yr,driver_65_74yr,driver_75plus,drugged_driver,drug_related,fatal,fatal_or_susp_serious_inj,fatigue_asleep,federal_aid_route,fire_in_vehicle,hazardous_truck,hit_barrier,hit_bridge,hit_deer,hit_embankment,hit_fixed_object,hit_gdrail,hit_gdrail_end,hit_parked_vehicle,hit_pole,hit_roadway_equipment,hit_run,hit_temp_construction_barrier,hit_traffic_island,hit_tree_shrub,hit_utility_pole,horse_buggy,ho_oppdir_sdswp,hvy_truck_related,icy_road,illegal_drug_related,illumination_dark,impaired_driver,impaired_nonmotorist,injury,injury_or_fatal,intersection,intersection_related_y,interstate,lane_departure,left_turn,limit_65mph,limit_70mph,local_road,local_road_only,marijuana_drugged_driver,marijuana_related,mature_driver,mc_drinking_driver,motorcycle,multiple_vehicle,nhtsa_agg_driving,non_intersection,no_clearance,opioid_related,other_freeway_expressway,overturned,pedestrian,phantom_vehicle,possible_injury,property_damage_only,psp_reported,ramp,ramp_segment,ramp_terminal,rear_end,roundabout,running_red_lt,running_stop_sign,rural,school_bus,school_bus_related,school_bus_unit,school_zone,shldr_related,signalized_int,single_vehicle,snowmobile,snow_slush_road,speeding,speeding_related,speed_change_lane,state_road,stop_controlled_int,sudden_deer,suspected_minor_injury,suspected_serious_injury,sv_run_off_rd,tailgating,train,train_trolley,trolley,turnpike,unbelted,underage_drnk_drv,unlicensed,unsignalized_int,urban,vehicle_failure,vehicle_towed,vulnerable_road_user,vulnerable_road_user_fatal,wet_road,work_zone,young_driver
-8366301.1310032,4876519.90828776,722,2023065344,0915,1,0,0,0,0,0,0,0,0,4,0,,46,7,2023,5,40.072743,-75.15576,0911,6,0,0,0,0,0,1,0,0,,0,0,0,,,2,,3,,40 04:21.873,,7,75 09:20.736,3,0,0,0,46102,0,0,0,N,0,0,0,5,46102,0,,1,,1,N,N,N,0,,2,0,1,,1,,,3,2,0,0,0,0,0,2,1,3,03,,,N,,,,,,,,,,,0,0,1,0,0,0,0,0,0,0,0,0,1,0,0,0,0,0,0,0,0,0,0,0,1,0,0,0,0,0,0,0,0,0,0,0,0,0,0,0,0,0,0,0,0,0,0,0,0,0,0,0,0,0,0,0,0,0,1,1,1,0,0,0,1,0,0,1,0,0,0,0,0,0,1,0,0,0,0,0,0,0,0,0,0,0,0,0,0,0,0,0,0,0,0,0,0,0,0,1,0,0,0,0,0,0,1,0,0,1,0,0,0,0,0,0,0,0,0,0,0,1,0,0,0,0,0,0,0
-8366114.55954286,4876371.9639738,723,2023090173,1236,1,0,0,0,0,0,0,0,0,4,0,,46,10,2023,2,40.071726,-75.154084,1236,6,0,0,0,0,0,1,0,0,,0,0,0,,,1,,1,,40 04:18.214,,0,75 09:14.704,3,0,0,0,46102,0,0,0,N,0,0,0,2,46102,0,,1,,1,N,N,N,0,,1,0,1,,2,,,2,1,0,0,0,0,0,2,0,2,03,,,N,,,,,,,,,,,1,0,1,0,0,0,0,0,0,0,0,0,1,0,0,0,0,0,0,0,0,0,0,0,1,0,0,0,0,0,0,0,0,0,0,0,0,0,0,0,0,0,0,0,0,0,0,0,0,0,0,0,0,0,0,0,0,0,1,1,1,0,0,0,1,0,0,0,0,0,0,0,0,0,1,0,0,1,0,0,0,0,0,0,0,0,0,0,0,0,0,0,0,0,0,0,0,0,0,1,0,0,0,0,0,0,1,0,0,1,0,0,0,0,0,0,0,0,0,0,0,1,0,1,0,0,0,0,0
-8374151.38350664,4866141.66737873,724,2023085841,1602,1,0,0,0,0,0,0,0,0,1,0,,46,9,2023,3,40.001364,-75.22628,1602,6,0,0,0,0,0,0,0,0,,0,0,0,,,1,N,0,,40 00:04.912,,0,75 13:34.608,4,0,0,0,46104,0,0,0,N,0,0,0,2,46104,1,,1,,1,N,N,N,0,,0,0,1,,0,,,2,1,0,0,0,0,0,2,0,2,03,,,N,,,,,,,,,,,1,0,0,0,0,0,0,0,0,0,0,0,1,0,0,0,0,0,0,0,0,0,0,0,0,0,0,0,0,0,0,0,0,0,0,0,0,0,0,0,0,0,0,0,0,0,0,0,0,0,0,0,0,0,0,0,0,0,1,1,0,0,0,0,0,0,0,0,0,0,0,0,0,0,1,0,1,0,0,0,0,0,0,1,0,0,0,0,0,1,0,0,0,0,0,0,0,0,0,0,0,0,0,0,1,0,1,0,0,0,0,0,0,0,0,0,0,0,0,0,0,1,0,0,0,0,0,0,0
-8376695.70255964,4864571.75169068,725,2023103623,1330,1,0,0,0,0,0,0,0,0,1,0,,46,11,2023,4,39.99056,-75.249136,1330,6,0,0,0,0,0,0,0,0,,0,0,0,,,1,N,0,,39 59:26.016,,0,75 14:56.891,3,0,0,0,46104,0,0,0,N,0,0,0,3,46104,0,,1,,1,N,N,N,0,,1,0,0,,2,,,2,1,0,0,0,0,0,2,1,2,03,,,N,,,,,,,,,,,1,0,0,0,0,0,0,0,0,0,0,0,0,0,0,0,0,0,0,0,0,0,0,0,0,0,0,0,0,0,0,0,0,0,0,0,0,0,0,0,0,0,0,0,0,0,0,0,0,0,0,0,0,0,0,0,0,0,1,1,0,0,0,0,0,0,0,1,1,0,0,0,0,0,1,0,1,0,0,0,0,0,0,0,0,0,0,0,0,1,0,0,0,0,0,0,0,0,0,0,0,0,0,0,1,0,0,0,0,1,0,0,0,0,0,0,0,0,0,0,0,1,0,0,0,0,0,0,0
-8365869.87913761,4876185.7638743,726,2024003069,,1,0,0,0,0,0,0,0,0,7,0,,46,1,2024,4,40.070446,-75.151886,,6,0,0,0,0,0,0,0,0,,0,0,0,,,0,N,0,,40 04:13.606,,0,75 09:06.789,0,0,0,0,46102,0,0,0,N,0,0,0,1,46102,0,,5,,1,N,N,N,0,,0,0,0,,2,,,1,0,1,0,0,0,0,2,0,1,03,03,,N,,,,,,,,,,,1,0,0,0,0,0,0,0,0,0,0,0,1,0,0,0,0,0,0,0,0,0,0,0,0,0,0,0,0,0,0,0,0,0,0,0,0,0,0,1,0,0,0,0,0,0,0,0,0,0,0,0,0,0,0,1,0,0,0,0,0,0,0,1,0,0,0,0,0,0,0,0,0,0,0,0,1,0,0,0,0,0,0,0,1,0,0,0,0,0,0,0,0,0,0,0,0,0,0,0,1,0,0,0,0,0,1,0,0,0,0,1,0,0,0,0,0,1,0,0,0,1,0,1,0,0,0,0,0
-8373530.10935122,4866513.69415232,727,2024005915,,2,0,0,0,0,0,0,0,0,7,0,,46,1,2024,3,40.003924,-75.220699,,6,0,0,0,0,0,1,0,0,,0,0,0,,,1,,2,,40 00:14.125,,7,75 13:14.515,3,0,0,0,46104,0,0,0,N,0,0,0,2,46104,0,,5,,9,N,N,Y,0,,1,0,0,,3,,,2,1,0,0,0,0,0,2,0,2,07,07,,N,,,,,,,,,,,0,0,0,0,0,0,0,0,0,0,0,0,1,0,0,0,0,0,0,0,0,0,0,0,1,0,0,0,0,0,0,0,0,0,0,0,0,0,0,1,0,0,1,0,0,0,0,0,0,0,0,0,0,0,0,0,0,0,1,1,1,0,0,0,0,0,0,0,0,0,0,0,0,0,1,0,0,0,0,0,0,0,0,0,0,0,0,0,0,0,0,0,0,0,0,0,0,0,0,0,0,0,0,0,0,0,1,1,0,1,0,1,0,0,0,0,0,0,0,0,1,1,0,1,0,0,1,0,0
-8366166.10041184,4876402.0763491,728,2024003070,2151,2,0,0,0,0,0,0,0,0,1,0,,46,1,2024,5,40.071933,-75.154547,2151,6,0,0,0,0,0,0,1,0,,0,0,0,,,0,N,0,,40 04:18.959,,0,75 09:16.370,0,0,0,0,46102,0,0,0,N,0,0,0,2,46102,0,,1,,1,N,N,N,0,,0,0,0,,2,,,2,0,0,0,0,0,0,2,0,2,03,,,N,,,,,,,,,,,0,0,0,0,0,0,0,0,0,0,0,0,1,0,0,0,0,0,0,0,0,0,0,0,0,1,0,0,0,0,0,0,0,0,0,0,0,0,0,0,0,0,0,0,0,0,0,0,0,0,0,0,0,0,0,1,0,0,0,0,0,0,0,0,0,0,0,0,0,0,0,1,0,0,1,0,1,0,0,0,0,0,0,0,1,0,0,0,0,1,0,0,0,0,0,0,0,0,0,0,0,0,0,0,0,0,1,0,0,0,0,0,0,0,0,0,0,0,0,0,0,1,0,1,0,0,0,0,0
-8372496.17357237,4867133.81817668,729,2024003810,0735,1,0,0,0,0,0,0,0,0,0,0,,46,1,2024,4,40.008191,-75.211411,0728,6,0,0,0,0,0,0,0,0,,0,0,0,,,0,Y,0,,40 00:29.487,2,0,75 12:41.081,0,0,0,0,46104,0,0,0,N,0,0,0,1,46104,0,,1,45,1,N,N,N,0,,0,0,0,,0,Y,,1,0,0,0,0,0,0,2,0,1,03,,,N,,,,,,,,,,,0,0,0,0,0,0,0,0,0,0,0,0,0,0,0,0,0,0,0,0,0,0,0,0,0,0,0,0,0,0,0,0,0,1,0,0,0,0,0,0,0,0,0,0,0,0,0,0,0,0,0,0,0,0,0,0,0,0,0,0,0,0,0,0,0,0,0,1,1,0,0,0,0,0,0,0,1,0,0,0,0,0,0,0,1,0,0,0,0,0,0,0,0,0,0,0,0,0,0,0,1,0,0,0,0,0,0,0,0,0,0,1,0,0,0,0,0,0,0,0,0,1,0,1,0,0,0,0,0
-8364469.70210401,4875155.76202034,730,2024001041,0105,2,0,0,0,0,0,0,0,0,5,0,,46,1,2024,2,40.063365,-75.139308,0105,6,0,1,0,0,1,0,0,0,,0,0,0,,,0,,3,,40 03:48.113,6,0,75 08:21.507,0,0,0,0,46102,0,0,0,N,0,0,0,2,46102,0,,1,139,1,N,N,N,0,,0,0,0,,2,N,,2,0,0,0,0,0,0,2,0,2,03,03,,N,,,,,,,,,,,1,0,0,0,0,0,0,0,0,0,0,0,1,0,0,0,0,0,0,0,1,0,0,1,0,0,0,0,0,0,0,0,0,0,0,0,0,0,0,0,0,0,0,0,0,0,0,0,0,0,0,0,0,0,0,1,0,0,0,0,1,0,0,0,0,0,0,1,0,0,0,0,0,0,1,0,0,0,0,0,0,0,0,0,1,0,0,0,0,0,0,0,0,0,0,0,0,0,0,1,0,0,0,0,0,0,1,0,0,0,0,0,0,0,0,0,0,0,0,0,0,1,0,1,0,0,0,0,1
-8374588.31265495,4865865.27211252,731,2024008363,1220,0,0,0,0,0,0,0,0,0,4,0,,46,1,2024,5,39.999462,-75.230205,1216,6,0,0,0,0,0,0,0,0,,0,0,0,,,1,Y,0,,39 59:58.062,2,0,75 13:48.738,8,0,0,0,46104,0,0,0,N,0,0,0,3,46104,0,,1,1230,1,N,N,N,0,,0,0,1,,0,N,,2,1,0,0,0,1,0,2,1,2,03,,,N,,,,,,,,,,,1,0,1,0,0,0,0,0,0,0,0,0,0,0,0,0,0,0,0,0,0,0,0,0,0,0,0,0,0,0,0,0,0,0,0,0,0,0,0,0,0,0,0,0,0,0,0,0,0,0,0,0,0,0,0,0,0,0,1,1,0,0,0,0,0,0,0,1,1,0,0,0,0,0,1,0,1,0,0,0,0,0,0,0,0,0,0,0,0,0,0,0,0,0,0,0,0,0,0,0,0,0,0,0,0,0,0,0,0,0,0,0,0,0,0,0,0,0,0,0,0,1,0,1,0,0,0,0,0
-8359021.05663974,4875434.88935126,732,2024011544,0045,1,0,0,0,0,0,0,0,0,1,0,,46,1,2024,3,40.065284,-75.090362,0035,6,0,0,0,0,0,0,0,0,,0,0,0,,,1,,1,,40 03:55.022,,0,75 05:25.303,8,0,0,0,46102,0,0,0,N,0,0,0,2,46102,0,,1,,2,N,N,N,0,,0,0,1,,2,,,2,1,0,0,0,1,0,2,0,2,10,,,N,,,,,,,,,,,0,0,0,0,0,0,0,0,0,0,0,0,0,0,0,0,0,0,0,0,0,0,0,0,0,0,0,0,0,0,0,0,0,0,0,0,0,0,0,0,0,0,0,0,0,0,0,0,0,0,0,0,0,1,0,1,0,0,1,1,1,0,0,0,0,0,0,1,0,0,0,0,0,0,1,0,0,0,0,0,0,0,0,0,0,0,0,0,0,1,0,0,0,0,0,0,0,0,0,1,0,0,0,0,0,0,1,0,0,0,0,0,0,0,0,0,0,0,0,0,0,1,0,0,0,0,0,0,0
-8351732.52238171,4884739.89212108,733,2024005267,0556,0,0,0,0,0,0,0,0,0,4,0,,46,1,2024,4,40.129225,-75.024888,0550,6,0,0,0,0,0,1,0,0,,0,0,0,,,0,,1,,40 07:45.210,3,0,75 01:29.597,0,0,0,0,46105,0,0,0,N,0,0,0,2,46105,0,,1,640,9,N,N,N,1,,0,0,1,,2,N,,2,0,0,0,0,0,0,2,0,2,03,,,N,,,,,,,,,,,1,0,1,0,0,0,0,0,0,0,0,0,0,0,0,0,0,0,0,0,0,0,0,0,1,0,0,0,0,0,0,0,0,0,0,0,0,0,0,0,0,0,0,0,0,0,0,0,0,0,0,0,0,0,0,1,0,0,0,0,1,0,0,0,0,0,0,1,0,0,0,0,0,0,1,0,0,0,0,0,0,0,0,0,1,0,0,0,0,0,0,1,0,0,0,0,0,0,0,1,0,0,0,0,0,0,1,0,0,0,0,0,0,0,0,0,0,0,0,0,0,1,0,1,0,0,1,0,0
-8365300.70247391,4875762.75344527,734,2024013531,0515,2,0,0,0,0,0,0,0,0,4,0,,46,2,2024,1,40.067538,-75.146773,0512,6,0,0,0,0,0,0,0,0,,0,0,0,,,0,,1,,40 04:03.138,4,0,75 08:48.383,0,0,0,0,46102,0,0,0,N,0,0,0,3,46102,0,,1,555,1,N,N,N,0,,0,0,0,,2,N,,2,0,0,0,0,0,0,2,0,2,03,,,N,,,,,,,,,,,0,0,1,0,0,0,0,0,0,0,0,0,1,0,0,0,0,0,0,0,0,0,0,0,0,0,0,0,0,0,0,0,0,0,0,0,0,0,0,0,0,0,0,0,0,0,0,0,0,0,0,0,0,0,0,1,0,0,0,0,1,0,0,0,0,0,0,1,0,0,0,0,0,0,1,0,0,0,0,0,0,0,0,0,1,0,0,0,0,0,0,0,0,0,0,0,0,0,0,1,0,0,0,0,0,0,1,0,0,0,0,0,0,0,0,0,0,0,0,0,0,1,0,1,0,0,0,0,0
-8366593.90145284,4876723.71730579,735,2024011556,1928,1,0,0,0,0,0,0,0,0,2,0,,46,1,2024,1,40.074144,-75.15839,1921,6,0,1,0,0,0,0,0,0,,0,0,0,,,0,,1,,40 04:26.918,,0,75 09:30.203,0,0,0,0,46102,0,0,0,N,0,0,0,4,46102,0,,1,,1,N,N,N,0,,0,0,1,,2,,,2,0,0,0,0,0,0,2,0,2,03,,,N,,,,,,,,,,,0,0,0,0,0,0,0,0,0,0,0,0,1,0,0,0,0,0,0,0,1,0,0,0,0,0,0,0,0,0,0,0,0,0,0,0,0,0,0,0,0,0,0,0,0,0,0,0,0,0,0,1,0,0,0,1,0,0,0,0,1,0,0,0,1,0,0,1,0,0,0,0,0,0,1,0,0,0,0,0,0,0,0,0,1,0,0,0,0,0,0,0,0,0,0,0,0,0,0,1,0,0,0,0,0,0,1,0,0,0,0,0,0,0,0,0,0,0,0,0,0,1,0,1,0,0,0,0,1
-8373530.10935122,4866513.69415232,736,2024019498,1049,0,0,0,0,0,0,0,0,0,4,0,,46,2,2024,7,40.003924,-75.220699,1047,6,0,0,0,0,0,2,0,0,,0,0,0,,,2,,1,,40 00:14.125,,0,75 13:14.515,3,0,0,0,46104,0,0,0,N,0,0,0,4,46104,0,,1,,9,N,N,Y,0,,2,0,4,,2,,,4,2,0,0,0,0,0,2,0,4,10,03,,N,,,,,,,,,,,1,0,1,0,0,0,0,0,0,0,0,0,1,0,0,0,0,1,0,0,0,0,0,0,1,0,0,0,0,0,0,0,0,0,0,0,0,0,0,0,0,0,0,0,0,0,0,0,0,0,0,0,0,0,0,0,0,0,1,1,1,1,0,0,0,0,0,0,0,0,0,0,0,0,1,0,0,1,0,0,0,0,0,0,0,0,0,0,0,0,0,0,0,0,0,0,0,0,0,1,0,0,0,0,0,0,1,0,0,1,0,0,0,0,0,0,0,0,0,0,0,1,0,1,0,0,1,0,0
-8364469.70210401,4875155.76202034,737,2024011553,0015,0,0,0,0,0,0,0,0,0,7,0,,46,1,2024,7,40.063365,-75.139308,0013,6,0,0,0,0,0,0,0,0,,0,0,0,,,1,,3,,40 03:48.113,,0,75 08:21.507,8,0,0,0,46102,0,0,0,N,0,0,0,1,46102,0,,5,,6,N,N,N,0,,0,0,1,,2,,,1,1,1,0,0,1,0,2,0,1,10,,,N,,,,,,,,,,,1,0,0,0,0,0,0,0,0,0,0,0,1,0,0,0,0,0,0,0,0,0,0,0,0,0,0,0,0,0,0,0,0,0,0,0,0,0,0,1,0,0,0,1,0,0,0,0,0,0,0,0,0,0,0,1,0,0,1,1,1,0,0,0,1,0,0,1,0,0,0,0,0,0,0,0,0,0,0,0,0,0,0,0,0,0,0,0,0,0,0,0,0,0,0,0,0,0,0,1,1,0,1,0,1,0,1,0,0,0,0,1,0,0,0,0,0,1,0,0,0,1,0,1,0,0,0,0,0
-8365339.88694051,4875807.11917796,738,2024013529,2335,0,0,0,0,0,0,0,0,0,8,0,,46,2,2024,5,40.067843,-75.147125,2331,6,0,0,0,0,0,0,0,0,,0,0,0,,,1,N,0,,40 04:04.236,,0,75 08:49.650,2,0,0,0,46102,1,0,1,N,1,0,1,2,46102,0,,1,,9,N,N,N,0,,0,1,0,,0,,,2,1,0,0,0,0,1,2,0,1,07,,,N,,,,,,,,,,,0,0,0,0,0,0,0,0,0,0,0,0,1,0,0,0,0,0,0,0,0,0,0,0,0,0,0,0,0,0,1,0,0,0,0,0,0,0,0,0,0,0,0,0,0,1,0,0,0,0,0,0,0,0,0,1,0,0,1,1,0,0,0,0,0,0,0,0,0,0,0,0,0,0,0,0,1,0,0,0,0,1,0,0,0,0,0,0,0,0,0,0,0,0,0,0,0,0,0,0,1,0,0,0,0,0,1,0,0,0,1,0,0,0,0,0,0,0,0,0,0,1,0,0,1,0,1,0,0
-8362876.49701286,4873887.2075706,739,2024023668,1559,1,0,0,0,0,0,0,0,0,8,0,,46,1,2024,1,40.054643,-75.124996,1555,6,0,0,0,0,0,1,0,0,,0,0,0,,,1,,1,,40 03:16.716,,0,75 07:29.987,3,0,0,0,46102,1,0,0,N,1,0,0,2,46102,0,,1,,1,N,N,N,0,,1,0,0,,2,,,2,1,0,0,0,0,0,2,0,1,03,04,,N,,,,,,,,,,,0,0,0,0,0,0,0,0,0,0,0,0,0,0,0,0,0,0,0,0,0,0,0,0,1,0,0,0,0,0,0,0,0,0,0,0,0,0,0,0,0,0,0,0,0,0,0,0,0,0,0,0,0,0,0,0,0,0,1,1,1,0,0,0,0,0,0,1,0,0,0,0,0,0,0,0,0,0,0,0,0,1,0,0,0,0,0,0,0,0,0,0,0,0,0,0,0,0,0,1,1,0,0,0,0,0,1,0,0,1,0,0,0,0,0,0,0,0,0,0,0,1,0,0,1,0,0,0,0
-8366366.92090892,4876550.6030185,740,2024031701,1941,0,0,0,0,0,0,0,0,0,7,0,,46,1,2024,2,40.072954,-75.156351,1941,6,0,0,0,0,0,0,0,0,,0,0,0,,,0,N,0,,40 04:22.633,,0,75 09:22.863,0,0,0,0,46102,0,0,0,N,0,0,0,1,67301,0,,4,,7,N,N,N,0,,0,0,1,,0,,,1,0,0,0,0,0,0,2,0,1,10,,,N,,,,,,,,,,,0,0,0,0,0,0,0,0,0,0,0,0,1,0,0,0,0,0,0,0,0,0,0,0,0,0,0,0,0,0,0,0,0,0,0,0,0,0,0,1,0,0,0,1,0,0,0,0,0,1,0,0,0,0,0,1,0,0,0,0,0,0,0,1,0,0,0,0,0,0,0,0,0,0,0,0,1,0,0,0,0,0,0,0,1,0,0,0,0,0,0,0,0,0,0,0,0,0,0,0,1,0,1,0,0,0,1,0,0,0,0,1,0,0,0,0,0,0,0,0,0,1,0,1,0,0,0,0,0
-8365704.34710878,4876064.29922619,741,2024036262,1714,1,0,0,0,0,0,0,0,0,8,0,,46,1,2024,3,40.069611,-75.150399,1712,6,0,0,0,0,0,1,0,0,,0,0,0,,,1,N,0,,40 04:10.599,4,0,75 09:01.436,2,0,0,0,46102,1,0,1,N,1,0,1,2,46102,0,,1,1717,2,N,N,N,0,,0,1,0,,2,N,,2,1,0,0,0,0,0,2,0,1,03,03,,N,,,,,,,,,,,0,0,0,0,0,0,0,0,0,0,0,0,1,0,0,0,0,0,0,0,0,0,0,0,1,0,0,0,0,0,1,0,0,0,0,0,0,0,0,0,0,0,0,0,0,0,0,0,0,0,0,0,0,1,0,1,0,0,1,1,0,0,0,0,0,0,0,0,0,0,0,0,0,0,0,0,1,0,0,0,0,1,0,0,0,0,0,0,0,0,0,0,0,0,0,0,0,0,0,0,1,0,0,0,0,0,1,0,0,0,1,0,0,0,0,0,0,0,0,0,0,1,0,0,1,0,0,0,0
-8375489.88955866,4865312.94067324,742,2024036396,2352,1,0,0,0,0,0,0,0,0,1,0,,46,4,2024,1,39.995661,-75.238304,2346,6,0,0,0,0,0,0,0,0,,0,0,0,,,0,N,0,,39 59:44.381,2,0,75 14:17.895,0,0,0,0,46104,0,0,0,N,0,0,0,3,46104,0,,1,30,1,N,N,N,1,,0,0,1,,0,N,,3,0,0,0,0,0,0,2,0,3,04,,,N,,,,,,,,,,,1,0,0,0,0,0,1,0,0,0,0,0,0,0,0,0,0,0,0,0,0,0,0,0,0,0,0,0,0,0,0,0,0,0,0,0,0,0,0,0,0,0,0,0,0,0,0,0,0,0,0,0,0,0,0,1,0,0,0,0,0,0,0,0,0,0,0,1,1,0,0,0,0,0,1,0,1,0,0,0,0,0,0,0,1,0,0,0,0,1,0,0,0,0,0,0,0,0,0,0,0,0,0,0,0,0,0,0,0,0,0,0,0,0,0,0,0,0,0,0,0,1,0,1,0,0,0,0,0
-8372833.02698392,4878687.68413251,743,2024035249,0858,1,0,0,0,0,0,0,0,0,1,0,,46,4,2024,2,40.087643,-75.214437,0856,6,0,0,0,0,0,0,1,0,,0,0,0,,,1,N,0,,40 05:15.514,,0,75 12:51.973,3,0,0,0,46108,0,0,0,N,0,0,0,3,46108,0,,1,,1,N,N,N,1,,1,0,0,,0,,,2,1,0,0,0,0,0,2,0,2,03,,,N,,,,,,,,,,,0,0,0,0,0,0,0,0,0,0,0,0,0,0,0,0,0,0,0,0,0,0,0,0,0,1,0,0,0,0,0,0,0,0,0,0,0,0,0,0,0,0,0,0,0,0,0,0,0,0,0,0,0,0,0,0,0,0,1,1,0,0,0,0,0,0,0,0,0,0,0,1,0,0,1,0,1,0,0,0,0,0,0,0,0,0,0,0,0,1,0,0,0,0,0,0,0,0,0,0,0,0,0,0,0,0,1,0,0,1,0,0,0,0,0,0,0,0,0,0,0,1,0,1,0,0,0,0,0
-8362876.49701286,4873887.2075706,744,2024033360,0623,0,0,0,0,0,0,0,0,0,8,0,,46,4,2024,3,40.054643,-75.124996,0617,6,0,0,0,0,0,1,0,0,,0,0,0,,,1,,1,,40 03:16.716,,0,75 07:29.987,8,0,0,0,46102,1,0,0,N,1,0,0,2,46102,0,,1,,9,N,N,N,0,,0,0,1,,2,,,2,1,0,0,0,1,0,2,0,1,07,05,,N,,,,,,,,,,,0,0,0,0,0,0,0,0,0,0,0,0,0,0,0,0,0,0,0,0,0,0,0,0,1,0,0,0,0,0,0,0,0,0,0,0,0,0,0,0,0,0,0,0,0,0,0,0,0,0,0,0,0,0,0,1,0,0,1,1,1,1,0,0,1,0,0,1,0,0,0,0,0,0,0,0,0,0,0,0,0,1,0,0,0,0,0,0,0,0,0,0,0,0,0,0,0,0,0,1,1,0,0,0,0,0,1,0,0,0,0,0,0,0,0,0,0,0,0,0,0,1,0,0,1,0,1,0,0
-8370202.10118812,4876729.39064082,745,2024026529,1837,1,0,0,0,0,0,0,0,0,4,0,,46,3,2024,3,40.074183,-75.190803,1827,6,0,0,0,1,0,1,0,0,,0,0,0,,,0,,1,,40 04:27.057,,0,75 11:26.889,0,0,0,0,46108,0,0,0,N,0,0,0,2,46108,0,,1,,1,N,N,N,0,,0,0,1,,2,,,2,0,0,0,0,0,0,2,0,2,04,,,N,,,,,,,,,,,1,0,1,0,0,0,0,0,0,0,0,0,0,0,0,0,0,0,0,0,0,0,1,0,1,0,0,0,0,0,0,0,0,0,0,0,0,0,0,0,0,0,0,0,0,0,0,0,0,0,0,0,0,0,0,0,0,0,0,0,1,0,0,0,1,0,0,1,1,0,0,0,0,0,1,0,0,0,0,0,0,0,0,0,1,0,0,0,0,0,0,0,0,0,0,0,0,0,0,1,0,0,0,0,0,0,0,0,0,0,0,0,0,0,0,0,0,0,0,0,0,1,0,1,0,0,0,0,1
-8366593.90145284,4876723.71730579,746,2024042726,1745,5,0,0,0,0,0,0,0,0,4,0,,46,5,2024,2,40.074144,-75.15839,1739,6,0,0,0,2,0,0,1,0,,0,0,0,,,1,,5,,40 04:26.918,4,7,75 09:30.203,4,0,0,0,46102,0,0,0,N,0,0,0,5,46102,1,,1,1835,1,N,N,N,0,,0,0,0,,0,Y,,5,1,0,0,0,0,0,2,0,5,03,03,,N,,,,,,,,,,,1,0,1,0,0,0,0,0,0,0,0,0,1,0,0,0,0,0,0,0,0,0,1,0,0,1,0,0,0,0,0,0,0,0,0,0,0,0,0,0,0,0,0,0,0,0,0,0,0,0,0,0,0,0,0,0,0,0,1,1,1,0,0,0,1,0,0,1,0,0,0,1,0,0,1,0,0,0,0,0,0,0,0,1,0,0,0,0,0,0,0,0,0,0,0,0,0,0,0,0,0,0,0,0,0,0,1,0,0,0,0,0,0,0,0,0,0,0,0,0,1,1,0,1,0,0,0,0,1