X,Y,objectid,crn,arrival_tm,automobile_count,belted_death_count,belted_susp_serious_inj_count,bicycle_count,bicycle_death_count,bicycle_susp_serious_inj_count,bus_count,chldpas_death_count,chldpas_susp_serious_inj_count,collision_type,comm_veh_count,cons_zone_spd_lim,county,crash_month,crash_year,day_of_week,dec_latitude,dec_longitude,dispatch_tm,district,driver_count_16yr,driver_count_17yr,driver_count_18yr,driver_count_19yr,driver_count_20yr,driver_count_50_64yr,driver_count_65_74yr,driver_count_75plus,est_hrs_closed,fatal_count,heavy_truck_count,horse_buggy_count,hour_of_day,illumination,injury_count,intersection_related_x,intersect_type,lane_closed,latitude,ln_close_dir,location_type,longitude,max_severity_level,mcycle_death_count,mcycle_susp_serious_inj_count,motorcycle_count,municipality,nonmotr_count,nonmotr_death_count,nonmotr_susp_serious_inj_count,ntfy_hiwy_maint,ped_count,ped_death_count,ped_susp_serious_inj_count,person_count,police_agcy,possible_inj_count,rdwy_surf_type_cd,relation_to_road,roadway_cleared,road_condition,sch_bus_ind,sch_zone_ind,secondary_crash,small_truck_count,spec_juris_cd,susp_minor_inj_count,susp_serious_inj_count,suv_count,tcd_func_cd,tcd_type,tfc_detour_ind,time_of_day,total_units,tot_inj_count,unbelted_occ_count,unb_death_count,unb_susp_serious_inj_count,unk_inj_deg_count,unk_inj_per_count,urban_rural,van_count,vehicle_count,weather1,weather2,workers_pres,work_zone_ind,work_zone_loc,work_zone_type,wz_close_detour,wz_flagger,wz_law_offcr_ind,wz_ln_closure,wz_moving,wz_other,wz_shlder_mdn,wz_workers_inj_killed,aggressive_driving,alcohol_related,angle_crash,atv,atv_route,backup_congestion,backup_nonrecurring,backup_prior,bicycle,cell_phone,child_passenger,comm_vehicle,core_network,cross_median,curved_road,curve_dvr_error,deer_related,distracted,drinking_driver,driver_16yr,driver_17yr,driver_18yr,driver_19yr,driver_20yr,driver_50_64yr,driver_65_74yr,driver_75plus,drugged_driver,drug_related,fatal,fatal_or_susp_serious_inj,fatigue_asleep,federal_aid_route,fire_in_vehicle,hazardous_truck,hit_barrier,hit_bridge,hit_deer,hit_embankment,hit_fixed_object,hit_gdrail,hit_gdrail_end,hit_parked_vehicle,hit_pole,hit_roadway_equipment,hit_run,hit_temp_construction_barrier,hit_traffic_island,hit_tree_shrub,hit_utility_pole,horse_buggy,ho_oppdir_sdswp,hvy_truck_related,icy_road,illegal_drug_related,illumination_dark,impaired_driver,impaired_nonmotorist,injury,injury_or_fatal,intersection,intersection_related_y,interstate,lane_departure,left_turn,limit_65mph,limit_70mph,local_road,local_road_only,marijuana_drugged_driver,marijuana_related,mature_driver,mc_drinking_driver,motorcycle,multiple_vehicle,nhtsa_agg_driving,non_intersection,no_clearance,opioid_related,other_freeway_expressway,overturned,pedestrian,phantom_vehicle,possible_injury,property_damage_only,psp_reported,ramp,ramp_segment,ramp_terminal,rear_end,roundabout,running_red_lt,running_stop_sign,rural,school_bus,school_bus_related,school_bus_unit,school_zone,shldr_related,signalized_int,single_vehicle,snowmobile,snow_slush_road,speeding,speeding_related,speed_change_lane,state_road,stop_controlled_int,sudden_deer,suspected_minor_injury,suspected_serious_injury,sv_run_off_rd,tailgating,train,train_trolley,trolley,turnpike,unbelted,underage_drnk_drv,unlicensed,unsignalized_int,urban,vehicle_failure,vehicle_towed,vulnerable_road_user,vulnerable_road_user_fatal,wet_road,work_zone,young_driver
-8350320.10025915,4885093.83563143,1056,2020029907,1815,1,0,0,0,0,0,0,0,0,2,0,,67,3,2020,7,40.131656,-75.0122,1808,6,0,0,0,1,0,0,0,0,,0,0,0,,,0,,1,,40 07:53.962,,0,75 00:43.919,9,0,0,0,67301,0,0,0,N,0,0,0,2,67301,0,,1,,9,N,N,N,1,,0,0,0,,2,,,2,0,0,0,0,0,2,2,0,2,,07,,N,,,,,,,,,,,1,0,0,0,0,0,0,0,0,0,0,0,0,0,0,0,0,0,0,0,0,0,1,0,0,0,0,0,0,0,0,0,0,0,0,0,0,0,0,0,0,0,0,0,0,0,0,0,0,0,0,1,0,0,0,0,0,0,0,0,1,0,0,0,1,0,0,0,0,0,0,0,0,0,1,0,0,0,0,0,0,0,0,0,0,0,0,0,0,0,0,0,0,0,0,0,0,0,0,1,0,0,0,0,1,0,1,0,0,0,0,0,0,0,0,0,0,0,0,0,0,1,0,1,0,0,1,0,1
-8372680.18455975,4863847.9074426,1057,2020029671,1438,1,0,0,0,0,0,0,0,0,4,0,,67,3,2020,2,39.985578,-75.213064,1438,6,0,0,0,0,0,1,0,0,,0,0,0,,,2,N,0,,39 59:08.080,3,0,75 12:47.030,8,0,0,0,67301,0,0,0,N,0,0,0,2,68K01,0,,1,1515,9,N,N,N,1,,0,0,0,,0,Y,,2,2,0,0,0,2,0,2,0,2,,,,N,,,,,,,,,,,1,0,1,0,0,0,0,0,0,0,0,0,0,0,1,0,0,0,0,0,0,0,0,0,1,0,0,0,0,0,0,0,0,0,0,0,0,0,0,0,0,0,0,0,0,0,0,0,0,0,0,0,0,0,0,0,0,0,1,1,0,0,0,1,0,0,0,1,1,0,0,0,0,0,1,0,1,0,0,0,0,0,0,0,0,1,0,0,0,0,0,0,0,0,0,0,0,0,0,0,0,0,0,0,1,0,0,0,0,0,0,0,0,0,0,0,0,0,0,0,0,1,0,1,0,0,1,0,0
-8366779.02520201,4863631.14251283,1058,2020019042,0220,5,0,0,0,0,0,0,0,0,4,0,,67,2,2020,5,39.984086,-75.160053,0217,6,0,0,0,0,0,0,0,0,,0,0,0,,,3,,1,,39 59:02.710,1,0,75 09:36.190,3,0,0,0,67301,0,0,0,N,0,0,0,4,67505,0,,1,300,1,N,N,N,0,,3,0,0,,3,Y,,5,3,1,0,0,0,0,2,0,5,,03,,N,,,,,,,,,,,1,0,1,0,0,0,0,0,0,0,0,0,0,0,0,0,0,0,0,0,0,0,0,0,0,0,0,0,0,0,0,0,0,0,0,0,0,0,0,0,0,0,1,0,0,0,0,0,0,0,0,0,0,0,0,1,0,0,1,1,1,0,0,0,0,0,0,1,1,0,0,0,0,0,1,0,0,1,0,0,0,0,0,0,0,0,0,0,0,0,0,0,0,0,0,0,0,0,0,0,0,0,0,1,1,0,0,1,0,1,0,0,0,0,0,0,0,1,0,0,1,1,0,0,0,0,0,0,0
-8354601.67130457,4873420.95825431,1059,2020012912,1940,1,0,0,0,0,0,0,0,0,7,0,,67,2,2020,7,40.051437,-75.050662,1936,6,1,0,0,0,0,0,0,0,,0,0,0,,,0,N,0,,40 03:05.172,,0,75 03:02.383,0,0,0,0,67301,0,0,0,N,0,0,0,4,67301,0,,5,,9,N,N,N,0,,0,0,0,,0,,,1,0,0,0,0,0,0,2,0,1,,,,N,,,,,,,,,,,0,0,0,0,0,0,0,0,0,0,0,0,0,0,0,0,0,0,0,1,0,0,0,0,0,0,0,0,0,0,0,0,0,0,0,0,0,0,0,1,0,0,0,0,0,0,0,0,1,0,0,0,0,0,0,1,0,0,0,0,0,0,0,1,0,0,0,0,0,0,0,0,0,0,0,0,1,0,0,0,0,0,0,0,1,0,0,0,0,0,0,0,0,0,0,0,0,0,0,0,1,0,0,0,0,0,1,0,0,0,0,1,0,0,0,0,0,0,0,0,0,1,0,1,0,0,1,0,1
-8375473.6367344,4862477.80360628,1060,2020021306,1720,1,0,0,0,0,0,0,0,0,5,0,,67,2,2020,4,39.976147,-75.238158,1704,6,0,0,0,0,0,0,0,0,,0,1,0,,,0,N,0,,39 58:34.130,4,0,75 14:17.370,0,0,0,0,67301,0,0,0,N,0,0,0,1,67301,0,,1,1915,1,N,N,N,0,,0,0,1,,0,Y,,3,0,0,0,0,0,0,2,0,3,,03,,N,,,,,,,,,,,0,0,0,0,0,0,0,0,0,0,0,0,0,0,0,0,0,0,0,0,0,0,0,0,0,0,0,0,0,0,0,0,0,0,0,0,0,0,0,0,0,0,1,0,0,1,0,0,0,0,0,0,1,0,0,0,0,0,0,0,0,0,0,0,0,0,0,1,1,0,0,0,0,0,1,0,1,0,0,0,0,0,0,0,1,0,0,0,0,0,0,0,0,0,0,0,0,0,0,0,0,0,0,0,0,0,0,0,0,0,0,0,0,0,0,0,0,0,0,0,0,1,1,1,0,0,0,0,0
-8365261.74038106,4869946.88091252,1061,2020031120,1312,1,0,0,0,0,0,0,0,0,4,0,,67,4,2020,6,40.027544,-75.146423,1308,6,0,0,0,0,0,0,0,0,,0,0,0,,,0,,1,,40 01:39.158,,0,75 08:47.122,9,0,0,0,67301,0,0,0,N,0,0,0,2,67301,0,,1,,1,N,N,N,0,,0,0,1,,2,,,2,0,0,0,0,0,1,2,0,2,,03,,N,,,,,,,,,,,0,0,1,0,0,0,0,0,0,0,0,0,0,0,0,0,0,0,0,0,0,0,0,0,0,0,0,0,0,0,0,0,0,0,0,0,0,0,0,0,0,0,0,0,0,1,0,0,0,0,0,0,0,0,0,0,0,0,0,0,1,0,0,0,0,0,0,1,1,0,0,0,0,0,1,0,0,0,0,0,0,0,0,0,0,0,0,0,0,0,0,0,0,0,0,0,0,0,0,1,0,0,0,0,0,0,0,0,0,0,0,0,0,0,0,0,0,0,0,0,0,1,0,1,0,0,0,0,0
-8358793.29672112,4872559.92259307,1062,2020030722,1925,1,0,0,0,0,0,0,0,0,8,0,,67,3,2020,3,40.045516,-75.088316,1918,6,0,0,0,0,0,1,0,0,,1,0,0,,,0,,1,,40 02:43.859,,0,75 05:17.937,1,0,0,0,67301,1,1,0,N,1,1,0,2,67301,0,2,1,,1,N,N,N,0,0,0,0,0,,2,,,2,0,0,0,0,0,0,2,0,1,,03,,N,,,,,,,,,,,0,1,0,0,0,0,0,0,0,0,0,0,0,0,0,0,0,0,0,0,0,0,0,0,1,0,0,0,1,1,1,0,0,0,0,0,0,0,0,0,0,0,0,0,0,0,0,0,0,0,0,0,0,0,1,1,0,0,0,1,1,0,0,0,0,0,0,0,0,0,0,0,0,0,0,0,0,0,1,0,0,1,0,0,0,0,0,0,0,0,0,0,0,0,0,0,0,0,0,1,1,0,0,0,0,0,1,0,0,0,0,0,0,0,0,0,0,0,0,0,0,1,0,0,1,1,0,0,0
-8368011.22067895,4857320.14613418,1063,2020031446,1832,1,0,0,0,0,0,0,0,0,7,0,,67,4,2020,1,39.940633,-75.171122,1822,6,0,0,0,0,0,0,0,0,,0,0,0,,,1,,1,,39 56:26.279,,0,75 10:16.038,3,0,0,0,67301,0,0,0,N,0,0,0,1,67301,0,,5,,1,N,N,N,0,,1,0,0,,2,,,1,1,1,0,0,0,0,2,0,1,,,,N,,,,,,,,,,,0,0,0,0,0,0,0,0,0,0,0,0,0,0,0,0,0,0,0,0,0,0,0,0,0,0,0,0,0,0,0,0,0,0,0,0,0,0,0,1,0,0,0,1,0,1,0,0,0,1,0,0,0,0,0,0,0,0,1,1,1,0,0,0,0,0,0,1,1,0,0,0,0,0,0,0,0,0,0,0,0,0,0,0,0,0,0,0,0,0,0,0,0,0,0,0,0,0,0,1,1,0,0,0,0,0,0,0,0,1,0,1,0,0,0,0,0,1,0,0,0,1,1,1,0,0,0,0,0
-8347632.40155061,4882579.23356338,1064,2020020070,2355,0,0,0,0,0,0,0,0,0,1,1,,67,2,2020,7,40.114383,-74.988056,2332,6,0,0,0,0,0,0,0,0,,0,1,0,,,0,,1,,40 06:51.780,,0,74 59:17.002,0,0,0,0,67301,0,0,0,N,0,0,0,2,67301,0,,1,,1,N,N,N,0,,0,0,1,,2,,,2,0,0,0,0,0,0,2,0,2,,03,,N,,,,,,,,,,,1,1,0,0,0,0,0,0,0,0,0,1,0,0,0,0,0,0,1,0,0,0,0,0,0,0,0,0,0,0,0,0,0,0,0,0,0,0,0,0,0,0,0,0,0,0,0,0,0,0,0,0,1,0,0,1,1,0,0,0,1,0,0,0,0,0,0,1,0,0,0,0,0,0,1,0,0,0,0,0,0,0,0,0,1,0,0,0,0,1,0,0,0,0,0,0,0,0,0,1,0,0,0,0,0,0,1,0,0,0,0,0,0,0,0,0,0,0,0,0,0,1,0,1,0,0,0,0,0
-8358600.15733617,4871038.13345587,1065,2020031882,0905,1,0,0,0,0,0,0,0,0,8,0,,67,4,2020,7,40.03505,-75.086581,0857,6,0,0,0,0,0,0,0,0,,0,0,0,,,1,N,0,,40 02:06.180,,0,75 05:11.690,3,0,0,0,67301,1,0,0,N,1,0,0,1,67301,0,,1,,1,N,N,N,0,,1,0,0,,0,,,2,1,0,0,0,0,0,2,0,1,,,,N,,,,,,,,,,,0,0,0,0,0,0,0,0,0,0,0,0,0,0,0,0,0,0,0,0,0,0,0,0,0,0,0,0,0,0,0,0,0,0,0,0,0,0,0,0,0,0,0,0,0,1,0,0,0,0,0,0,0,0,0,1,0,0,1,1,0,0,0,0,0,0,0,1,1,0,0,0,0,0,0,0,1,0,0,0,0,1,0,0,0,0,0,0,0,0,0,0,0,0,0,0,0,0,0,0,1,0,0,0,0,0,0,0,0,1,0,0,0,0,0,0,0,0,0,0,0,1,0,0,1,0,0,0,0
-8368129.99929942,4869993.25580641,1066,2020020312,1807,1,0,0,0,0,0,0,0,0,1,0,,67,2,2020,1,40.027863,-75.172189,1754,6,0,0,0,0,0,0,0,0,,0,0,0,,,1,N,0,,40 01:40.306,,0,75 10:19.880,2,0,0,0,67301,0,0,0,N,0,0,0,2,67301,0,,2,,1,N,N,N,0,,0,1,0,,0,,,2,1,0,0,0,0,0,2,0,2,,,,N,,,,,,,,,,,0,0,0,0,0,0,0,0,0,0,0,0,0,0,0,0,0,0,0,0,0,0,0,0,0,0,0,0,0,0,1,0,0,0,0,0,0,0,0,0,0,0,1,0,0,1,0,0,0,0,0,0,0,0,0,0,0,0,1,1,0,0,0,1,0,0,0,0,0,0,0,0,0,0,1,0,1,0,0,0,0,0,0,0,0,0,0,0,0,1,0,0,0,0,0,0,0,0,0,0,0,0,0,0,0,0,1,0,0,0,1,1,0,0,0,0,0,0,0,0,0,1,0,0,0,0,0,0,0
-8375163.50014908,4853442.26571593,1067,2020020542,0137,1,0,0,0,0,0,0,0,0,5,0,,67,2,2020,1,39.913919,-75.235372,0134,6,0,0,0,0,0,0,0,0,,0,0,0,,,0,N,0,,39 54:50.110,,0,75 14:07.340,0,0,0,0,67301,0,0,0,N,0,0,0,1,67301,0,,1,,1,N,N,N,0,,0,0,3,,0,,,4,0,0,0,0,0,0,2,0,4,,03,,N,,,,,,,,,,,0,0,0,0,0,0,0,0,0,0,0,0,0,0,0,0,0,0,0,0,0,0,0,0,0,0,0,0,0,0,0,0,0,0,0,0,0,0,0,0,0,0,1,0,0,0,0,0,0,0,0,0,0,0,0,1,0,0,0,0,0,0,0,0,0,0,0,1,1,0,0,0,0,0,1,0,1,0,0,0,0,0,0,0,1,0,0,0,0,0,0,0,0,0,0,0,0,0,0,0,0,0,0,0,0,0,0,0,0,0,0,0,0,0,0,0,0,0,0,0,0,1,0,1,0,0,0,0,0
-8357909.64215192,4868891.50779016,1068,2020024414,1704,1,0,0,0,0,0,0,0,0,7,0,,67,3,2020,7,40.020284,-75.080378,1704,6,0,0,0,0,0,0,0,0,,0,0,0,,,1,,1,,40 01:13.023,1,0,75 04:49.359,3,0,0,0,67301,0,0,0,N,0,0,0,1,67301,0,,3,1745,1,N,N,N,0,,1,0,0,,2,Y,,1,1,1,0,0,0,0,2,0,1,,03,,N,,,,,,,,,,,1,0,0,0,0,0,0,0,0,0,0,0,0,0,0,0,0,0,0,0,0,0,0,0,0,0,0,0,0,0,0,0,0,0,0,0,1,0,0,1,0,0,0,0,0,0,0,0,0,0,0,0,0,0,0,0,0,0,1,1,1,0,0,0,0,0,0,1,0,0,0,0,0,0,0,0,0,0,0,0,0,0,0,0,0,0,0,0,0,0,0,0,0,0,0,0,0,0,0,1,1,0,0,0,0,0,1,0,0,1,0,1,0,0,0,0,0,1,0,0,0,1,0,1,0,0,0,0,0
-8358681.08673676,4872435.15791412,1069,2020039188,0933,1,0,0,0,0,0,0,0,0,7,0,,67,5,2020,7,40.044658,-75.087308,0930,6,0,0,0,0,0,0,0,0,,0,0,0,,,0,N,0,,40 02:40.770,,7,75 05:14.310,0,0,0,0,67301,0,0,0,N,0,0,0,1,67301,0,,2,,1,N,N,N,0,,0,0,0,,0,,,1,0,0,0,0,0,0,2,0,1,,,,N,,,,,,,,,,,0,0,0,0,0,0,0,0,0,0,0,0,0,0,0,0,0,0,0,0,0,0,0,0,0,0,0,0,0,0,0,0,0,0,0,0,0,0,0,1,0,0,0,0,0,0,0,0,0,0,0,0,0,0,0,0,0,0,0,0,0,0,0,0,0,0,0,1,1,0,0,0,0,0,0,0,1,0,0,0,0,0,0,0,1,0,0,0,0,0,0,0,0,0,0,0,0,0,0,0,1,0,0,0,1,0,0,0,0,0,0,1,0,0,0,0,0,0,0,0,0,1,0,1,0,0,0,0,0
-8355924.36996094,4873063.35989078,1070,2020031881,1456,2,0,0,0,0,0,0,0,0,5,0,,67,4,2020,6,40.048978,-75.062544,1456,6,0,0,0,0,0,0,0,0,,0,0,0,,,0,N,0,,40 02:56.320,,0,75 03:45.160,0,0,0,0,67301,0,0,0,N,0,0,0,2,67301,0,,1,,1,N,N,N,0,,0,0,0,,0,,,2,0,0,0,0,0,0,2,0,2,,,,N,,,,,,,,,,,0,0,0,0,0,0,0,0,0,0,0,0,0,0,0,0,0,0,0,0,0,0,0,0,0,0,0,0,0,0,0,0,0,0,0,0,0,0,0,0,0,0,0,0,0,0,0,0,0,0,0,0,0,0,0,0,0,0,0,0,0,0,0,0,0,0,0,1,1,0,0,0,0,0,1,0,1,0,0,0,0,0,0,0,1,0,0,0,0,0,0,0,0,0,0,0,0,0,0,0,0,0,0,0,0,0,0,0,0,0,0,0,0,0,0,0,0,0,0,0,0,1,0,1,0,0,0,0,0
-8352644.78519093,4869578.94173248,1071,2020024126,0830,2,0,0,0,0,0,0,0,0,2,0,,67,3,2020,4,40.025013,-75.033083,0819,6,0,0,0,0,0,0,0,0,,0,0,0,,,1,,1,,40 01:30.046,,0,75 01:59.097,3,0,0,0,67301,0,0,0,N,0,0,0,1,67301,0,,1,,1,N,N,N,0,,1,0,0,,0,,,2,1,0,0,0,0,0,2,0,2,,03,,N,,,,,,,,,,,0,0,0,0,0,0,0,0,0,0,0,0,0,0,0,0,0,0,0,0,0,0,0,0,0,0,0,0,0,0,0,0,0,0,0,0,0,0,0,0,0,0,0,0,0,0,0,0,0,0,0,1,0,0,0,0,0,0,1,1,1,0,0,0,1,0,0,1,0,0,0,0,0,0,1,0,0,0,0,0,0,0,0,0,0,0,0,0,0,0,0,0,0,0,0,0,0,0,0,0,0,0,0,0,0,0,1,0,0,1,0,0,0,0,0,0,0,0,0,0,1,1,0,0,0,0,0,0,0
-8374517.40144829,4850632.27804641,1072,2020025055,0710,2,0,0,0,0,0,0,0,0,2,0,,67,3,2020,6,39.894555,-75.229568,0702,6,0,0,0,0,0,0,0,0,,0,0,0,,,0,,2,,39 53:40.398,2,0,75 13:46.445,0,0,0,0,67301,0,0,0,N,0,0,0,2,67301,0,,1,100,4,N,N,N,0,,0,0,0,,2,Y,,2,0,0,0,0,0,0,2,0,2,,03,,N,,,,,,,,,,,1,0,0,0,0,0,0,0,0,0,0,0,0,0,0,0,0,0,0,0,0,0,0,0,0,0,0,0,0,0,0,0,0,0,0,0,0,0,0,0,0,0,0,0,0,0,0,0,0,0,0,1,0,0,0,0,0,0,0,0,1,0,0,0,0,0,0,1,0,0,0,0,0,0,1,0,0,0,0,0,0,0,0,0,1,0,0,0,0,0,0,0,0,0,0,0,0,0,0,1,0,0,0,0,0,0,1,0,0,0,0,0,0,0,0,0,0,0,0,0,0,1,0,1,0,0,0,0,0
-8371794.52621166,4859324.85740037,1073,2020031222,2317,2,0,0,0,0,0,0,0,0,4,0,,67,4,2020,1,39.954439,-75.205108,2315,6,0,0,0,0,1,0,0,0,,0,0,0,,,1,N,1,,39 57:15.980,,0,75 12:18.387,8,0,0,0,67301,0,0,0,N,0,0,0,3,67504,0,,1,,1,N,N,N,0,,0,0,1,,2,N,,3,1,0,0,0,1,0,2,0,3,,03,,N,,,,,,,,,,,1,0,1,0,0,0,0,0,0,0,0,0,0,0,0,0,0,0,0,0,0,0,0,1,0,0,0,0,0,0,0,0,0,0,0,0,0,0,0,0,0,0,1,0,0,0,0,0,0,0,0,0,0,0,0,1,0,0,1,1,1,0,0,0,0,0,0,1,0,0,0,0,0,0,1,0,0,0,0,0,0,0,0,0,0,0,0,0,0,0,0,0,0,0,0,0,0,0,0,1,0,0,0,0,0,0,1,0,0,0,0,0,0,0,0,0,0,0,0,0,0,1,0,1,0,0,0,0,1
-8366389.40667321,4860098.62243558,1074,2020019974,1705,2,0,0,0,0,0,0,0,0,4,0,,67,2,2020,7,39.959767,-75.156553,1705,6,0,0,0,0,0,0,0,0,,0,0,0,,,0,,1,,39 57:35.161,,0,75 09:23.590,0,0,0,0,67301,0,0,0,N,0,0,0,2,67301,0,,1,,1,N,N,N,0,,0,0,0,,3,,,2,0,0,0,0,0,0,2,0,2,,03,,N,,,,,,,,,,,0,0,1,0,0,0,0,0,0,0,0,0,0,0,0,0,0,0,0,0,0,0,0,0,0,0,0,0,0,0,0,0,0,0,0,0,0,0,0,0,0,0,0,0,0,0,0,0,0,0,0,0,0,0,0,0,0,0,0,0,1,0,0,0,0,0,0,1,1,0,0,0,0,0,1,0,0,0,0,0,0,0,0,0,1,0,0,0,0,0,0,0,0,0,0,0,0,0,0,0,0,0,0,0,0,0,0,1,0,0,0,0,0,0,0,0,0,0,0,0,1,1,0,1,0,0,0,0,0
-8374119.6572175,4859347.22132201,1075,2020020189,0747,0,0,0,0,0,0,0,0,0,8,0,,67,2,2020,1,39.954593,-75.225995,0747,6,0,0,0,0,0,0,0,0,,0,0,0,,,1,,1,,39 57:16.533,,0,75 13:33.583,3,0,0,0,67301,1,0,0,N,1,0,0,1,67301,0,,1,,1,N,N,N,0,,1,0,0,,2,,,2,1,0,0,0,0,0,2,0,1,,03,,N,,,,,,,,,,,0,0,0,0,0,0,0,0,0,0,0,0,0,0,0,0,0,0,0,0,0,0,0,0,0,0,0,0,0,0,0,0,0,0,0,0,0,0,0,0,0,0,0,0,0,1,0,0,0,0,0,0,0,0,0,0,0,0,1,1,1,0,0,0,0,0,0,1,0,0,0,0,0,0,0,0,0,0,0,0,0,1,0,0,0,0,0,0,0,0,0,0,0,0,0,0,0,0,0,1,1,0,0,0,0,0,1,0,0,1,0,0,0,0,0,0,0,0,0,0,0,1,0,0,1,0,0,0,0
-8368957.99363074,4864625.80287653,1076,2020025552,1040,1,0,0,0,0,0,0,0,0,5,0,,67,3,2020,3,39.990932,-75.179627,1040,6,0,0,0,0,0,0,0,0,,0,0,0,,,0,N,0,,39 59:27.355,,0,75 10:46.656,0,0,0,0,67301,0,0,0,N,0,0,0,2,67301,0,,1,,9,N,N,N,0,,0,0,1,,0,,,2,0,1,0,0,0,0,2,0,2,,07,,N,,,,,,,,,,,0,0,0,0,0,0,0,0,0,0,0,0,0,0,0,0,0,0,0,0,0,0,0,0,0,0,0,0,0,0,0,0,0,0,0,0,0,0,0,0,0,0,0,0,0,0,0,0,0,0,0,0,0,0,0,0,0,0,0,0,0,0,0,0,0,0,0,0,0,0,0,0,0,0,1,0,1,0,0,0,0,0,0,0,1,0,0,0,0,0,0,0,0,0,0,0,0,0,0,0,0,0,0,0,0,0,1,0,0,0,0,0,0,0,0,0,0,1,0,0,0,1,0,1,0,0,1,0,0
-8351598.60466333,4877283.52315195,1077,2020020866,1115,1,0,0,0,0,0,0,0,0,2,0,,67,2,2020,3,40.077992,-75.023685,1105,6,0,0,0,0,0,0,0,0,,0,0,0,,,1,,2,,40 04:40.772,,0,75 01:25.266,3,0,0,0,67301,0,0,0,N,0,0,0,2,67301,0,,1,,9,N,N,N,0,,1,0,0,,2,,,2,1,0,0,0,0,1,2,0,2,,04,,N,,,,,,,,,,,0,0,0,0,0,0,0,0,0,0,0,0,0,0,0,0,0,0,0,0,0,0,0,0,0,0,0,0,0,0,0,0,0,0,0,0,0,0,0,0,0,0,0,0,0,1,0,0,0,0,0,1,0,0,0,0,0,0,1,1,1,0,0,0,1,0,0,1,0,0,0,0,0,0,1,0,0,0,0,0,0,0,0,0,0,0,0,0,0,0,0,0,0,0,0,0,0,0,0,1,0,0,0,0,0,0,1,0,0,1,0,0,0,0,0,0,0,0,0,0,0,1,0,0,0,0,1,0,0
-8364495.41671524,4870827.7530867,1078,2020025573,0146,0,0,0,0,0,0,0,0,0,8,0,,67,3,2020,7,40.033603,-75.139539,0143,6,0,0,0,0,0,0,0,0,,0,0,0,,,1,N,0,,40 02:00.970,,0,75 08:22.340,3,0,0,0,67301,1,0,0,N,1,0,0,2,67301,0,,1,,9,N,N,N,0,,1,0,1,,0,,,2,1,0,0,0,0,0,2,0,1,,03,,N,,,,,,,,,,,0,0,0,0,0,0,0,0,0,0,0,0,0,0,0,0,0,0,0,0,0,0,0,0,0,0,0,0,0,0,0,0,0,0,0,0,0,0,0,0,0,0,0,0,0,0,0,0,0,0,0,0,0,0,0,1,0,0,1,1,0,0,0,0,0,0,0,1,1,0,0,0,0,0,0,0,1,0,0,0,0,1,0,0,0,0,0,0,0,0,0,0,0,0,0,0,0,0,0,0,1,0,0,0,0,0,0,0,0,1,0,0,0,0,0,0,0,0,0,0,0,1,0,0,1,0,1,0,0
-8370540.6227207,4851522.32167142,1079,2020019627,0530,1,0,0,0,0,0,0,0,0,1,1,,67,2,2020,6,39.900689,-75.193844,0515,6,0,0,0,0,0,2,0,0,,0,1,0,,,0,N,0,,39 54:02.480,4,0,75 11:37.840,0,0,0,0,67301,0,0,0,N,0,0,0,3,67301,0,,1,40,1,N,N,N,0,,0,0,1,,0,N,,3,0,0,0,0,0,0,2,0,3,,03,,N,,,,,,,,,,,0,0,0,0,0,0,0,0,0,0,0,1,0,0,0,0,0,0,0,0,0,0,0,0,1,0,0,0,0,0,0,0,0,0,0,0,0,0,0,0,0,0,0,0,0,0,0,0,0,0,0,0,1,0,0,1,0,0,0,0,0,0,0,0,0,0,0,1,1,0,0,0,0,0,1,0,1,0,0,0,0,0,0,0,1,0,0,0,0,1,0,0,0,0,0,0,0,0,0,0,0,0,0,0,1,0,0,0,0,0,0,0,0,0,0,0,0,0,0,0,0,1,0,1,0,0,0,0,0
-8372031.52598576,4870423.57992498,1080,2020043254,1933,2,0,0,0,0,0,0,0,0,5,0,,67,5,2020,7,40.030823,-75.207237,1927,6,0,0,0,0,1,0,0,0,,0,0,0,,,0,N,0,,40 01:50.961,,0,75 12:26.052,0,0,0,0,67301,0,0,0,N,0,0,0,3,67301,0,,1,,1,N,N,N,0,,0,0,0,,0,,,2,0,0,0,0,0,0,2,0,2,,03,,N,,,,,,,,,,,0,0,0,0,0,0,0,0,0,0,0,0,0,0,0,0,0,0,0,0,0,0,0,1,0,0,0,0,0,0,0,0,0,0,0,0,0,0,0,0,0,0,0,1,0,0,0,0,0,0,0,0,0,0,0,0,0,0,0,0,0,0,0,1,0,0,0,0,0,0,0,0,0,0,1,0,1,0,0,0,0,0,0,0,1,0,0,0,0,0,0,0,0,0,0,0,0,0,0,0,0,0,0,0,0,0,1,0,0,0,0,0,0,0,0,0,0,0,0,0,0,1,0,1,0,0,0,0,1