X,Y,objectid,crn,arrival_tm,automobile_count,belted_death_count,belted_susp_serious_inj_count,bicycle_count,bicycle_death_count,bicycle_susp_serious_inj_count,bus_count,chldpas_death_count,chldpas_susp_serious_inj_count,collision_type,comm_veh_count,cons_zone_spd_lim,county,crash_month,crash_year,day_of_week,dec_latitude,dec_longitude,dispatch_tm,district,driver_count_16yr,driver_count_17yr,driver_count_18yr,driver_count_19yr,driver_count_20yr,driver_count_50_64yr,driver_count_65_74yr,driver_count_75plus,est_hrs_closed,fatal_count,heavy_truck_count,horse_buggy_count,hour_of_day,illumination,injury_count,intersection_related_x,intersect_type,lane_closed,latitude,ln_close_dir,location_type,longitude,max_severity_level,mcycle_death_count,mcycle_susp_serious_inj_count,motorcycle_count,municipality,nonmotr_count,nonmotr_death_count,nonmotr_susp_serious_inj_count,ntfy_hiwy_maint,ped_count,ped_death_count,ped_susp_serious_inj_count,person_count,police_agcy,possible_inj_count,rdwy_surf_type_cd,relation_to_road,roadway_cleared,road_condition,sch_bus_ind,sch_zone_ind,secondary_crash,small_truck_count,spec_juris_cd,susp_minor_inj_count,susp_serious_inj_count,suv_count,tcd_func_cd,tcd_type,tfc_detour_ind,time_of_day,total_units,tot_inj_count,unbelted_occ_count,unb_death_count,unb_susp_serious_inj_count,unk_inj_deg_count,unk_inj_per_count,urban_rural,van_count,vehicle_count,weather1,weather2,workers_pres,work_zone_ind,work_zone_loc,work_zone_type,wz_close_detour,wz_flagger,wz_law_offcr_ind,wz_ln_closure,wz_moving,wz_other,wz_shlder_mdn,wz_workers_inj_killed,aggressive_driving,alcohol_related,angle_crash,atv,atv_route,backup_congestion,backup_nonrecurring,backup_prior,bicycle,cell_phone,child_passenger,comm_vehicle,core_network,cross_median,curved_road,curve_dvr_error,deer_related,distracted,drinking_driver,driver_16yr,driver_17yr,driver_18yr,driver_19yr,driver_20yr,driver_50_64yr,driver_65_74yr,driver_75plus,drugged_driver,drug_related,fatal,fatal_or_susp_serious_inj,fatigue_asleep,federal_aid_route,fire_in_vehicle,hazardous_truck,hit_barrier,hit_bridge,hit_deer,hit_embankment,hit_fixed_object,hit_gdrail,hit_gdrail_end,hit_parked_vehicle,hit_pole,hit_roadway_equipment,hit_run,hit_temp_construction_barrier,hit_traffic_island,hit_tree_shrub,hit_utility_pole,horse_buggy,ho_oppdir_sdswp,hvy_truck_related,icy_road,illegal_drug_related,illumination_dark,impaired_driver,impaired_nonmotorist,injury,injury_or_fatal,intersection,intersection_related_y,interstate,lane_departure,left_turn,limit_65mph,limit_70mph,local_road,local_road_only,marijuana_drugged_driver,marijuana_related,mature_driver,mc_drinking_driver,motorcycle,multiple_vehicle,nhtsa_agg_driving,non_intersection,no_clearance,opioid_related,other_freeway_expressway,overturned,pedestrian,phantom_vehicle,possible_injury,property_damage_only,psp_reported,ramp,ramp_segment,ramp_terminal,rear_end,roundabout,running_red_lt,running_stop_sign,rural,school_bus,school_bus_related,school_bus_unit,school_zone,shldr_related,signalized_int,single_vehicle,snowmobile,snow_slush_road,speeding,speeding_related,speed_change_lane,state_road,stop_controlled_int,sudden_deer,suspected_minor_injury,suspected_serious_injury,sv_run_off_rd,tailgating,train,train_trolley,trolley,turnpike,unbelted,underage_drnk_drv,unlicensed,unsignalized_int,urban,vehicle_failure,vehicle_towed,vulnerable_road_user,vulnerable_road_user_fatal,wet_road,work_zone,young_driver
-8374966.57619732,4862089.65887527,1287,2020019344,0833,2,0,0,0,0,0,0,0,0,1,0,,67,2,2020,4,39.973475,-75.233603,0828,6,0,0,0,0,0,0,0,0,,0,0,0,,,1,N,0,,39 58:24.510,,6,75 14:00.970,3,0,0,0,67301,0,0,0,N,0,0,0,1,67301,0,,1,,1,N,N,N,0,,1,0,0,,0,,,2,1,0,0,0,0,0,2,0,2,,03,,N,,,,,,,,,,,0,0,0,0,0,0,0,0,0,0,0,0,0,0,0,0,0,0,0,0,0,0,0,0,0,0,0,0,0,0,0,0,0,0,0,0,0,0,0,0,0,0,0,0,0,0,0,0,0,0,0,0,0,0,0,0,0,0,1,1,0,0,0,0,0,0,0,1,1,0,0,0,0,0,1,0,1,0,0,0,0,0,0,0,0,0,0,0,0,1,0,0,0,0,0,0,0,0,0,0,0,0,0,0,0,0,0,0,0,1,0,0,0,0,0,0,0,0,0,0,0,1,0,1,0,0,0,0,0
-8353373.48285681,4868977.12576063,1288,2020038351,1805,0,0,0,0,0,0,0,0,0,4,1,,67,5,2020,3,40.020873,-75.039629,1754,6,0,0,0,0,0,0,0,0,,0,1,0,,,0,,2,,40 01:15.142,2,0,75 02:22.665,0,0,0,0,67301,0,0,0,N,0,0,0,2,67301,0,,1,2000,1,N,N,N,0,,0,0,0,,2,Y,,2,0,0,0,0,0,0,2,1,2,,,,N,,,,,,,,,,,0,0,1,0,0,0,0,0,0,0,0,1,0,0,0,0,0,0,0,0,0,0,0,0,0,0,0,0,0,0,0,0,0,0,0,0,0,0,0,0,0,0,0,0,0,0,0,0,0,0,0,0,1,0,0,0,0,0,0,0,1,0,0,0,0,0,0,1,0,0,0,0,0,0,1,0,0,0,0,0,0,0,0,0,1,0,0,0,0,0,0,0,0,0,0,0,0,0,0,1,0,0,0,0,0,0,1,0,0,0,0,0,0,0,0,0,0,0,0,0,0,1,1,1,0,0,0,0,0
-8369709.62308081,4864749.0162449,1289,2020085131,,2,0,0,0,0,0,0,0,0,4,0,,67,7,2020,6,39.99178,-75.186379,,6,0,0,0,0,0,0,0,0,,0,0,0,,,2,,1,,39 59:30.408,,0,75 11:10.966,8,0,0,0,67301,0,0,0,N,0,0,0,2,00000,0,,1,,1,,,N,0,,0,0,0,,2,,,2,2,0,0,0,2,0,2,0,2,,,,N,,,,,,,,,,,0,0,1,0,0,0,0,0,0,0,0,0,0,0,0,0,0,0,0,0,0,0,0,0,0,0,0,0,0,0,0,0,0,0,0,0,0,0,0,0,0,0,0,0,0,0,0,0,0,0,0,0,0,0,0,0,0,0,1,1,1,0,0,0,0,0,0,1,0,0,0,0,0,0,1,0,0,0,0,0,0,0,0,0,0,0,0,0,0,0,0,0,0,0,0,0,0,0,0,1,0,0,0,0,0,0,1,0,0,0,0,0,0,0,0,0,0,0,0,0,0,1,0,1,0,0,0,0,0
-8370054.82463352,4859494.62169712,1290,2020036316,0633,2,0,0,0,0,0,0,0,0,4,0,,67,5,2020,2,39.955608,-75.18948,0625,6,0,0,0,0,0,0,0,0,,0,0,0,,,0,N,1,,39 57:20.190,4,0,75 11:22.129,0,0,0,0,67301,0,0,0,N,0,0,0,2,67507,0,,1,655,1,N,N,N,0,,0,0,0,,1,N,,2,0,0,0,0,0,0,2,0,2,,03,,N,,,,,,,,,,,1,0,1,0,0,0,0,0,0,0,0,0,0,0,0,0,0,0,0,0,0,0,0,0,0,0,0,0,0,0,0,0,0,0,0,0,0,0,0,0,0,0,0,0,0,0,0,0,0,0,0,0,0,0,0,0,0,0,0,0,1,0,0,0,0,0,0,1,0,0,0,0,0,0,1,0,0,1,0,0,0,0,0,0,1,0,0,0,0,0,0,0,0,0,0,0,0,0,0,1,0,0,0,0,0,0,1,0,0,0,0,0,0,0,0,0,0,0,0,0,0,1,0,1,0,0,0,0,0
-8357535.05218116,4871742.72804097,1291,2020017856,2044,1,0,0,0,0,0,0,0,0,4,0,,67,2,2020,7,40.039896,-75.077013,2016,6,0,0,0,0,0,2,0,0,,0,0,0,,,0,,1,,40 02:23.625,,0,75 04:37.247,0,0,0,0,67301,0,0,0,N,0,0,0,2,67301,0,,1,,1,N,N,N,0,,0,0,1,,2,,,2,0,0,0,0,0,0,2,0,2,,,,N,,,,,,,,,,,0,0,1,0,0,0,0,0,0,0,0,0,0,0,0,0,0,0,0,0,0,0,0,0,1,0,0,0,0,0,0,0,0,0,0,0,0,0,0,0,0,0,0,0,0,0,0,0,0,0,0,0,0,0,0,1,0,0,0,0,1,0,0,0,0,0,0,1,0,0,0,0,0,0,1,0,0,0,0,0,0,0,0,0,1,0,0,0,0,0,0,0,0,0,0,0,0,0,0,1,0,0,0,0,0,0,1,0,0,0,0,0,0,0,0,0,0,0,0,0,0,1,0,1,0,0,0,0,0
-8362713.96997332,4861950.20999233,1292,2020036790,0340,2,0,0,0,0,0,0,0,0,5,0,,67,5,2020,2,39.972515,-75.123536,0340,6,0,0,0,0,0,0,0,0,,0,0,0,,,0,,7,,39 58:21.055,,8,75 07:24.731,0,0,0,0,67301,0,0,0,N,0,0,0,2,67301,0,,1,,99,N,N,N,0,,0,0,0,,0,U,,2,0,0,0,0,0,0,2,0,2,,03,,N,,,,,,,,,,,0,0,0,0,0,0,0,0,0,0,0,0,0,0,1,0,0,0,0,0,0,0,0,0,0,0,0,0,0,0,0,0,0,0,0,0,0,0,0,0,0,0,0,0,0,0,0,0,0,0,0,0,0,0,0,0,0,0,0,0,1,0,0,0,0,0,0,0,0,0,0,0,0,0,1,0,0,0,0,0,0,0,0,0,1,0,1,0,1,0,0,0,0,0,0,0,0,0,0,0,0,0,0,0,0,1,1,0,0,0,0,0,0,0,0,0,0,0,0,0,1,1,0,1,0,0,0,0,0
-8374523.96966371,4859765.61112971,1293,2020039195,0129,0,0,0,0,0,0,0,0,0,5,0,,67,5,2020,1,39.957474,-75.229627,0128,6,0,0,0,0,0,0,0,0,,0,0,0,,,0,N,0,,39 57:26.905,,0,75 13:46.657,0,0,0,0,67301,0,0,0,N,0,0,0,1,67301,0,,1,,1,N,N,N,1,,0,0,1,,0,,,2,0,0,0,0,0,0,2,0,2,,,,N,,,,,,,,,,,0,0,0,0,0,0,0,0,0,0,0,0,0,0,0,0,0,0,0,0,0,0,0,0,0,0,0,0,0,0,0,1,0,0,0,0,0,0,0,0,0,0,1,0,0,0,0,0,0,0,0,0,0,0,0,1,0,0,0,0,0,0,0,0,0,0,0,0,0,0,0,0,0,0,1,0,1,0,0,0,0,0,0,0,1,0,0,0,0,0,0,0,0,0,0,0,0,0,0,0,0,0,0,0,0,0,1,0,0,0,0,0,0,0,0,0,0,0,0,0,0,1,0,1,0,0,0,0,0
-8368847.45321203,4861207.6742203,1294,2020036492,1735,0,0,0,0,0,0,0,0,0,8,0,,67,4,2020,6,39.967403,-75.178634,1733,6,0,0,0,0,0,0,0,0,,0,0,0,,,1,,1,,39 58:02.652,,0,75 10:43.082,3,0,0,0,67301,1,0,0,N,1,0,0,2,67301,0,,1,,1,N,N,N,0,,1,0,1,,2,,,2,1,0,0,0,0,0,2,0,1,,03,,N,,,,,,,,,,,0,0,0,0,0,0,0,0,0,0,0,0,0,0,0,0,0,0,0,0,0,0,0,0,0,0,0,0,0,0,0,0,0,0,0,0,0,0,0,0,0,0,0,0,0,0,0,0,0,0,0,0,0,0,0,0,0,0,1,1,1,0,0,0,0,0,0,1,0,0,0,0,0,0,0,0,0,0,0,0,0,1,0,0,0,0,0,0,0,0,0,0,0,0,0,0,0,0,0,1,1,0,0,0,0,0,1,0,0,1,0,0,0,0,0,0,0,0,0,0,0,1,0,0,1,0,0,0,0
-8375900.65907503,4876118.1211457,1295,2020037172,1105,1,0,0,0,0,0,0,0,0,5,0,,67,5,2020,1,40.069981,-75.241994,1100,6,0,0,0,0,0,1,0,0,,0,1,0,,,0,N,0,,40 04:11.930,,99,75 14:31.180,0,0,0,0,67301,0,0,0,N,0,0,0,2,67301,0,,1,,1,N,N,N,0,,0,0,0,,0,,,2,0,0,0,0,0,0,2,0,2,,03,,N,,,,,,,,,,,1,0,0,0,0,0,0,0,0,0,0,0,0,0,0,0,0,0,0,0,0,0,0,0,1,0,0,0,0,0,0,0,0,0,0,0,0,0,0,0,0,0,1,0,0,0,0,0,0,0,0,0,1,0,0,0,0,0,0,0,0,0,0,0,0,0,0,1,1,0,0,0,0,0,1,0,1,0,0,0,0,0,0,0,1,0,0,0,0,0,0,0,0,0,0,0,0,0,0,0,0,0,0,0,0,0,0,0,0,0,0,0,0,0,0,0,0,0,0,0,0,1,0,1,0,0,0,0,0
-8367843.12853694,4863967.91527312,1296,2020039075,1039,2,0,0,0,0,0,0,0,0,4,0,,67,5,2020,7,39.986404,-75.169612,1038,6,0,0,0,0,0,0,0,0,,0,0,0,,,1,,1,,39 59:11.054,,0,75 10:10.603,4,0,0,0,67301,0,0,0,N,0,0,0,2,67301,1,,9,,1,N,N,N,0,,0,0,0,,2,,,2,1,0,0,0,0,1,2,0,2,,03,,N,,,,,,,,,,,0,0,1,0,0,0,0,0,0,0,0,0,0,0,0,0,0,1,0,0,0,0,0,0,0,0,0,0,0,0,0,0,0,0,0,0,0,0,0,0,0,0,0,0,0,0,0,0,0,0,0,0,0,0,0,0,0,0,1,1,1,0,0,0,0,0,0,1,1,0,0,0,0,0,1,0,0,0,0,0,0,0,0,1,0,0,0,0,0,0,0,0,0,0,0,0,0,0,0,1,0,0,0,0,0,0,0,0,0,0,0,0,0,0,0,0,0,0,0,0,0,1,0,1,0,0,0,0,0
-8371065.8285564,4858191.91196926,1297,2020006425,0006,3,0,0,0,0,0,0,0,0,1,0,,67,1,2020,7,39.946637,-75.198562,0004,6,0,0,0,0,0,0,0,0,,0,0,0,,,0,Y,0,,39 56:47.892,,0,75 11:54.824,0,0,0,0,67301,0,0,0,N,0,0,0,3,67504,0,,1,,1,N,N,N,0,,0,0,0,,0,,,3,0,0,0,0,0,0,2,0,3,,03,,N,,,,,,,,,,,0,0,0,0,0,0,0,0,0,0,0,0,0,0,0,0,0,1,0,0,0,0,0,0,0,0,0,0,0,0,0,0,0,0,0,0,0,0,0,0,0,0,0,0,0,0,0,0,0,0,0,0,0,0,0,1,0,0,0,0,0,0,0,0,0,0,0,0,0,0,0,0,0,0,1,0,1,0,0,0,0,0,0,0,1,0,0,0,0,1,0,0,0,0,0,0,0,0,0,0,0,0,0,0,0,0,1,0,0,0,0,0,0,0,0,0,0,0,0,0,0,1,0,1,0,0,0,0,0
-8376191.09078233,4857849.09118199,1298,2020018669,2354,3,0,0,0,0,0,0,0,0,5,0,,67,2,2020,7,39.944276,-75.244603,2345,6,0,0,0,0,0,0,0,0,,0,0,0,,,1,N,0,,39 56:39.395,2,0,75 14:40.569,3,0,0,0,67301,0,0,0,N,0,0,0,1,67301,0,,1,207,1,N,N,N,0,,1,0,1,,0,N,,4,1,1,0,0,0,0,2,0,4,,03,,N,,,,,,,,,,,1,1,0,0,0,0,0,0,0,0,0,0,0,0,0,0,0,0,1,0,0,0,0,0,0,0,0,0,0,0,0,0,0,0,0,0,0,0,0,0,0,0,1,0,0,0,0,0,0,0,0,0,0,0,0,1,1,0,1,1,0,0,0,0,0,0,0,0,0,0,0,0,0,0,1,0,1,0,0,0,0,0,0,0,0,0,0,0,0,0,0,0,0,0,0,0,0,0,0,0,0,0,0,0,1,0,1,0,0,1,0,0,0,0,0,0,0,1,0,0,0,1,0,1,0,0,0,0,0
-8374146.59657144,4862106.79977022,1299,2020014824,1604,1,0,0,0,0,0,0,0,0,5,0,,67,2,2020,6,39.973593,-75.226237,1604,6,0,0,0,0,0,0,0,0,,0,0,0,,,0,N,0,,39 58:24.934,,0,75 13:34.453,0,0,0,0,67301,0,0,0,N,0,0,0,1,67301,0,,1,,9,N,N,N,0,,0,0,1,,0,,,3,0,0,0,0,0,0,2,1,3,,04,,N,,,,,,,,,,,0,0,0,0,0,0,0,0,0,0,0,0,0,0,0,0,0,0,0,0,0,0,0,0,0,0,0,0,0,0,0,0,0,0,0,0,0,0,0,0,0,0,1,0,0,1,0,0,0,0,0,0,0,0,0,0,0,0,0,0,0,0,0,0,0,0,0,0,0,0,0,0,0,0,1,0,1,0,0,0,0,0,0,0,1,0,0,0,0,0,0,0,0,0,0,0,0,0,0,0,0,0,0,0,0,0,1,0,0,0,0,0,0,0,0,0,0,0,0,0,0,1,0,1,0,0,1,0,0
-8351765.13846061,4871071.71927356,1300,2020036824,1133,3,0,0,0,0,0,0,0,0,4,0,,67,5,2020,3,40.035281,-75.025181,1131,6,0,1,0,0,0,0,1,0,,0,0,0,,,2,,1,,40 02:07.013,1,0,75 01:30.652,3,0,0,0,67301,0,0,0,N,0,0,0,3,67301,0,,1,1240,1,N,N,N,0,,2,0,0,,0,Y,,3,2,0,0,0,0,0,2,0,3,,,,N,,,,,,,,,,,1,0,1,0,0,0,0,0,0,0,0,0,0,0,0,0,0,0,0,0,1,0,0,0,0,1,0,0,0,0,0,0,0,0,0,0,0,0,0,0,0,0,1,0,0,0,0,0,0,0,0,0,0,0,0,0,0,0,1,1,1,0,0,0,1,0,0,0,0,0,0,1,0,0,1,0,0,0,0,0,0,0,0,0,0,0,0,0,0,0,0,0,0,0,0,0,0,0,0,0,0,0,0,0,0,0,1,0,0,1,0,0,0,0,0,0,0,0,0,0,1,1,0,1,0,0,0,0,1
-8362097.81641267,4863348.42507128,1301,2020040004,2245,1,0,0,0,0,0,0,0,0,8,0,,67,5,2020,3,39.98214,-75.118001,0954,6,0,0,0,0,0,0,0,0,,0,0,0,,,1,N,0,,39 58:55.704,,0,75 07:04.802,2,0,0,0,67301,1,0,1,N,1,0,1,2,67301,0,,1,,1,N,N,N,0,,0,1,0,,0,,,2,1,1,0,0,0,0,2,0,1,,03,,N,,,,,,,,,,,0,0,0,0,0,0,0,0,0,0,0,0,0,0,0,0,0,0,0,0,0,0,0,0,0,0,0,0,0,0,1,0,0,0,0,0,0,0,0,0,0,0,0,0,0,0,0,0,0,0,0,0,0,0,0,0,0,0,1,1,0,0,0,0,0,0,0,0,0,0,0,0,0,0,0,0,1,0,0,0,0,1,0,0,0,0,0,0,0,0,0,0,0,0,0,0,0,0,0,0,1,0,0,0,0,0,1,0,0,0,1,0,0,0,0,0,0,1,0,0,0,1,0,0,1,0,0,0,0
-8364776.38734594,4873325.55817782,1302,2020040292,1510,2,0,0,0,0,0,1,0,0,2,1,,67,4,2020,1,40.050781,-75.142063,1454,6,0,0,0,0,0,1,1,0,,0,0,0,,,0,N,0,,40 03:02.813,,0,75 08:31.428,0,0,0,0,67301,0,0,0,N,0,0,0,3,67508,0,,1,,9,N,N,N,0,,0,0,0,,0,,,3,0,0,0,0,0,0,2,0,3,,,,N,,,,,,,,,,,0,0,0,0,0,0,0,0,0,0,0,1,0,1,0,0,0,0,0,0,0,0,0,0,1,1,0,0,0,0,0,0,0,0,0,0,0,0,0,0,0,0,0,0,0,0,0,0,0,0,0,1,0,0,0,0,0,0,0,0,0,0,0,1,0,0,0,0,0,0,0,1,0,0,1,0,1,0,0,0,0,0,0,0,1,0,0,0,0,0,0,0,0,0,0,0,0,0,0,0,0,0,0,0,0,0,1,0,0,0,0,0,0,0,0,0,0,0,0,0,0,1,0,1,0,0,1,0,0
-8370502.99716184,4861708.35653511,1303,2020035992,0000,0,0,0,0,0,0,0,0,0,7,0,,67,5,2020,6,39.97085,-75.193506,2356,6,0,0,0,0,0,0,0,0,,0,0,0,,,1,N,0,,39 58:15.060,5,0,75 11:36.620,2,0,0,0,67301,0,0,0,N,0,0,0,1,67301,0,,4,26,1,N,N,N,0,,0,1,1,,0,Y,,1,1,0,0,0,0,0,2,0,1,,,,N,,,,,,,,,,,0,0,0,0,0,0,0,0,0,0,0,0,0,0,0,0,0,0,0,0,0,0,0,0,0,0,0,0,0,0,1,0,0,0,0,0,0,0,0,1,0,0,0,0,0,0,0,0,1,0,0,0,0,0,0,1,0,0,1,1,0,0,0,1,0,0,0,1,1,0,0,0,0,0,0,0,1,0,0,0,0,0,0,0,0,0,0,0,0,0,0,0,0,0,0,0,0,0,0,0,1,0,0,0,0,0,0,0,0,0,1,1,0,0,0,0,0,0,0,0,0,1,0,1,0,0,0,0,0
-8366344.21114527,4863948.44662719,1304,2020017689,1350,0,0,0,0,0,0,0,0,0,8,0,,67,2,2020,1,39.98627,-75.156147,1348,6,0,0,0,0,0,1,0,0,,0,0,0,,,1,,1,,39 59:10.572,1,0,75 09:22.129,8,0,0,0,67301,1,0,0,N,1,0,0,2,67505,0,,1,1410,1,N,N,N,0,,0,0,0,,2,Y,,2,1,0,0,0,1,0,2,1,1,,03,,N,,,,,,,,,,,0,0,0,0,0,0,0,0,0,0,0,0,0,0,0,0,0,0,0,0,0,0,0,0,1,0,0,0,0,0,0,0,0,0,0,0,0,0,0,0,0,0,0,0,0,0,0,0,0,0,0,0,0,0,0,0,0,0,1,1,1,0,0,0,0,0,0,1,0,0,0,0,0,0,0,0,0,0,0,0,0,1,0,0,0,0,0,0,0,0,0,0,0,0,0,0,0,0,0,1,1,0,0,0,0,0,1,0,0,0,0,0,0,0,0,0,0,0,0,0,0,1,0,0,1,0,0,0,0
-8362787.88653571,4871789.69284629,1305,2020040102,0226,1,0,0,0,0,0,0,0,0,4,0,,67,5,2020,4,40.040219,-75.1242,0223,6,0,0,0,0,0,1,0,0,,0,0,0,,,0,N,0,,40 02:24.790,1,0,75 07:27.120,0,0,0,0,67301,0,0,0,N,0,0,0,1,67301,0,,1,400,1,N,N,N,0,,0,0,1,,0,N,,2,0,0,0,0,0,0,2,0,2,,03,,N,,,,,,,,,,,0,0,1,0,0,0,0,0,0,0,0,0,0,0,0,0,0,0,0,0,0,0,0,0,1,0,0,1,1,0,0,0,0,0,0,0,0,0,0,0,0,0,1,0,0,0,0,0,0,0,0,0,0,0,1,1,1,0,0,0,0,0,0,0,0,0,0,1,1,0,0,0,0,0,1,0,1,0,0,0,0,0,0,0,1,0,0,0,0,0,0,0,0,0,0,0,0,0,0,0,0,0,0,0,0,0,0,0,0,0,0,0,0,0,0,0,0,0,0,0,0,1,0,1,0,0,0,0,0
-8366832.01373825,4873161.81030946,1306,2020039638,2011,2,0,0,0,0,0,0,0,0,4,0,,67,5,2020,2,40.049655,-75.160529,2011,6,0,0,0,0,0,0,0,0,,0,0,0,,,1,,1,,40 02:58.758,,0,75 09:37.905,3,0,0,0,67301,0,0,0,N,0,0,0,3,67301,0,,1,,1,N,N,N,0,,1,0,1,,2,,,3,1,2,0,0,0,0,2,0,3,,03,,N,,,,,,,,,,,0,0,1,0,0,0,0,0,0,0,0,0,0,0,0,0,0,0,0,0,0,0,0,0,0,0,0,0,0,0,0,0,0,0,0,0,0,0,0,0,0,0,1,0,0,0,0,0,0,0,0,0,0,0,0,0,0,0,1,1,1,0,0,0,1,0,0,1,1,0,0,0,0,0,1,0,0,0,0,0,0,0,0,0,0,0,0,0,0,0,0,0,0,0,0,0,0,0,0,1,0,0,0,0,0,0,0,0,0,1,0,0,0,0,0,0,0,1,0,0,0,1,0,0,0,0,0,0,0
-8365677.51845501,4862151.39539077,1307,2020039423,0230,0,0,0,0,0,0,0,0,0,7,0,,67,5,2020,2,39.9739,-75.150158,0216,6,0,0,0,0,0,0,0,0,,0,0,0,,,0,N,0,,39 58:26.040,,0,75 09:00.570,9,0,0,0,67301,0,0,0,N,0,0,0,1,67301,0,,4,,1,N,N,N,0,,0,0,1,,0,,,1,0,0,0,0,0,1,2,0,1,,,,N,,,,,,,,,,,0,0,0,0,0,0,0,0,0,0,0,0,0,0,0,0,0,0,0,0,0,0,0,0,0,0,0,0,0,0,0,0,0,0,0,0,0,0,0,1,0,0,0,0,0,1,0,0,0,0,0,0,0,0,0,1,0,0,0,0,0,0,0,1,0,0,0,1,1,0,0,0,0,0,0,0,1,0,0,0,0,0,0,0,0,0,0,0,0,0,0,0,0,0,0,0,0,0,0,0,1,0,0,0,0,0,0,0,0,0,0,1,0,0,0,0,0,0,0,0,0,1,0,1,0,0,0,0,0
-8366348.55263421,4866172.33038694,1308,2020040499,0540,0,0,0,0,0,0,0,0,0,8,0,,67,5,2020,5,40.001575,-75.156186,0536,6,0,0,0,0,0,1,0,0,,0,0,0,,,1,N,0,,40 00:05.670,,0,75 09:22.270,3,0,0,0,67301,1,0,0,N,1,0,0,2,67301,0,,1,,1,N,N,N,0,,1,0,1,,0,,,2,1,0,0,0,0,0,2,0,1,,03,,N,,,,,,,,,,,0,0,0,0,0,0,0,0,0,0,0,0,0,0,0,0,0,0,0,0,0,0,0,0,1,0,0,0,0,0,0,0,0,0,0,0,0,0,0,0,0,0,0,0,0,0,0,0,0,0,0,0,0,0,0,0,0,0,1,1,0,0,0,0,0,0,0,1,1,0,0,0,0,0,0,0,1,0,0,0,0,1,0,0,0,0,0,0,0,0,0,0,0,0,0,0,0,0,0,0,1,0,0,0,0,0,0,0,0,1,0,0,0,0,0,0,0,0,0,0,0,1,0,0,1,0,0,0,0
-8372404.55732547,4860504.40803737,1309,2020016748,1935,1,0,0,0,0,0,1,0,0,4,1,,67,2,2020,2,39.962561,-75.210588,1929,6,0,0,0,0,0,1,0,0,,0,0,0,,,2,,2,,39 57:45.219,,0,75 12:38.118,3,0,0,0,67301,0,0,0,N,0,0,0,3,67301,0,,1,,9,Y,N,N,0,,2,0,0,,2,,,2,2,0,0,0,0,0,2,0,2,,,,N,,,,,,,,,,,0,0,1,0,0,0,0,0,0,0,1,1,0,0,0,0,0,0,0,0,0,0,0,0,1,0,0,0,0,0,0,0,0,0,0,0,0,0,0,0,0,0,0,0,0,0,0,0,0,0,0,0,0,0,0,0,0,0,1,1,1,0,0,0,1,0,0,1,0,0,0,0,0,0,1,0,0,0,0,0,0,0,0,0,0,0,0,0,0,0,0,0,0,0,1,1,1,0,0,1,0,0,0,0,0,0,1,0,0,1,0,0,0,0,0,0,0,0,0,0,0,1,0,0,0,0,1,0,0
-8374333.61350934,4863180.33773585,1310,2020039197,2230,2,0,0,0,0,0,0,0,0,4,0,,67,5,2020,7,39.980983,-75.227917,2226,6,0,0,0,0,0,0,0,0,,0,0,0,,,1,N,0,,39 58:51.540,,0,75 13:40.500,3,0,0,0,67301,0,0,0,N,0,0,0,1,67301,0,,1,,1,N,N,N,0,,1,0,0,,0,,,2,1,0,0,0,0,0,2,0,2,,03,,N,,,,,,,,,,,0,1,1,0,0,0,0,0,0,0,0,0,0,0,0,0,0,0,1,0,0,0,0,0,0,0,0,1,1,0,0,0,0,0,0,0,0,0,0,0,0,0,1,0,0,0,0,0,0,0,0,0,0,0,1,1,1,0,1,1,0,0,0,0,0,0,0,1,1,0,0,0,0,0,1,0,1,0,0,0,0,0,0,0,0,0,0,0,0,0,0,0,0,0,0,0,0,0,0,0,0,0,0,0,0,0,0,0,0,1,0,0,0,0,0,0,0,0,0,0,0,1,0,1,0,0,0,0,0
-8368648.52547247,4866624.14252699,1311,2020039488,1431,1,0,0,0,0,0,0,0,0,7,0,,67,5,2020,1,40.004684,-75.176847,1428,6,0,0,0,0,0,0,0,0,,0,0,0,,,0,Y,0,,40 00:16.861,,0,75 10:36.648,0,0,0,0,67301,0,0,0,N,0,0,0,1,67301,0,,2,,1,N,N,N,0,,0,0,0,,1,,,1,0,0,0,0,0,0,2,0,1,,03,,N,,,,,,,,,,,0,0,0,0,0,0,0,0,0,0,0,0,0,0,0,0,0,0,0,0,0,0,0,0,0,0,0,0,0,0,0,0,0,0,0,0,0,0,0,1,0,0,0,0,0,0,0,0,0,0,0,0,0,0,0,0,0,0,0,0,0,0,0,1,0,0,0,0,0,0,0,0,0,0,0,0,1,0,0,0,0,0,0,0,1,0,0,0,0,0,0,0,0,0,0,0,0,0,0,0,1,0,0,0,0,0,1,0,0,0,0,1,0,0,0,0,0,0,0,0,0,1,1,1,0,0,0,0,0