X,Y,objectid,crn,arrival_tm,automobile_count,belted_death_count,belted_susp_serious_inj_count,bicycle_count,bicycle_death_count,bicycle_susp_serious_inj_count,bus_count,chldpas_death_count,chldpas_susp_serious_inj_count,collision_type,comm_veh_count,cons_zone_spd_lim,county,crash_month,crash_year,day_of_week,dec_latitude,dec_longitude,dispatch_tm,district,driver_count_16yr,driver_count_17yr,driver_count_18yr,driver_count_19yr,driver_count_20yr,driver_count_50_64yr,driver_count_65_74yr,driver_count_75plus,est_hrs_closed,fatal_count,heavy_truck_count,horse_buggy_count,hour_of_day,illumination,injury_count,intersection_related_x,intersect_type,lane_closed,latitude,ln_close_dir,location_type,longitude,max_severity_level,mcycle_death_count,mcycle_susp_serious_inj_count,motorcycle_count,municipality,nonmotr_count,nonmotr_death_count,nonmotr_susp_serious_inj_count,ntfy_hiwy_maint,ped_count,ped_death_count,ped_susp_serious_inj_count,person_count,police_agcy,possible_inj_count,rdwy_surf_type_cd,relation_to_road,roadway_cleared,road_condition,sch_bus_ind,sch_zone_ind,secondary_crash,small_truck_count,spec_juris_cd,susp_minor_inj_count,susp_serious_inj_count,suv_count,tcd_func_cd,tcd_type,tfc_detour_ind,time_of_day,total_units,tot_inj_count,unbelted_occ_count,unb_death_count,unb_susp_serious_inj_count,unk_inj_deg_count,unk_inj_per_count,urban_rural,van_count,vehicle_count,weather1,weather2,workers_pres,work_zone_ind,work_zone_loc,work_zone_type,wz_close_detour,wz_flagger,wz_law_offcr_ind,wz_ln_closure,wz_moving,wz_other,wz_shlder_mdn,wz_workers_inj_killed,aggressive_driving,alcohol_related,angle_crash,atv,atv_route,backup_congestion,backup_nonrecurring,backup_prior,bicycle,cell_phone,child_passenger,comm_vehicle,core_network,cross_median,curved_road,curve_dvr_error,deer_related,distracted,drinking_driver,driver_16yr,driver_17yr,driver_18yr,driver_19yr,driver_20yr,driver_50_64yr,driver_65_74yr,driver_75plus,drugged_driver,drug_related,fatal,fatal_or_susp_serious_inj,fatigue_asleep,federal_aid_route,fire_in_vehicle,hazardous_truck,hit_barrier,hit_bridge,hit_deer,hit_embankment,hit_fixed_object,hit_gdrail,hit_gdrail_end,hit_parked_vehicle,hit_pole,hit_roadway_equipment,hit_run,hit_temp_construction_barrier,hit_traffic_island,hit_tree_shrub,hit_utility_pole,horse_buggy,ho_oppdir_sdswp,hvy_truck_related,icy_road,illegal_drug_related,illumination_dark,impaired_driver,impaired_nonmotorist,injury,injury_or_fatal,intersection,intersection_related_y,interstate,lane_departure,left_turn,limit_65mph,limit_70mph,local_road,local_road_only,marijuana_drugged_driver,marijuana_related,mature_driver,mc_drinking_driver,motorcycle,multiple_vehicle,nhtsa_agg_driving,non_intersection,no_clearance,opioid_related,other_freeway_expressway,overturned,pedestrian,phantom_vehicle,possible_injury,property_damage_only,psp_reported,ramp,ramp_segment,ramp_terminal,rear_end,roundabout,running_red_lt,running_stop_sign,rural,school_bus,school_bus_related,school_bus_unit,school_zone,shldr_related,signalized_int,single_vehicle,snowmobile,snow_slush_road,speeding,speeding_related,speed_change_lane,state_road,stop_controlled_int,sudden_deer,suspected_minor_injury,suspected_serious_injury,sv_run_off_rd,tailgating,train,train_trolley,trolley,turnpike,unbelted,underage_drnk_drv,unlicensed,unsignalized_int,urban,vehicle_failure,vehicle_towed,vulnerable_road_user,vulnerable_road_user_fatal,wet_road,work_zone,young_driver
-8369368.42858065,4862350.2606688,2984,2020030502,1750,3,0,0,0,0,0,0,0,0,4,0,,67,3,2020,3,39.975269,-75.183314,1738,6,0,0,0,1,0,0,0,0,,0,0,0,,,1,,1,,39 58:30.969,,0,75 10:59.930,3,0,0,0,67301,0,0,0,N,0,0,0,5,67301,0,,1,,1,N,N,N,0,,1,0,1,,3,,,4,1,0,0,0,0,0,2,0,4,,,,N,,,,,,,,,,,1,0,1,0,0,0,0,0,0,0,0,0,0,0,0,0,0,0,0,0,0,0,1,0,0,0,0,0,0,0,0,0,0,0,0,0,0,0,0,0,0,0,1,0,0,0,0,0,0,0,0,0,0,0,0,0,0,0,1,1,1,0,0,0,0,0,0,1,0,0,0,0,0,0,1,0,0,0,0,0,0,0,0,0,0,0,0,0,0,0,0,0,1,0,0,0,0,0,0,0,0,0,0,0,0,0,1,1,0,1,0,0,0,0,0,0,0,0,0,0,1,1,0,1,0,0,0,0,1
-8367216.28821528,4861554.09683764,2985,2020031117,0342,3,0,0,0,0,0,0,0,0,5,0,,67,4,2020,7,39.969788,-75.163981,0339,6,0,0,0,0,0,0,0,0,,0,0,0,,,1,N,0,,39 58:11.237,,0,75 09:50.331,4,0,0,0,67301,0,0,0,N,0,0,0,1,67301,1,,6,,1,N,N,N,0,,0,0,0,,0,,,3,1,0,0,0,0,0,2,0,3,,03,,N,,,,,,,,,,,0,0,0,0,0,0,0,0,0,0,0,0,0,0,0,0,0,0,0,0,0,0,0,0,0,0,0,0,0,0,0,1,0,0,0,0,0,0,0,0,0,0,1,0,0,0,0,0,0,0,0,0,0,0,0,1,0,0,1,1,0,0,0,0,0,0,0,0,0,0,0,0,0,0,1,0,1,0,0,0,0,0,0,1,0,0,0,0,0,0,0,0,0,0,0,0,0,0,0,0,0,0,0,0,0,0,1,0,0,0,0,0,0,0,0,0,0,0,0,0,0,1,0,1,0,0,0,0,0
-8361908.35097643,4870368.33496004,2986,2020032526,1000,1,0,0,0,0,0,0,0,0,4,0,,67,4,2020,3,40.030443,-75.116299,0945,6,0,0,0,0,0,0,0,0,,0,0,0,,,1,,1,,40 01:49.594,,0,75 06:58.676,4,0,0,0,67301,0,0,0,N,0,0,0,2,67301,1,,1,,1,N,N,N,0,,0,0,1,,0,,,2,1,0,0,0,0,0,2,0,2,,03,,N,,,,,,,,,,,1,0,1,0,0,0,0,0,0,0,0,0,0,0,0,0,0,0,0,0,0,0,0,0,0,0,0,0,0,0,0,0,0,0,0,0,0,0,0,0,0,0,0,0,0,1,0,0,0,0,0,0,0,0,0,0,0,0,1,1,1,0,0,0,0,0,0,1,1,0,0,0,0,0,1,0,0,0,0,0,0,0,0,1,0,0,0,0,0,0,0,0,0,0,0,0,0,0,0,0,0,0,0,0,0,0,0,0,0,0,0,0,0,0,0,0,0,0,0,0,1,1,0,0,0,0,0,0,0
-8369064.52638735,4864173.7909354,2987,2020031327,1430,1,0,0,0,0,0,0,0,0,4,0,,67,4,2020,1,39.987821,-75.180584,1420,6,0,0,0,0,0,0,0,0,,0,0,0,,,6,,1,,39 59:16.154,,0,75 10:50.102,3,0,0,0,67301,1,0,0,N,1,0,0,6,67301,0,,1,,1,N,N,N,0,,6,0,1,,2,,,3,6,2,0,0,0,0,2,0,2,,03,,N,,,,,,,,,,,0,0,1,0,0,0,0,0,0,0,0,0,0,0,0,0,0,0,0,0,0,0,0,0,0,0,0,0,0,0,0,0,0,0,0,0,0,0,0,0,0,0,0,0,0,0,0,0,0,0,0,0,0,0,0,0,0,0,1,1,1,0,0,0,0,0,0,1,0,0,0,0,0,0,1,0,0,0,0,0,0,1,0,0,0,0,0,0,0,0,0,0,0,0,0,0,0,0,0,1,0,0,0,0,0,0,1,0,0,1,0,0,0,0,0,0,0,1,0,0,0,1,0,1,1,0,0,0,0
-8373530.10935122,4866513.69415232,2988,2020046295,0052,2,0,0,0,0,0,0,0,0,2,0,,67,6,2020,6,40.003924,-75.220699,0048,6,0,0,0,0,0,0,0,0,,0,0,0,,,1,,1,,40 00:14.125,,0,75 13:14.515,8,0,0,0,67301,0,0,0,N,0,0,0,2,67301,0,,1,,1,N,N,N,0,,0,0,0,,2,U,,2,1,0,0,0,1,1,2,0,2,,03,,N,,,,,,,,,,,1,0,0,0,0,0,0,0,0,0,0,0,1,0,0,0,0,0,0,0,0,0,0,0,0,0,0,0,0,0,0,0,0,0,0,0,0,0,0,0,0,0,0,0,0,0,0,0,0,0,0,1,0,0,0,1,0,0,1,1,1,0,0,0,1,0,0,0,0,0,0,0,0,0,1,0,0,0,0,0,0,0,0,0,0,0,0,0,0,0,0,0,0,0,0,0,0,0,0,1,0,0,0,0,0,0,1,0,0,0,0,0,0,0,0,0,0,0,0,0,0,1,0,1,0,0,0,0,0
-8364538.38605716,4869013.75645453,2989,2020030541,0025,0,0,0,0,0,0,0,0,0,1,0,,67,4,2020,4,40.021125,-75.139925,0010,6,0,0,0,0,0,0,0,0,,0,0,0,,,0,,1,,40 01:16.051,,0,75 08:23.731,0,0,0,0,67301,0,0,0,N,0,0,0,2,67301,0,,1,,1,N,N,N,0,,0,0,2,,2,,,2,0,0,0,0,0,0,2,0,2,,03,,N,,,,,,,,,,,0,1,0,0,0,0,0,0,0,0,0,0,1,0,0,0,0,0,1,0,0,0,0,0,0,0,0,0,0,0,0,0,0,0,0,0,0,0,0,0,0,0,0,0,0,0,0,0,0,0,0,0,0,0,0,1,1,0,0,0,1,0,0,0,0,0,0,1,0,0,0,0,0,0,1,0,0,0,0,0,0,0,0,0,1,0,0,0,0,1,0,0,0,0,0,0,0,0,0,1,0,0,0,0,0,0,1,0,0,0,0,0,0,0,0,0,0,0,0,0,0,1,0,1,0,0,0,0,0
-8373625.73271081,4866450.04167429,2990,2020072096,,2,0,0,0,0,0,0,0,0,1,0,,67,9,2020,3,40.003486,-75.221558,,6,0,0,0,0,0,0,1,0,,0,0,0,,,0,N,0,,40 00:12.550,,0,75 13:17.607,0,0,0,0,67301,0,0,0,N,0,0,0,2,67301,0,,1,,1,N,N,N,0,,0,0,0,,0,,,2,0,0,0,0,0,0,2,0,2,,03,,N,,,,,,,,,,,1,0,0,0,0,0,0,0,0,0,0,0,1,0,0,0,0,0,0,0,0,0,0,0,0,1,0,0,0,0,0,0,0,0,0,0,0,0,0,0,0,0,0,0,0,0,0,0,0,0,0,0,0,0,0,1,0,0,0,0,0,0,0,0,0,0,0,0,0,0,0,1,0,0,1,0,1,0,0,0,0,0,0,0,1,0,0,0,0,1,0,0,0,0,0,0,0,0,0,0,0,0,0,0,0,0,1,0,0,0,0,0,0,0,0,0,0,0,0,0,0,1,1,1,0,0,0,0,0
-8368394.38288425,4863949.17295213,2991,2020070148,2208,1,0,0,0,0,0,0,0,0,7,0,,67,8,2020,4,39.986275,-75.174564,2208,6,0,0,0,0,0,0,0,0,,0,0,0,,,0,N,0,,39 59:10.590,2,0,75 10:28.430,0,0,0,0,67301,0,0,0,N,0,0,0,3,67301,0,,4,1200,1,N,N,N,0,,0,0,0,,0,Y,,1,0,0,0,0,0,0,2,0,1,,03,,N,,,,,,,,,,,1,0,0,0,0,0,0,0,0,0,0,0,0,0,0,0,0,0,0,0,0,0,0,0,0,0,0,0,0,0,0,0,0,0,0,0,0,0,0,1,0,0,0,1,0,0,0,0,0,1,0,0,0,0,0,1,0,0,0,0,0,0,0,1,0,0,0,1,1,0,0,0,0,0,0,0,1,0,0,0,0,0,0,0,1,0,0,0,0,0,0,0,0,0,0,0,0,0,0,0,1,0,0,0,0,0,0,0,0,0,0,1,0,0,0,0,0,0,0,0,0,1,0,1,0,0,0,0,0
-8365412.35537079,4864028.64602996,2992,2020030543,2001,1,0,0,0,0,0,0,0,0,5,0,,67,3,2020,3,39.986822,-75.147776,1954,6,0,0,0,0,0,0,0,0,,0,0,0,,,1,N,0,,39 59:12.558,3,0,75 08:51.992,3,0,0,0,67301,0,0,0,N,0,0,0,2,67301,0,,1,30,1,N,N,N,1,,1,0,0,,0,Y,,2,1,1,0,0,0,0,2,0,2,,,,N,,,,,,,,,,,0,0,0,0,0,0,0,0,0,0,0,0,0,0,0,0,0,0,0,0,0,0,0,0,0,0,0,0,0,0,0,0,0,0,0,0,0,0,0,0,0,0,0,0,0,1,0,0,0,0,0,0,0,0,0,1,0,0,1,1,0,0,0,0,0,0,0,0,0,0,0,0,0,0,1,0,1,0,0,0,0,0,0,0,0,0,0,0,0,0,0,0,0,0,0,0,0,0,0,0,0,0,0,0,0,0,1,0,0,1,0,0,0,0,0,0,0,1,0,0,0,1,0,1,0,0,0,0,0
-8360295.4421027,4865626.52120716,2993,2020070604,0035,1,0,0,0,0,0,0,0,0,4,0,,67,8,2020,1,39.997819,-75.10181,0032,6,0,0,0,0,0,0,0,0,,0,0,0,,,0,,2,,39 59:52.148,,0,75 06:06.517,0,0,0,0,67301,0,0,0,N,0,0,0,3,67301,0,,1,,1,N,N,N,0,,0,0,1,,3,,,2,0,1,0,0,0,0,2,0,2,,03,,N,,,,,,,,,,,0,0,1,0,0,0,0,0,0,0,0,0,0,0,0,0,0,0,0,0,0,0,0,0,0,0,0,0,0,0,0,0,0,0,0,0,0,0,0,0,0,0,0,0,0,0,0,0,0,0,0,0,0,0,0,1,0,0,0,0,1,0,0,0,1,0,0,1,0,0,0,0,0,0,1,0,0,0,0,0,0,0,0,0,1,0,0,0,0,0,0,0,0,0,0,0,0,0,0,0,0,0,0,0,0,0,1,1,0,0,0,0,0,0,0,0,0,1,0,0,1,1,0,1,0,0,0,0,0
-8354257.9167756,4876551.33098775,2994,2020031006,1904,2,0,0,0,0,0,0,0,0,4,0,,67,4,2020,5,40.072959,-75.047574,1859,6,0,0,0,0,0,0,0,0,,0,0,0,,,1,,2,,40 04:22.653,2,0,75 02:51.266,8,0,0,0,67301,0,0,0,N,0,0,0,2,67301,0,,1,1959,1,N,N,N,0,,0,0,0,,0,N,,2,1,0,0,0,1,0,2,0,2,,03,,N,,,,,,,,,,,1,0,1,0,0,0,0,0,0,0,0,0,0,0,0,0,0,0,0,0,0,0,0,0,0,0,0,0,0,0,0,0,0,0,0,0,0,0,0,0,0,0,0,0,0,0,0,0,0,0,0,0,0,0,0,0,0,0,1,1,1,0,0,0,0,0,0,1,0,0,0,0,0,0,1,0,0,0,0,0,0,0,0,0,0,0,0,0,0,0,0,0,0,0,0,0,0,0,0,0,0,0,0,0,0,0,1,0,0,0,0,0,0,0,0,0,0,0,0,0,1,1,0,1,0,0,0,0,0
-8374233.09197258,4864175.24365746,2995,2020031957,0513,1,0,0,0,0,0,0,0,0,7,0,,67,4,2020,4,39.987831,-75.227014,0513,6,0,0,0,0,0,0,0,0,,0,0,0,,,1,N,0,,39 59:16.190,,0,75 13:37.250,4,0,0,0,67301,0,0,0,N,0,0,0,1,67301,1,,4,,9,N,N,N,0,,0,0,0,,0,,,1,1,1,0,0,0,0,2,0,1,,04,,N,,,,,,,,,,,1,0,0,0,0,0,0,0,0,0,0,0,0,0,0,0,0,0,0,0,0,0,0,0,0,0,0,0,0,0,0,0,0,0,0,0,0,0,0,1,0,0,0,1,0,1,0,0,0,1,0,0,0,0,0,0,0,0,1,1,0,0,0,1,0,0,0,1,1,0,0,0,0,0,0,0,1,0,0,0,0,0,0,1,0,0,0,0,0,0,0,0,0,0,0,0,0,0,0,0,1,0,0,0,1,0,0,0,0,0,0,1,0,0,0,0,0,1,0,0,0,1,0,1,0,0,1,0,0
-8367449.16921734,4872665.63893833,2996,2020030976,1902,2,0,0,0,0,0,0,0,0,4,0,,67,4,2020,6,40.046243,-75.166073,1901,6,0,0,0,0,0,0,0,0,,0,0,0,,,0,,1,,40 02:46.473,,0,75 09:57.863,0,0,0,0,67301,0,0,0,N,0,0,0,2,67301,0,,1,,1,N,N,N,0,,0,0,0,,3,,,2,0,0,0,0,0,0,2,0,2,,03,,N,,,,,,,,,,,0,0,1,0,0,0,0,0,0,1,0,0,0,0,0,0,0,1,0,0,0,0,0,0,0,0,0,0,0,0,0,0,0,0,0,0,0,0,0,0,0,0,0,0,0,0,0,0,0,0,0,0,0,0,0,0,0,0,0,0,1,0,0,0,1,0,0,1,0,0,0,0,0,0,1,0,0,0,0,0,0,0,0,0,1,0,0,0,0,0,0,0,0,0,0,0,0,0,0,0,0,0,0,0,0,0,1,1,0,0,0,0,0,0,0,0,0,0,0,0,1,1,0,1,0,0,0,0,0
-8365522.89529045,4854568.57393097,2997,2020031325,2054,2,0,0,0,0,0,0,0,0,4,0,,67,4,2020,1,39.921679,-75.148769,2052,6,0,0,0,0,0,0,0,0,,0,0,0,,,1,,2,,39 55:18.043,6,0,75 08:55.567,3,0,0,0,67301,0,0,0,N,0,0,0,2,67301,0,,1,30,1,N,N,N,0,,1,0,0,,3,Y,,2,1,1,0,0,0,0,2,0,2,,,,N,,,,,,,,,,,0,0,1,0,0,0,0,0,0,0,0,0,0,0,0,0,0,1,0,0,0,0,0,0,0,0,0,0,0,0,0,0,0,0,0,0,0,0,0,0,0,0,0,0,0,0,0,0,0,0,0,0,0,0,0,1,0,0,1,1,1,0,0,0,0,0,0,1,0,0,0,0,0,0,1,0,0,0,0,0,0,0,0,0,0,0,0,0,0,0,0,0,0,0,0,0,0,0,0,0,0,0,0,0,0,0,1,1,0,1,0,0,0,0,0,0,0,1,0,0,1,1,0,1,0,0,0,0,0
-8372627.30757479,4857351.79760734,2998,2020070047,0910,0,0,0,0,0,0,0,0,0,8,0,,67,8,2020,5,39.940851,-75.212589,0909,6,0,0,0,0,0,0,0,0,,0,0,0,,,1,N,0,,39 56:27.063,,0,75 12:45.321,8,0,0,0,67301,1,0,0,N,1,0,0,2,67301,0,,1,,1,N,N,N,0,,0,0,0,,2,,,2,1,0,0,0,1,1,2,0,1,,03,,N,,,,,,,,,,,0,0,0,0,0,0,0,0,0,0,0,0,0,0,0,0,0,0,0,0,0,0,0,0,0,0,0,0,0,0,0,0,0,0,0,0,0,0,0,0,0,0,0,0,0,1,0,0,0,0,0,0,0,0,0,0,0,0,1,1,0,0,0,0,0,0,0,0,0,0,0,0,0,0,0,0,1,0,0,0,0,1,0,0,0,0,0,0,0,0,0,0,0,0,0,0,0,0,0,0,1,0,0,0,0,0,1,0,0,0,0,0,0,0,0,0,0,0,0,0,0,1,0,0,1,0,0,0,0
-8369043.15343493,4871251.570633,2999,2020030689,1933,0,0,0,0,0,0,0,0,0,4,0,,67,4,2020,4,40.036518,-75.180392,1931,6,0,0,0,0,0,0,0,0,,0,0,0,,,0,,1,,40 02:11.464,7,0,75 10:49.411,0,0,0,0,67301,0,0,0,N,0,0,0,2,67301,0,,1,2010,1,N,N,N,0,,0,0,1,,2,Y,,2,0,2,0,0,0,0,2,1,2,,03,,N,,,,,,,,,,,1,0,1,0,0,0,0,0,0,0,0,0,0,0,0,0,0,0,0,0,0,0,0,0,0,0,0,0,0,0,0,0,0,0,0,0,0,0,0,0,0,0,0,0,0,0,0,0,0,0,0,0,0,0,0,1,0,0,0,0,1,0,0,0,0,0,0,1,1,0,0,0,0,0,1,0,0,0,0,0,0,0,0,0,1,0,0,0,0,0,0,0,0,0,0,0,0,0,0,1,0,0,0,0,0,0,0,0,0,0,0,0,0,0,0,0,0,1,0,0,0,1,0,1,0,0,0,0,0
-8357011.85026432,4869665.00133908,3000,2020030514,2355,0,0,0,0,0,0,0,0,0,7,0,,67,3,2020,2,40.025605,-75.072313,2355,6,0,0,0,0,0,0,0,0,,0,0,0,,,1,N,0,,40 01:32.177,,0,75 04:20.328,3,0,0,0,67301,0,0,0,N,0,0,0,1,67301,0,,4,,9,N,N,N,0,,1,0,0,,0,,,1,1,1,0,0,0,0,2,1,1,,,,N,,,,,,,,,,,0,0,0,0,0,0,0,0,0,0,0,0,0,0,0,0,0,1,0,0,0,0,0,0,0,0,0,0,0,0,0,1,0,0,0,0,0,0,0,1,0,0,0,0,0,0,0,0,0,0,0,0,0,0,0,1,0,0,1,1,0,0,0,1,0,0,0,0,0,0,0,0,0,0,0,0,1,0,0,0,0,0,0,0,0,0,0,0,0,0,0,0,0,0,0,0,0,0,0,0,1,0,0,0,0,0,1,0,0,1,0,1,0,0,0,0,0,1,0,0,0,1,0,1,0,0,1,0,0
-8351165.90599579,4882911.99246307,3001,2020031168,0750,1,0,0,0,0,0,0,0,0,4,0,,67,4,2020,1,40.116669,-75.019798,0742,6,0,0,0,0,0,0,1,0,,0,0,0,,,2,,1,,40 07:00.007,,0,75 01:11.272,3,0,0,0,67301,0,0,0,N,0,0,0,3,67301,0,,1,,1,N,N,N,1,,2,0,0,,2,,,2,2,2,0,0,0,0,2,0,2,,,,N,,,,,,,,,,,1,0,1,0,0,0,0,0,0,0,0,0,0,0,0,0,0,0,0,0,0,0,0,0,0,1,0,0,0,0,0,0,0,0,0,0,0,0,0,0,0,0,0,0,0,0,0,0,0,0,0,0,0,0,0,0,0,0,1,1,1,0,0,0,0,0,0,1,0,0,0,1,0,0,1,0,0,0,0,0,0,0,0,0,0,0,0,0,0,0,0,1,0,0,0,0,0,0,0,1,0,0,0,0,0,0,1,0,0,1,0,0,0,0,0,0,0,1,0,0,0,1,0,1,0,0,0,0,0
-8361270.37879654,4869928.273001,3002,2020046783,2020,1,0,0,0,0,0,0,0,0,98,0,,67,6,2020,1,40.027416,-75.110568,2020,6,0,0,0,0,0,0,0,0,,0,0,0,,,1,N,0,,40 01:38.698,,0,75 06:38.046,3,0,0,0,67301,0,0,0,N,0,0,0,1,67301,0,,5,,1,N,N,N,0,,1,0,0,,0,,,1,1,0,0,0,0,0,2,0,1,,,,N,,,,,,,,,,,0,0,0,0,0,0,0,0,0,0,0,0,0,0,0,0,0,0,0,0,0,0,0,0,0,0,0,0,0,0,0,0,0,0,0,0,0,0,0,0,0,0,0,0,0,1,0,0,0,0,0,0,0,0,0,1,0,0,1,1,0,0,0,1,0,0,0,0,0,0,0,0,0,0,0,0,1,0,0,0,0,0,0,0,0,0,0,0,0,0,0,0,0,0,0,0,0,0,0,0,1,0,0,0,0,0,1,0,0,1,0,1,0,0,0,0,0,0,0,0,0,1,0,0,0,0,0,0,0
-8360769.21828273,4872012.88899407,3003,2020030675,2344,1,0,0,0,0,0,0,0,0,6,0,,67,3,2020,3,40.041754,-75.106066,2309,6,0,0,0,0,0,0,0,0,,0,0,0,,,1,N,0,,40 02:30.314,,7,75 06:21.838,3,0,0,0,67301,0,0,0,N,0,0,0,2,67301,0,,1,,1,N,N,N,0,,1,0,1,,0,,,2,1,0,0,0,0,1,2,0,2,,,,N,,,,,,,,,,,0,0,0,0,0,0,0,0,0,0,0,0,0,0,0,0,0,0,0,0,0,0,0,0,0,0,0,0,0,0,0,0,0,0,0,0,0,0,0,0,0,0,0,0,0,1,0,0,0,0,0,1,0,0,0,1,0,0,1,1,0,0,0,0,1,0,0,0,0,0,0,0,0,0,1,0,1,0,0,0,0,0,0,0,0,0,0,0,0,0,0,0,0,0,0,0,0,0,0,0,0,0,0,0,0,0,1,0,0,1,0,0,0,0,0,0,0,0,0,0,0,1,0,1,0,0,0,0,0
-8364734.75391462,4875346.74286497,3004,2020031009,1015,2,0,0,0,0,0,0,0,0,1,0,,67,4,2020,4,40.064678,-75.141689,1015,6,0,0,0,0,0,1,0,0,,0,0,0,,,1,N,0,,40 03:52.840,,0,75 08:30.080,3,0,0,0,67301,0,0,0,N,0,0,0,2,67301,0,,1,,1,N,N,N,0,,1,0,0,,0,,,2,1,0,0,0,0,0,2,0,2,,,,N,,,,,,,,,,,0,0,0,0,0,0,0,0,0,0,0,0,0,0,0,0,0,0,0,0,0,0,0,0,1,0,0,0,0,0,0,0,0,0,0,0,0,0,0,0,0,0,0,0,0,0,0,0,0,0,0,0,0,0,0,0,0,0,1,1,0,0,0,0,0,0,0,1,1,0,0,0,0,0,1,0,1,0,0,0,0,0,0,0,0,0,0,0,0,1,0,0,0,0,0,0,0,0,0,0,0,0,0,0,0,0,0,0,0,1,0,0,0,0,0,0,0,0,0,0,0,1,0,1,0,0,0,0,0
-8357568.11376466,4865267.89618034,3005,2020031210,0151,1,0,0,0,0,0,0,0,0,5,0,,67,4,2020,6,39.995351,-75.07731,0150,6,0,0,0,0,0,0,0,0,,0,0,0,,,1,N,0,,39 59:43.264,5,0,75 04:38.316,3,0,0,0,67301,0,0,0,N,0,0,0,1,67301,0,,6,230,1,N,N,N,0,,1,0,1,,0,N,,3,1,1,0,0,0,0,2,1,3,,03,,N,,,,,,,,,,,0,0,0,0,0,0,0,0,0,0,0,0,0,0,0,0,0,1,0,0,0,0,0,0,0,0,0,0,0,0,0,1,0,0,0,0,0,0,0,0,0,0,1,0,0,0,0,0,0,0,0,0,0,0,0,1,0,0,1,1,0,0,0,0,0,0,0,0,0,0,0,0,0,0,1,0,1,0,0,0,0,0,0,0,0,0,0,0,0,0,0,0,0,0,0,0,0,0,0,0,0,0,0,0,0,0,1,0,0,1,0,0,0,0,0,0,0,1,0,0,0,1,0,1,0,0,0,0,0
-8367681.938474,4876571.40558326,3006,2020030682,,1,0,0,0,0,0,0,0,0,6,0,,67,3,2020,3,40.073097,-75.168164,,6,0,0,0,0,0,1,0,0,,0,0,0,,,0,N,0,,40 04:23.150,,0,75 10:05.390,0,0,0,0,67301,0,0,0,N,0,0,0,1,67301,0,,6,,1,N,N,N,0,,0,0,3,,0,,,4,0,0,0,0,0,0,2,0,4,,03,,N,,,,,,,,,,,0,0,0,0,0,0,0,0,0,0,0,0,0,0,0,0,0,1,0,0,0,0,0,0,1,0,0,0,0,0,0,0,0,0,0,0,0,0,0,0,0,0,1,0,0,1,0,0,0,0,0,1,0,0,0,1,0,0,0,0,0,0,0,0,0,0,0,1,1,0,0,0,0,0,1,0,1,0,0,0,0,0,0,0,1,0,0,0,0,0,0,0,0,0,0,0,0,0,0,0,0,0,0,0,0,0,0,0,0,0,0,0,0,0,0,0,0,0,0,0,0,1,0,1,0,0,0,0,0
-8357738.65544226,4870411.3684333,3007,2020036525,,1,0,0,0,0,0,0,0,0,5,0,,67,4,2020,1,40.030739,-75.078842,,6,0,0,0,0,0,0,0,0,,0,0,0,,,1,N,0,,40 01:50.660,,0,75 04:43.830,3,0,0,0,67301,0,0,0,N,0,0,0,1,67301,0,,6,,1,N,N,N,0,,1,0,2,,0,,,3,1,1,0,0,0,0,2,0,3,,98,,N,,,,,,,,,,,0,0,0,0,0,0,0,0,0,0,0,0,0,0,0,0,0,0,0,0,0,0,0,0,0,0,0,1,1,0,0,0,0,0,0,0,0,0,0,0,0,0,1,0,0,0,0,0,0,0,0,0,0,0,1,1,1,0,1,1,0,0,0,0,0,0,0,1,1,0,0,0,0,0,1,0,1,0,0,0,0,0,0,0,0,0,0,0,0,0,0,0,0,0,0,0,0,0,0,0,0,0,0,0,0,0,0,0,0,1,0,0,0,0,0,0,0,1,0,0,0,1,0,1,0,0,0,0,0
-8356833.29381288,4871074.62692235,3008,2020071781,,1,0,0,0,0,0,0,0,0,1,0,,67,8,2020,5,40.035301,-75.070709,,6,0,0,0,0,0,1,0,0,,0,0,0,,,1,,1,,40 02:07.082,,0,75 04:14.554,3,0,0,0,67301,0,0,0,N,0,0,0,1,67301,0,,1,,1,N,N,N,0,,1,0,1,,2,,,2,1,1,0,0,0,0,2,0,2,,03,,N,,,,,,,,,,,1,0,0,0,0,0,0,0,0,0,0,0,1,0,0,0,0,0,0,0,0,0,0,0,1,0,0,0,0,0,0,0,0,0,0,0,0,0,0,0,0,0,0,0,0,1,0,0,0,0,0,0,0,0,0,0,0,0,1,1,1,0,0,0,0,0,0,0,0,0,0,0,0,0,1,0,0,0,0,0,0,0,0,0,0,0,0,0,0,1,0,0,0,0,0,0,0,0,0,1,0,0,0,0,0,0,1,0,0,1,0,0,0,0,0,0,0,1,0,0,0,1,0,0,0,0,0,0,0
-8367791.69924809,4869751.49736117,3009,2020031170,,1,0,0,0,0,0,0,0,0,4,0,,67,4,2020,6,40.0262,-75.16915,,6,0,0,0,0,1,0,0,0,,0,0,0,,,1,,1,,40 01:34.321,,0,75 10:08.941,3,0,0,0,67301,0,0,0,N,0,0,0,2,67301,0,,1,,9,N,N,N,0,,1,0,1,,2,,,2,1,0,0,0,0,0,2,0,2,,,,N,,,,,,,,,,,0,0,1,0,0,0,0,0,0,0,0,0,0,0,0,0,0,0,0,0,0,0,0,1,0,0,0,0,0,0,0,0,0,0,0,0,0,0,0,0,0,0,0,0,0,0,0,0,0,0,0,0,0,0,0,1,0,0,1,1,1,0,0,0,1,0,0,1,0,0,0,0,0,0,1,0,0,0,0,0,0,0,0,0,0,0,0,0,0,0,0,0,0,0,0,0,0,0,0,1,0,0,0,0,0,0,1,0,0,1,0,0,0,0,0,0,0,0,0,0,0,1,0,1,0,0,1,0,1