X,Y,objectid,crn,arrival_tm,automobile_count,belted_death_count,belted_susp_serious_inj_count,bicycle_count,bicycle_death_count,bicycle_susp_serious_inj_count,bus_count,chldpas_death_count,chldpas_susp_serious_inj_count,collision_type,comm_veh_count,cons_zone_spd_lim,county,crash_month,crash_year,day_of_week,dec_latitude,dec_longitude,dispatch_tm,district,driver_count_16yr,driver_count_17yr,driver_count_18yr,driver_count_19yr,driver_count_20yr,driver_count_50_64yr,driver_count_65_74yr,driver_count_75plus,est_hrs_closed,fatal_count,heavy_truck_count,horse_buggy_count,hour_of_day,illumination,injury_count,intersection_related_x,intersect_type,lane_closed,latitude,ln_close_dir,location_type,longitude,max_severity_level,mcycle_death_count,mcycle_susp_serious_inj_count,motorcycle_count,municipality,nonmotr_count,nonmotr_death_count,nonmotr_susp_serious_inj_count,ntfy_hiwy_maint,ped_count,ped_death_count,ped_susp_serious_inj_count,person_count,police_agcy,possible_inj_count,rdwy_surf_type_cd,relation_to_road,roadway_cleared,road_condition,sch_bus_ind,sch_zone_ind,secondary_crash,small_truck_count,spec_juris_cd,susp_minor_inj_count,susp_serious_inj_count,suv_count,tcd_func_cd,tcd_type,tfc_detour_ind,time_of_day,total_units,tot_inj_count,unbelted_occ_count,unb_death_count,unb_susp_serious_inj_count,unk_inj_deg_count,unk_inj_per_count,urban_rural,van_count,vehicle_count,weather1,weather2,workers_pres,work_zone_ind,work_zone_loc,work_zone_type,wz_close_detour,wz_flagger,wz_law_offcr_ind,wz_ln_closure,wz_moving,wz_other,wz_shlder_mdn,wz_workers_inj_killed,aggressive_driving,alcohol_related,angle_crash,atv,atv_route,backup_congestion,backup_nonrecurring,backup_prior,bicycle,cell_phone,child_passenger,comm_vehicle,core_network,cross_median,curved_road,curve_dvr_error,deer_related,distracted,drinking_driver,driver_16yr,driver_17yr,driver_18yr,driver_19yr,driver_20yr,driver_50_64yr,driver_65_74yr,driver_75plus,drugged_driver,drug_related,fatal,fatal_or_susp_serious_inj,fatigue_asleep,federal_aid_route,fire_in_vehicle,hazardous_truck,hit_barrier,hit_bridge,hit_deer,hit_embankment,hit_fixed_object,hit_gdrail,hit_gdrail_end,hit_parked_vehicle,hit_pole,hit_roadway_equipment,hit_run,hit_temp_construction_barrier,hit_traffic_island,hit_tree_shrub,hit_utility_pole,horse_buggy,ho_oppdir_sdswp,hvy_truck_related,icy_road,illegal_drug_related,illumination_dark,impaired_driver,impaired_nonmotorist,injury,injury_or_fatal,intersection,intersection_related_y,interstate,lane_departure,left_turn,limit_65mph,limit_70mph,local_road,local_road_only,marijuana_drugged_driver,marijuana_related,mature_driver,mc_drinking_driver,motorcycle,multiple_vehicle,nhtsa_agg_driving,non_intersection,no_clearance,opioid_related,other_freeway_expressway,overturned,pedestrian,phantom_vehicle,possible_injury,property_damage_only,psp_reported,ramp,ramp_segment,ramp_terminal,rear_end,roundabout,running_red_lt,running_stop_sign,rural,school_bus,school_bus_related,school_bus_unit,school_zone,shldr_related,signalized_int,single_vehicle,snowmobile,snow_slush_road,speeding,speeding_related,speed_change_lane,state_road,stop_controlled_int,sudden_deer,suspected_minor_injury,suspected_serious_injury,sv_run_off_rd,tailgating,train,train_trolley,trolley,turnpike,unbelted,underage_drnk_drv,unlicensed,unsignalized_int,urban,vehicle_failure,vehicle_towed,vulnerable_road_user,vulnerable_road_user_fatal,wet_road,work_zone,young_driver
-8361596.43343557,4866805.3675947,3583,2020016751,,0,0,0,0,0,0,0,0,0,8,0,,67,2,2020,4,40.005931,-75.113497,,6,0,0,0,0,0,0,0,0,,0,0,0,,,1,,1,,40 00:21.351,,0,75 06:48.588,8,0,0,0,67301,1,0,0,N,1,0,0,2,67301,0,,1,,9,N,N,N,0,,0,0,1,,2,,,2,1,0,0,0,1,0,2,0,1,,07,,N,,,,,,,,,,,1,0,0,0,0,0,0,0,0,0,0,0,0,0,0,0,0,0,0,0,0,0,0,0,0,0,0,0,0,0,0,0,0,0,0,0,0,0,0,0,0,0,0,0,0,0,0,0,0,0,0,0,0,0,0,1,0,0,1,1,1,0,0,0,1,0,0,1,0,0,0,0,0,0,0,0,0,0,0,0,0,1,0,0,0,0,0,0,0,0,0,0,0,0,0,0,0,0,0,1,1,0,0,0,0,0,1,0,0,0,0,0,0,0,0,0,0,0,0,0,0,1,0,0,1,0,1,0,0
-8351591.70283613,4877300.98125289,3584,2020017148,,0,0,0,0,0,0,0,0,0,4,0,,67,2,2020,5,40.078112,-75.023623,,6,0,0,0,0,0,0,0,0,,0,0,0,,,1,,2,,40 04:41.204,3,0,75 01:25.042,3,0,0,0,67301,0,0,0,N,0,0,0,2,67301,0,,1,1400,9,N,N,N,0,,1,0,2,,2,N,,2,1,0,0,0,0,1,2,0,2,,07,,N,,,,,,,,,,,1,0,1,0,0,0,0,0,0,0,0,0,0,0,0,0,0,0,0,0,0,0,0,0,0,0,0,0,0,0,0,0,0,0,0,0,0,0,0,0,0,0,0,0,0,0,0,0,0,0,0,0,0,0,0,0,0,0,1,1,1,0,0,0,1,0,0,1,0,0,0,0,0,0,1,0,0,0,0,0,0,0,0,0,0,0,0,0,0,0,0,0,0,0,0,0,0,0,0,1,0,0,0,0,0,0,1,0,0,1,0,0,0,0,0,0,0,0,0,0,0,1,0,1,0,0,1,0,0
-8366585.32901538,4858933.35095096,3585,2020015750,,0,0,0,0,0,0,0,0,0,8,0,,67,2,2020,2,39.951743,-75.158313,,6,0,0,0,0,0,1,0,0,,0,0,0,,,1,,1,,39 57:06.276,,0,75 09:29.927,8,0,0,0,67301,1,0,0,N,1,0,0,2,67301,0,,1,,9,N,N,N,0,,0,0,1,,2,,,2,1,0,0,0,1,0,2,0,1,,07,,N,,,,,,,,,,,0,0,0,0,0,0,0,0,0,0,0,0,0,0,0,0,0,0,0,0,0,0,0,0,1,0,0,0,0,0,0,0,0,0,0,0,0,0,0,0,0,0,0,0,0,0,0,0,0,0,0,0,0,0,0,1,0,0,1,1,1,0,0,0,0,0,0,1,0,0,0,0,0,0,0,0,0,0,0,0,0,1,0,0,0,0,0,0,0,0,0,0,0,0,0,0,0,0,0,1,1,0,0,0,0,0,1,0,0,0,0,0,0,0,0,0,0,0,0,0,0,1,0,0,1,0,1,0,0
-8363712.17253985,4869391.26955402,3586,2020058090,,0,0,0,0,0,0,0,0,0,7,0,,67,7,2020,6,40.023722,-75.132503,,6,0,0,0,0,0,0,0,0,,1,0,0,,,1,N,0,,40 01:25.399,3,0,75 07:57.012,1,0,0,0,67301,0,0,0,N,0,0,0,2,67301,0,2,4,442,1,N,N,N,0,0,0,1,1,,8,Y,,1,1,1,1,0,0,0,2,0,1,,03,,N,,,,,,,,,,,1,1,0,0,0,0,0,0,0,0,0,0,0,0,0,0,0,0,1,0,0,0,0,0,0,0,0,0,0,1,1,0,0,1,0,0,0,0,0,1,0,0,0,0,0,0,0,0,1,0,0,0,0,0,0,1,1,0,1,1,0,0,0,1,0,0,0,0,0,0,0,0,0,0,0,1,1,0,0,0,1,0,0,0,0,0,0,0,0,0,0,0,0,0,0,0,0,0,0,0,1,0,0,1,1,0,1,0,0,0,1,1,0,0,0,0,0,1,0,0,0,1,0,1,0,0,0,0,0
-8362167.05734403,4865993.87838592,3587,2020017017,,2,0,0,0,0,0,0,0,0,4,0,,67,2,2020,4,40.000347,-75.118623,,6,0,0,0,0,0,0,0,0,,0,0,0,,,0,,1,,40 00:01.249,,0,75 07:07.042,0,0,0,0,67301,0,0,0,N,0,0,0,2,67301,0,,1,,9,N,N,N,0,,0,0,0,,0,,,2,0,0,0,0,0,0,2,0,2,,07,,N,,,,,,,,,,,1,1,1,0,0,0,0,0,0,0,0,0,0,0,0,0,0,0,1,0,0,0,0,0,0,0,0,0,0,0,0,0,0,0,0,0,0,0,0,0,0,0,0,0,0,0,0,0,0,0,0,0,0,0,0,1,1,0,0,0,1,0,0,0,0,0,0,1,1,0,0,0,0,0,1,1,0,0,0,0,0,0,0,0,1,0,0,0,0,0,0,0,1,0,0,0,0,0,0,0,0,0,0,0,1,0,0,0,0,0,0,0,0,0,0,0,0,0,0,0,1,1,0,1,0,0,1,0,0
-8371042.11793519,4868162.26032996,3588,2020016753,,1,0,0,0,0,0,0,0,0,4,0,,67,2,2020,3,40.015267,-75.198349,,6,0,0,0,0,1,1,0,0,,0,0,0,,,0,,2,,40 00:54.961,,0,75 11:54.056,0,0,0,0,67301,0,0,0,N,0,0,0,3,67301,0,,1,,9,N,N,N,0,,0,0,2,,3,,,3,0,0,0,0,0,0,2,0,3,,03,,N,,,,,,,,,,,0,0,1,0,0,0,0,0,0,0,0,0,0,0,0,0,0,0,0,0,0,0,0,1,1,0,0,0,0,0,0,0,0,0,0,0,0,0,0,0,0,0,0,0,0,0,0,0,0,0,0,0,0,0,0,1,0,0,0,0,1,0,0,0,1,0,0,1,1,0,0,0,0,0,1,0,0,0,0,0,0,0,0,0,1,0,0,0,0,0,0,0,0,0,0,0,0,0,0,0,0,0,0,0,0,0,0,1,0,0,0,0,0,0,0,0,0,0,0,0,1,1,0,1,0,0,1,0,1
-8364754.23431253,4864589.62382963,3589,2020022634,,1,0,0,0,0,0,0,0,0,4,0,,67,2,2020,4,39.990683,-75.141864,,6,0,0,0,0,0,2,0,0,,0,0,0,,,1,,1,,39 59:26.458,,0,75 08:30.710,8,0,0,0,67301,0,0,0,N,0,0,0,3,67301,0,,1,,1,N,N,N,1,,0,0,0,,3,,,2,1,1,0,0,1,0,2,0,2,,03,,N,,,,,,,,,,,0,0,1,0,0,0,0,0,0,0,0,0,0,0,0,0,0,0,0,0,0,0,0,0,1,0,0,0,0,0,0,0,0,0,0,0,0,0,0,0,0,0,0,0,0,0,0,0,0,0,0,0,0,0,0,0,0,0,1,1,1,0,0,0,0,0,0,1,1,0,0,0,0,0,1,0,0,0,0,0,0,0,0,0,0,0,0,0,0,0,0,0,0,0,0,0,0,0,0,0,0,0,0,0,0,0,0,1,0,0,0,0,0,0,0,0,0,1,0,0,1,1,0,0,0,0,0,0,0
-8361673.46646068,4864464.95960816,3590,2020017016,,0,0,0,0,0,0,0,0,0,5,0,,67,2,2020,1,39.989825,-75.114189,,6,0,0,0,0,0,0,0,0,,0,0,0,,,0,N,0,,39 59:23.370,,0,75 06:51.080,0,0,0,0,67301,0,0,0,N,0,0,0,1,67301,0,,6,,99,N,N,N,0,,0,0,0,,9,,,2,0,0,0,0,0,0,2,1,2,,03,,N,,,,,,,,,,,0,0,0,0,0,0,0,0,0,0,0,0,0,0,0,0,0,0,0,0,0,0,0,0,0,0,0,0,0,0,0,0,0,0,0,0,0,0,0,0,0,0,1,0,0,1,0,0,0,0,0,0,0,0,0,0,0,0,0,0,0,0,0,0,0,0,0,1,1,0,0,0,0,0,1,0,1,0,0,0,0,0,0,0,1,0,0,0,0,0,0,0,0,0,0,0,0,0,0,0,0,0,0,0,0,0,0,0,0,0,0,0,0,0,0,0,0,0,0,0,0,1,0,1,0,0,0,0,0
-8353441.16526709,4873669.93231637,3591,2020020489,,1,0,0,0,0,0,0,0,0,4,0,,67,2,2020,3,40.053149,-75.040237,,6,0,0,0,0,0,1,0,0,,0,0,0,,,2,,1,,40 03:11.336,,0,75 02:24.854,3,0,0,0,67301,0,0,0,N,0,0,0,4,67301,0,,1,,1,N,N,N,0,,2,0,0,,2,,,2,2,0,0,0,0,0,2,1,2,,03,,N,,,,,,,,,,,1,0,1,0,0,0,0,0,0,0,1,0,0,0,0,0,0,0,0,0,0,0,0,0,1,0,0,0,0,0,0,0,0,0,0,0,0,0,0,0,0,0,0,0,0,0,0,0,0,0,0,0,0,0,0,1,0,0,1,1,1,0,0,0,0,0,0,1,0,0,0,0,0,0,1,0,0,0,0,0,0,0,0,0,0,0,0,0,0,0,0,1,0,0,0,0,0,0,0,1,0,0,0,0,0,0,1,0,0,1,0,0,0,0,0,0,0,0,0,0,0,1,1,1,0,0,0,0,0
-8371436.52268788,4860553.06284119,3592,2020036340,,0,0,0,0,0,0,0,0,0,5,0,,67,2,2020,7,39.962896,-75.201892,,6,0,0,0,0,0,0,0,0,,0,0,0,,,0,,1,,39 57:46.426,,0,75 12:06.810,0,0,0,0,67301,0,0,0,N,0,0,0,6,67301,0,,1,,1,N,N,N,0,,0,0,2,,2,,,2,0,0,0,0,0,0,2,0,2,,03,,N,,,,,,,,,,,1,0,0,0,0,0,0,0,0,0,0,0,0,0,0,0,0,0,0,0,0,0,0,0,0,0,0,0,0,0,0,0,0,0,0,0,0,0,0,0,0,0,0,0,0,0,0,0,0,0,0,0,0,0,0,1,0,0,0,0,1,0,0,0,0,0,0,1,0,0,0,0,0,0,1,1,0,0,0,0,0,0,0,0,1,0,0,0,0,0,0,0,0,0,0,0,0,0,0,1,0,0,0,0,0,0,1,0,0,0,0,0,0,0,0,0,0,0,0,0,0,1,0,1,0,0,0,0,0
-8361932.84105005,4866102.43161847,3593,2020019873,,1,0,0,0,0,0,0,0,0,0,0,,67,2,2020,3,40.001094,-75.116519,,6,0,0,0,0,0,0,0,0,,0,0,0,,,2,N,0,,40 00:03.940,,0,75 06:59.470,3,0,0,0,67301,0,0,0,N,0,0,0,2,67301,1,,1,,99,N,N,N,0,,1,0,0,,0,,,1,2,0,0,0,0,0,2,0,1,,,,N,,,,,,,,,,,0,0,0,0,0,0,0,0,0,0,1,0,0,0,0,0,0,0,0,0,0,0,0,0,0,0,0,0,0,0,0,0,0,0,0,0,0,0,0,0,0,0,0,0,0,0,0,0,0,0,0,0,0,0,0,0,0,0,1,1,0,0,0,0,0,0,0,1,1,0,0,0,0,0,0,0,1,0,0,0,0,0,0,1,0,0,0,0,0,0,0,0,0,0,0,0,0,0,0,0,1,0,0,0,0,0,0,0,0,1,0,1,0,0,0,0,0,0,0,0,0,1,0,0,0,0,0,0,0
-8364969.63780518,4868806.47196064,3594,2020022308,,2,0,0,0,0,0,0,0,0,5,0,,67,3,2020,1,40.019699,-75.143799,,6,0,0,0,1,0,0,0,0,,0,0,0,,,0,N,0,,40 01:10.917,2,0,75 08:37.677,9,0,0,0,67301,0,0,0,N,0,0,0,4,67301,0,,1,330,1,N,N,N,0,,0,0,1,,0,Y,,3,0,0,0,0,0,1,2,0,3,,03,,N,,,,,,,,,,,1,0,0,0,0,0,0,0,0,0,0,0,1,0,0,0,0,0,0,0,0,0,1,0,0,0,0,0,0,0,0,0,0,0,0,1,0,0,0,0,1,0,0,0,0,1,0,0,0,0,0,0,0,0,0,1,0,0,0,0,0,0,0,1,0,0,0,0,0,0,0,0,0,0,1,0,1,0,0,0,0,0,0,0,0,0,0,0,0,0,0,0,0,0,0,0,0,0,0,0,0,0,0,0,0,0,1,0,0,0,0,0,0,0,0,0,0,0,0,0,0,1,0,1,0,0,0,0,1
-8360207.94488608,4863397.23912147,3595,2020017413,,1,0,0,0,0,0,0,0,0,4,0,,67,2,2020,6,39.982476,-75.101024,,6,0,0,0,0,0,0,0,0,,0,0,0,,,0,,1,,39 58:56.914,,2,75 06:03.688,0,0,0,0,67301,0,0,0,N,0,0,0,3,67301,0,,1,,1,N,N,N,1,,0,0,0,,2,,,2,0,3,0,0,0,0,2,0,2,,03,,N,,,,,,,,,,,1,0,1,0,0,0,0,0,0,0,0,0,0,0,0,0,0,0,0,0,0,0,0,0,0,0,0,0,0,0,0,0,0,0,0,0,0,0,0,0,0,0,0,0,0,0,0,0,0,0,0,0,0,0,0,0,0,0,0,0,1,0,0,0,1,0,0,0,0,0,0,0,0,0,1,0,0,0,0,0,0,0,0,0,1,0,1,0,1,0,0,0,0,0,0,0,0,0,0,1,0,0,0,0,0,0,1,0,0,0,0,0,0,0,0,0,0,1,0,0,0,1,0,1,0,0,0,0,0
-8367535.99830886,4870125.40409691,3596,2020019481,,1,0,0,0,0,0,0,0,0,8,0,,67,2,2020,4,40.028772,-75.166853,,6,0,0,0,0,0,0,0,0,,0,0,0,,,1,N,0,,40 01:43.580,,0,75 10:00.670,3,0,0,0,67301,1,0,0,N,1,0,0,2,67301,0,,1,,1,N,N,N,0,,1,0,0,,3,,,2,1,0,0,0,0,1,2,0,1,,,,N,,,,,,,,,,,0,0,0,0,0,0,0,0,0,0,0,0,0,0,0,0,0,0,0,0,0,0,0,0,0,0,0,0,0,0,0,0,0,0,0,0,0,0,0,0,0,0,0,0,0,0,0,0,0,0,0,0,0,0,0,0,0,0,1,1,0,0,0,0,0,0,0,1,1,0,0,0,0,0,0,0,1,0,0,0,0,1,0,0,0,0,0,0,0,0,0,0,0,0,0,0,0,0,0,0,1,0,0,0,0,0,0,0,0,1,0,0,0,0,0,0,0,0,0,0,0,1,0,0,1,0,0,0,0
-8352634.76688092,4877106.0346715,3597,2020015275,,1,0,0,0,0,0,0,0,0,1,0,,67,2,2020,7,40.076772,-75.032993,,6,0,0,0,0,0,1,0,0,,0,0,0,,,1,,1,,40 04:36.380,,0,75 01:58.776,3,0,0,0,67301,0,0,0,N,0,0,0,2,67301,0,,1,,1,N,N,N,0,,1,0,1,,2,,,2,1,0,0,0,0,0,2,0,2,,03,,N,,,,,,,,,,,0,0,0,0,0,0,0,0,0,0,0,0,0,0,0,0,0,0,0,0,0,0,0,0,1,0,0,0,0,0,0,0,0,0,0,0,0,0,0,0,0,0,0,0,0,0,0,0,0,0,0,0,0,0,0,1,0,0,1,1,1,0,0,0,0,0,0,1,0,0,0,0,0,0,1,0,0,0,0,0,0,0,0,0,0,0,0,0,0,1,0,0,0,0,0,0,0,0,0,1,0,0,0,0,0,0,1,0,0,1,0,0,0,0,0,0,0,0,0,0,0,1,0,1,0,0,0,0,0
-8358932.22365301,4874048.20425061,3598,2020016970,,1,0,0,0,0,0,0,0,0,4,0,,67,2,2020,4,40.05575,-75.089564,,6,0,0,0,1,0,1,0,0,,0,0,0,,,1,,1,,40 03:20.701,,0,75 05:22.429,3,0,0,0,67301,0,0,0,N,0,0,0,2,67301,0,,1,,9,N,N,N,1,,1,0,0,,2,,,2,1,0,0,0,0,0,2,0,2,,04,,N,,,,,,,,,,,0,0,1,0,0,0,0,0,0,0,0,0,0,0,0,0,0,0,0,0,0,0,1,0,1,0,0,0,0,0,0,0,0,0,0,0,0,0,0,0,0,0,0,0,0,0,0,0,0,0,0,0,0,0,0,1,0,0,1,1,1,0,0,0,0,0,0,1,0,0,0,0,0,0,1,0,0,0,0,0,0,0,0,0,0,0,0,0,0,0,0,0,0,0,0,0,0,0,0,1,0,0,0,0,0,0,1,0,0,1,0,0,0,0,0,0,0,0,0,0,0,1,0,1,0,0,1,0,1
-8350653.61335471,4879706.41276976,3599,2020017816,,1,0,0,0,0,0,0,0,0,4,0,,67,2,2020,7,40.094644,-75.015196,,6,0,0,0,0,0,0,0,0,,0,0,0,,,0,,1,,40 05:40.718,,0,75 00:54.707,0,0,0,0,67301,0,0,0,N,0,0,0,2,67301,0,,1,,1,N,N,N,0,,0,0,0,,2,,,2,0,0,0,0,0,0,2,1,2,,03,,N,,,,,,,,,,,1,0,1,0,0,0,0,0,0,0,0,0,1,0,0,0,0,0,0,0,0,0,0,0,0,0,0,0,0,0,0,0,0,0,0,0,0,0,0,0,0,0,0,0,0,0,0,0,0,0,0,0,0,0,0,1,0,0,0,0,1,0,0,0,1,0,0,1,0,0,0,0,0,0,1,0,0,0,0,0,0,0,0,0,1,0,0,0,0,0,0,0,0,0,0,0,0,0,0,1,0,0,0,0,0,0,1,0,0,0,0,0,0,0,0,0,0,0,0,0,0,1,1,1,0,0,0,0,0
-8358310.94937814,4875646.09440297,3600,2020017707,,0,0,0,0,0,0,0,0,0,1,0,,67,2,2020,5,40.066736,-75.083983,,6,0,0,0,0,0,1,0,0,,0,0,0,,,1,,5,,40 04:00.249,,0,75 05:02.340,8,0,0,0,67301,0,0,0,N,0,0,0,3,67301,0,,1,,9,N,N,N,0,,0,0,1,,2,,,2,1,0,0,0,1,0,2,1,2,,,,N,,,,,,,,,,,1,0,0,0,0,0,0,0,0,0,1,0,0,0,0,0,0,0,0,0,0,0,0,0,1,0,0,0,0,0,0,0,0,0,0,0,0,0,0,0,0,0,0,0,0,0,0,0,0,0,0,0,0,0,0,0,0,0,1,1,1,0,0,0,0,0,0,1,0,0,0,0,0,0,1,0,0,0,0,0,0,0,0,0,0,0,0,0,0,1,0,0,0,0,0,0,0,0,0,1,0,0,0,0,1,0,1,0,0,0,0,0,0,0,0,0,0,0,0,0,0,1,0,1,0,0,1,0,0
-8356958.08297484,4870953.95183403,3601,2020036338,,2,0,0,0,0,0,0,0,0,4,0,,67,2,2020,1,40.034471,-75.07183,,6,0,0,0,0,0,0,0,0,,0,0,0,,,1,,3,,40 02:04.095,1,0,75 04:18.588,3,0,0,0,67301,0,0,0,N,0,0,0,4,67301,0,,1,2011,1,N,N,N,0,,1,0,0,,0,Y,,2,1,0,0,0,0,0,2,0,2,,,,N,,,,,,,,,,,0,1,1,0,0,0,0,0,0,0,1,0,0,0,0,0,0,0,1,0,0,0,0,0,0,0,0,0,0,0,0,0,0,0,0,0,0,0,0,0,0,0,0,0,0,0,0,0,0,0,0,0,0,0,0,1,1,0,1,1,1,0,0,0,0,0,0,0,0,0,0,0,0,0,1,0,0,0,0,0,1,0,0,0,0,0,0,0,0,0,0,0,0,0,0,0,0,0,0,0,0,0,0,0,0,0,1,0,0,1,0,0,0,0,0,0,0,0,0,0,1,1,0,1,0,0,0,0,0
-8350724.07836657,4874420.67353211,3602,2020017410,,1,0,0,0,0,0,0,0,0,4,0,,67,2,2020,5,40.058311,-75.015829,,6,0,0,0,0,0,1,0,0,,0,0,0,,,0,,2,,40 03:29.918,6,0,75 00:56.984,0,0,0,0,67301,0,0,0,N,0,0,0,2,67301,0,,1,200,9,N,N,N,1,,0,0,0,,0,Y,,2,0,0,0,0,0,0,2,0,2,,04,,N,,,,,,,,,,,1,0,1,0,0,0,0,0,0,0,0,0,0,0,0,0,0,0,0,0,0,0,0,0,1,0,0,0,0,0,0,0,0,0,0,0,0,0,0,0,0,0,0,0,0,0,0,0,0,0,0,0,0,0,0,1,0,0,0,0,1,0,0,0,0,0,0,1,0,0,0,0,0,0,1,0,0,0,0,0,0,0,0,0,1,0,0,0,0,0,0,0,0,0,0,0,0,0,0,0,0,0,0,0,0,0,1,0,0,0,0,0,0,0,0,0,0,0,0,0,1,1,0,1,0,0,1,0,0
-8376581.59926389,4848037.18395102,3603,2020019746,,1,0,0,0,0,0,0,0,0,4,0,,67,2,2020,4,39.876667,-75.248111,,6,0,0,0,0,0,0,0,0,,0,0,0,,,0,N,0,,39 52:36.000,,7,75 14:53.200,0,0,0,0,67301,0,0,0,N,0,0,0,2,67301,0,,5,,1,N,N,N,0,,0,0,1,,0,,,2,0,0,0,0,0,0,2,0,2,,03,,N,,,,,,,,,,,0,0,1,0,0,0,0,0,0,0,0,0,0,0,0,0,0,0,0,0,0,0,0,0,0,0,0,0,0,0,0,0,0,0,0,0,0,0,0,0,0,0,0,0,0,0,0,0,0,0,0,0,0,0,0,1,0,0,0,0,0,0,0,0,0,0,0,1,1,0,0,0,0,0,1,0,1,0,0,0,0,0,0,0,1,0,0,0,0,0,0,0,0,0,0,0,0,0,0,0,0,0,0,0,0,0,0,0,0,0,0,1,0,0,0,0,0,0,0,0,0,1,0,1,0,0,0,0,0
-8359324.06823182,4870814.08686936,3604,2020017326,,1,0,0,0,0,0,0,0,0,4,0,,67,2,2020,6,40.033509,-75.093084,,6,0,0,0,0,0,0,0,0,,0,0,0,,,1,,2,,40 02:00.632,7,0,75 05:35.102,8,0,0,0,67301,0,0,0,N,0,0,0,3,67301,0,,1,2200,1,N,N,N,1,,0,0,0,,3,Y,,2,1,0,0,0,1,1,2,0,2,,,,N,,,,,,,,,,,0,0,1,0,0,0,0,0,0,0,0,0,0,0,0,0,0,1,0,0,0,0,0,0,0,0,0,0,0,0,0,0,0,0,0,0,0,0,0,0,0,0,0,0,0,0,0,0,0,0,0,0,0,0,0,1,0,0,1,1,1,0,0,0,1,0,0,1,1,0,0,0,0,0,1,0,0,0,0,0,0,0,0,0,0,0,0,0,0,0,0,0,0,0,0,0,0,0,0,0,0,0,0,0,0,0,0,1,0,0,0,0,0,0,0,0,0,0,0,0,1,1,0,1,0,0,0,0,0
-8369322.3426824,4870894.19589941,3605,2020017330,,1,0,0,0,0,0,0,0,0,8,0,,67,2,2020,3,40.03406,-75.1829,,6,0,0,0,0,0,1,0,0,,0,0,0,,,1,,1,,40 02:02.615,,0,75 10:58.439,4,0,0,0,67301,1,0,0,N,1,0,0,2,67301,1,,1,,1,N,N,N,0,,0,0,0,,2,,,2,1,1,0,0,0,1,2,0,1,,,,N,,,,,,,,,,,0,0,0,0,0,0,0,0,0,0,0,0,0,0,0,0,0,0,0,0,0,0,0,0,1,0,0,0,0,0,0,0,0,0,0,0,0,0,0,0,0,0,0,0,0,0,0,0,0,0,0,0,0,0,0,1,0,0,1,1,1,0,0,0,0,0,0,1,0,0,0,0,0,0,0,0,0,0,0,0,0,1,0,1,0,0,0,0,0,0,0,0,0,0,0,0,0,0,0,1,1,0,0,0,0,0,1,0,0,0,0,0,0,0,0,0,0,1,0,0,0,1,0,0,1,0,0,0,0
-8364538.38605716,4869013.75645453,3606,2020015160,,1,0,0,0,0,0,0,0,0,1,0,,67,2,2020,7,40.021125,-75.139925,,6,0,0,0,0,0,0,0,0,,0,0,0,,,1,,1,,40 01:16.051,,0,75 08:23.731,4,0,0,0,67301,0,0,0,N,0,0,0,4,67301,1,,1,,1,N,N,N,0,,0,0,1,,2,,,2,1,0,0,0,0,0,2,0,2,,03,,N,,,,,,,,,,,1,0,0,0,0,0,0,0,0,0,0,0,1,0,0,0,0,0,0,0,0,0,0,0,0,0,0,0,0,0,0,0,0,0,0,0,0,0,0,0,0,0,0,0,0,0,0,0,0,0,0,0,0,0,0,1,0,0,1,1,1,0,0,0,0,0,0,1,0,0,0,0,0,0,1,0,0,0,0,0,0,0,0,1,0,0,0,0,0,1,0,0,0,0,0,0,0,0,0,1,0,0,0,1,1,0,1,0,0,0,0,0,0,0,0,0,0,0,0,0,0,1,0,0,0,0,0,0,0
-8363135.98250261,4867053.59421984,3607,2020018180,,0,0,0,0,0,0,0,0,0,8,0,,67,2,2020,5,40.007639,-75.127327,,6,0,0,0,0,0,0,0,0,,0,0,0,,,1,,1,,40 00:27.502,,0,75 07:38.377,3,0,0,0,67301,1,0,0,N,1,0,0,2,67301,0,,1,,9,N,N,N,0,,1,0,0,,9,,,2,1,0,0,0,0,0,2,1,1,,03,,N,,,,,,,,,,,0,0,0,0,0,0,0,0,0,0,0,0,0,0,0,0,0,0,0,0,0,0,0,0,0,0,0,0,0,0,0,0,0,0,0,0,0,0,0,0,0,0,0,0,0,0,0,0,0,0,0,0,0,0,0,1,0,0,1,1,1,0,0,0,1,0,0,1,0,0,0,0,0,0,0,0,0,0,0,0,0,1,0,0,0,0,0,0,0,0,0,0,0,0,0,0,0,0,0,0,1,0,0,0,0,0,1,0,0,1,0,0,0,0,0,0,0,0,0,0,1,1,0,0,1,0,1,0,0
-8372884.78972766,4859327.47130256,3608,2020015153,,1,0,0,0,0,0,0,0,0,4,0,,67,2,2020,7,39.954457,-75.214902,,6,0,0,0,0,0,0,1,0,,0,0,0,,,0,,1,,39 57:16.045,,0,75 12:53.647,0,0,0,0,67301,0,0,0,N,0,0,0,2,67301,0,,1,,1,N,N,N,0,,0,0,1,,3,,,2,0,2,0,0,0,0,2,0,2,,03,,N,,,,,,,,,,,0,0,1,0,0,0,0,0,0,0,0,0,0,0,0,0,0,0,0,0,0,0,0,0,0,1,0,0,0,0,0,0,0,0,0,0,0,0,0,0,0,0,0,0,0,0,0,0,0,0,0,0,0,0,0,0,0,0,0,0,1,0,0,0,0,0,0,1,1,0,0,1,0,0,1,0,0,0,0,0,0,0,0,0,1,0,0,0,0,0,0,0,0,0,0,0,0,0,0,0,0,0,0,0,0,0,0,1,0,0,0,0,0,0,0,0,0,1,0,0,1,1,0,1,0,0,0,0,0