X,Y,objectid,crn,arrival_tm,automobile_count,belted_death_count,belted_susp_serious_inj_count,bicycle_count,bicycle_death_count,bicycle_susp_serious_inj_count,bus_count,chldpas_death_count,chldpas_susp_serious_inj_count,collision_type,comm_veh_count,cons_zone_spd_lim,county,crash_month,crash_year,day_of_week,dec_latitude,dec_longitude,dispatch_tm,district,driver_count_16yr,driver_count_17yr,driver_count_18yr,driver_count_19yr,driver_count_20yr,driver_count_50_64yr,driver_count_65_74yr,driver_count_75plus,est_hrs_closed,fatal_count,heavy_truck_count,horse_buggy_count,hour_of_day,illumination,injury_count,intersection_related_x,intersect_type,lane_closed,latitude,ln_close_dir,location_type,longitude,max_severity_level,mcycle_death_count,mcycle_susp_serious_inj_count,motorcycle_count,municipality,nonmotr_count,nonmotr_death_count,nonmotr_susp_serious_inj_count,ntfy_hiwy_maint,ped_count,ped_death_count,ped_susp_serious_inj_count,person_count,police_agcy,possible_inj_count,rdwy_surf_type_cd,relation_to_road,roadway_cleared,road_condition,sch_bus_ind,sch_zone_ind,secondary_crash,small_truck_count,spec_juris_cd,susp_minor_inj_count,susp_serious_inj_count,suv_count,tcd_func_cd,tcd_type,tfc_detour_ind,time_of_day,total_units,tot_inj_count,unbelted_occ_count,unb_death_count,unb_susp_serious_inj_count,unk_inj_deg_count,unk_inj_per_count,urban_rural,van_count,vehicle_count,weather1,weather2,workers_pres,work_zone_ind,work_zone_loc,work_zone_type,wz_close_detour,wz_flagger,wz_law_offcr_ind,wz_ln_closure,wz_moving,wz_other,wz_shlder_mdn,wz_workers_inj_killed,aggressive_driving,alcohol_related,angle_crash,atv,atv_route,backup_congestion,backup_nonrecurring,backup_prior,bicycle,cell_phone,child_passenger,comm_vehicle,core_network,cross_median,curved_road,curve_dvr_error,deer_related,distracted,drinking_driver,driver_16yr,driver_17yr,driver_18yr,driver_19yr,driver_20yr,driver_50_64yr,driver_65_74yr,driver_75plus,drugged_driver,drug_related,fatal,fatal_or_susp_serious_inj,fatigue_asleep,federal_aid_route,fire_in_vehicle,hazardous_truck,hit_barrier,hit_bridge,hit_deer,hit_embankment,hit_fixed_object,hit_gdrail,hit_gdrail_end,hit_parked_vehicle,hit_pole,hit_roadway_equipment,hit_run,hit_temp_construction_barrier,hit_traffic_island,hit_tree_shrub,hit_utility_pole,horse_buggy,ho_oppdir_sdswp,hvy_truck_related,icy_road,illegal_drug_related,illumination_dark,impaired_driver,impaired_nonmotorist,injury,injury_or_fatal,intersection,intersection_related_y,interstate,lane_departure,left_turn,limit_65mph,limit_70mph,local_road,local_road_only,marijuana_drugged_driver,marijuana_related,mature_driver,mc_drinking_driver,motorcycle,multiple_vehicle,nhtsa_agg_driving,non_intersection,no_clearance,opioid_related,other_freeway_expressway,overturned,pedestrian,phantom_vehicle,possible_injury,property_damage_only,psp_reported,ramp,ramp_segment,ramp_terminal,rear_end,roundabout,running_red_lt,running_stop_sign,rural,school_bus,school_bus_related,school_bus_unit,school_zone,shldr_related,signalized_int,single_vehicle,snowmobile,snow_slush_road,speeding,speeding_related,speed_change_lane,state_road,stop_controlled_int,sudden_deer,suspected_minor_injury,suspected_serious_injury,sv_run_off_rd,tailgating,train,train_trolley,trolley,turnpike,unbelted,underage_drnk_drv,unlicensed,unsignalized_int,urban,vehicle_failure,vehicle_towed,vulnerable_road_user,vulnerable_road_user_fatal,wet_road,work_zone,young_driver
-8365971.40216524,4866173.78357923,3740,2020017656,,1,0,0,0,0,0,0,0,0,7,0,,67,2,2020,7,40.001585,-75.152798,,6,0,0,0,0,0,0,0,0,,0,0,0,,,0,,1,,40 00:05.705,,0,75 09:10.074,0,0,0,0,67301,0,0,0,N,0,0,0,1,67301,0,,3,,1,N,N,N,0,,0,0,0,,2,,,1,0,1,0,0,0,0,2,0,1,,03,,N,,,,,,,,,,,0,0,0,0,0,0,0,0,0,0,0,0,0,0,0,0,0,0,0,0,0,0,0,0,0,0,0,0,0,0,0,0,0,0,0,0,0,0,0,1,0,0,0,0,0,0,0,0,0,0,0,0,0,0,0,1,0,0,0,0,1,0,0,0,0,0,0,0,0,0,0,0,0,0,0,0,0,0,0,0,0,0,0,0,1,0,0,0,0,0,0,0,0,0,0,0,0,0,0,1,1,0,0,0,0,0,1,0,0,0,0,1,0,0,0,0,0,1,0,0,0,1,0,1,0,0,0,0,0
-8350223.91959167,4871333.86548916,3741,2020059121,,2,0,0,0,0,0,0,0,0,4,1,,67,7,2020,7,40.037084,-75.011336,,6,0,0,0,0,0,0,0,0,,0,1,0,,,3,,1,,40 02:13.501,,0,75 00:40.810,3,0,0,0,67301,0,0,0,N,0,0,0,4,67301,0,,1,,1,N,N,N,0,,3,0,0,,2,,,3,3,0,0,0,0,0,2,0,3,,03,,N,,,,,,,,,,,1,0,1,0,0,0,0,0,0,0,0,1,0,0,0,0,0,0,0,0,0,0,0,0,0,0,0,0,0,0,0,0,0,0,0,0,0,0,0,0,1,0,0,0,0,0,0,0,0,0,0,0,1,0,0,0,0,0,1,1,1,0,0,0,1,0,0,1,0,0,0,0,0,0,1,0,0,0,0,0,0,0,0,0,0,0,0,0,0,0,0,0,0,0,0,0,0,0,0,1,0,0,0,0,1,0,1,0,0,1,0,0,0,0,0,0,0,0,0,0,0,1,0,1,0,0,0,0,0
-8365896.59548184,4866623.56135932,3742,2020049018,,0,0,0,0,0,0,0,0,0,8,0,,67,6,2020,3,40.00468,-75.152126,,6,0,0,0,0,0,1,0,0,,0,0,0,,,1,,1,,40 00:16.847,,0,75 09:07.652,8,0,0,0,67301,1,0,0,N,1,0,0,4,67505,0,,1,,1,N,N,N,1,,0,0,0,,2,,,2,1,0,0,0,1,0,2,0,1,,03,,N,,,,,,,,,,,1,0,0,0,0,0,0,0,0,0,0,0,0,0,0,0,0,0,0,0,0,0,0,0,1,0,0,0,0,0,0,0,0,0,0,0,0,0,0,0,0,0,0,0,0,0,0,0,0,0,0,0,0,0,0,0,0,0,1,1,1,0,0,0,1,0,0,1,0,0,0,0,0,0,0,0,0,1,0,0,0,1,0,0,0,0,0,0,0,0,0,0,0,0,0,0,0,0,0,1,1,0,0,0,0,0,1,0,0,0,0,0,0,0,0,0,0,0,0,0,0,1,0,0,1,0,0,0,0
-8357455.12470554,4870820.19322598,3743,2020018204,,1,0,0,0,0,0,0,0,0,7,0,,67,2,2020,2,40.033551,-75.076295,,6,0,0,0,0,0,0,0,0,,0,0,0,,,1,N,0,,40 02:00.785,1,0,75 04:34.661,2,0,0,0,67301,0,0,0,N,0,0,0,1,67301,0,,3,445,1,N,N,N,0,,0,1,0,,0,N,,1,1,0,0,0,0,0,2,0,1,,03,,N,,,,,,,,,,,1,0,0,0,0,0,0,0,0,0,0,0,1,0,0,0,0,0,0,0,0,0,0,0,0,0,0,0,0,0,1,0,0,0,0,0,0,0,0,1,0,0,0,0,0,1,0,0,0,0,0,0,0,0,0,1,0,0,1,1,0,0,0,1,0,0,0,0,0,0,0,0,0,0,0,0,1,0,0,0,1,0,0,0,0,0,0,0,0,0,0,0,0,0,0,0,0,0,0,0,1,0,0,1,1,0,1,0,0,0,1,1,0,0,0,0,0,0,0,0,0,1,0,1,0,0,0,0,0
-8355478.42389837,4871804.81507076,3744,2020019628,,2,0,0,0,0,0,0,0,0,1,0,,67,2,2020,6,40.040323,-75.058538,,6,0,0,0,1,0,0,0,0,,0,0,0,,,1,,1,,40 02:25.164,1,0,75 03:30.737,3,0,0,0,67301,0,0,0,N,0,0,0,2,67301,0,,1,200,1,N,N,N,0,,1,0,0,,2,N,,2,1,0,0,0,0,0,2,0,2,,03,,N,,,,,,,,,,,1,0,0,0,0,0,0,0,0,0,0,0,1,0,0,0,0,0,0,0,0,0,1,0,0,0,0,0,0,0,0,0,0,0,0,0,0,0,0,0,0,0,0,0,0,0,0,0,0,0,0,0,0,0,0,1,0,0,1,1,1,0,0,0,0,0,0,1,0,0,0,0,0,0,1,0,0,0,0,0,0,0,0,0,0,0,0,0,0,1,0,0,0,0,0,0,0,0,0,1,0,0,0,0,0,0,1,0,0,1,0,0,0,0,0,0,0,0,0,0,0,1,0,1,0,0,0,0,1
-8373054.6637444,4869916.20623305,3745,2020021256,,1,0,0,0,0,0,0,0,0,6,0,,67,2,2020,3,40.027333,-75.216428,,6,0,0,0,0,0,1,1,0,,0,0,0,,,2,N,0,,40 01:38.400,2,0,75 12:59.140,3,0,0,0,67301,0,0,0,N,0,0,0,2,67301,1,,1,820,1,N,N,N,0,,1,0,0,,0,Y,,2,2,0,0,0,0,0,2,1,2,,04,,N,,,,,,,,,,,1,0,0,0,0,0,0,0,0,0,0,0,0,1,0,0,0,0,0,0,0,0,0,0,1,1,0,0,0,0,0,0,0,0,0,0,0,0,0,0,0,0,0,0,0,0,0,0,0,0,0,1,0,0,0,0,0,0,1,1,0,0,0,1,0,0,0,1,1,0,0,1,0,0,1,0,1,0,0,0,0,0,0,1,0,0,0,0,0,0,0,0,0,0,0,0,0,0,0,0,0,0,0,0,0,0,0,0,0,1,0,0,0,0,0,0,0,0,0,0,0,1,0,0,0,0,0,0,0
-8365435.17638063,4874885.66053328,3746,2020060873,,1,0,0,0,0,0,0,0,0,4,0,,67,7,2020,5,40.061508,-75.147981,,6,0,0,0,0,0,0,0,0,,0,0,0,,,1,N,0,,40 03:41.430,,0,75 08:52.730,3,0,0,0,67301,0,0,0,N,0,0,0,1,67301,0,,2,,1,N,N,N,0,,1,0,1,,0,,,2,1,0,0,0,0,0,2,0,2,,,,N,,,,,,,,,,,0,0,1,0,0,0,0,0,0,0,0,0,0,0,0,0,0,0,0,0,0,0,0,0,0,0,0,0,0,0,0,1,0,0,0,0,0,0,0,0,0,0,1,0,0,0,0,0,0,0,0,0,0,0,0,0,0,0,1,1,0,0,0,1,0,0,0,1,1,0,0,0,0,0,1,0,1,0,0,0,0,0,0,0,0,0,0,0,0,0,0,0,0,0,0,0,0,0,0,0,0,0,0,0,0,0,0,0,0,1,0,1,0,0,0,0,0,0,0,0,0,1,0,1,0,0,0,0,0
-8370242.73203725,4860340.00036265,3747,2020022288,,3,0,0,0,0,0,0,0,0,5,0,,67,3,2020,1,39.961429,-75.191168,,6,0,0,0,0,0,0,0,0,,0,0,0,,,0,N,0,,39 57:41.144,6,0,75 11:28.205,0,0,0,0,67301,0,0,0,N,0,0,0,1,67507,0,,6,700,1,N,N,Y,0,,0,0,2,,0,Y,,5,0,1,0,0,0,0,2,0,5,,03,,N,,,,,,,,,,,1,0,0,0,0,0,0,0,0,0,0,0,0,0,0,0,0,1,0,0,0,0,0,0,0,0,0,0,0,0,0,1,0,0,0,0,0,0,0,0,0,0,1,0,0,0,0,0,0,0,0,0,0,0,0,1,0,0,0,0,0,0,0,0,0,0,0,1,1,0,0,0,0,0,1,1,1,0,0,0,0,0,0,0,1,0,0,0,0,0,0,0,0,0,0,0,0,0,0,0,0,0,0,1,1,0,0,0,0,0,0,0,0,0,0,0,0,1,0,0,0,1,1,1,0,0,0,0,0
-8366676.4999199,4862661.27744589,3748,2020024977,,2,0,0,0,0,0,0,0,0,4,0,,67,3,2020,3,39.97741,-75.159132,,6,0,0,0,2,0,0,0,0,,0,0,0,,,0,N,1,,39 58:38.677,,0,75 09:32.876,9,0,0,0,67301,0,0,0,N,0,0,0,2,67505,0,,1,,9,N,N,N,0,,0,0,0,,3,,,2,0,0,0,0,0,1,2,0,2,,03,,N,,,,,,,,,,,0,0,1,0,0,0,0,0,0,0,0,0,0,0,0,0,0,0,0,0,0,0,1,0,0,0,0,0,0,0,0,0,0,0,0,0,0,0,0,0,0,0,0,0,0,1,0,0,0,0,0,0,0,0,0,0,0,0,0,0,1,0,0,0,0,0,0,1,1,0,0,0,0,0,1,0,0,0,0,0,0,0,0,0,0,0,0,0,0,0,0,0,0,0,0,0,0,0,0,0,0,0,0,0,0,0,0,1,0,0,0,0,0,0,0,0,0,0,0,0,1,1,0,1,0,0,1,0,1
-8374283.74272921,4872224.89303064,3749,2020036329,,0,0,0,0,0,0,0,0,0,5,0,,67,3,2020,6,40.043212,-75.227469,,6,0,0,0,0,0,0,0,0,,0,0,0,,,0,,2,,40 02:35.563,7,0,75 13:38.889,0,0,0,0,67301,0,0,0,N,0,0,0,1,67301,0,,2,45,1,N,N,N,0,,0,0,1,,0,Y,,2,0,0,0,0,0,0,2,1,2,,03,,N,,,,,,,,,,,0,0,0,0,0,0,0,0,0,0,0,0,0,0,0,0,0,1,0,0,0,0,0,0,0,0,0,0,0,0,0,0,0,0,0,0,0,0,0,0,0,0,1,0,0,0,0,0,0,0,0,0,0,0,0,1,0,0,0,0,1,0,0,0,0,0,0,1,0,0,0,0,0,0,1,0,0,0,0,0,1,0,0,0,1,0,0,0,0,0,0,0,0,0,0,0,0,0,0,0,0,0,0,0,0,0,1,0,0,0,0,1,0,0,0,0,0,0,0,0,1,1,0,1,0,0,0,0,0
-8362250.54684846,4862030.24805492,3750,2020023844,,1,0,0,0,0,0,0,0,0,1,0,,67,3,2020,5,39.973066,-75.119373,,6,0,0,0,0,0,0,0,0,,0,0,0,,,0,N,0,,39 58:23.037,,0,75 07:09.743,0,0,0,0,67301,0,0,0,N,0,0,0,2,67301,0,,1,,1,N,N,N,0,,0,0,1,,2,,,2,0,0,0,0,0,0,2,0,2,,,,N,,,,,,,,,,,0,0,0,0,0,0,0,0,0,0,0,0,0,0,0,0,0,1,0,0,0,0,0,0,0,0,0,0,0,0,0,0,0,0,0,0,0,0,0,0,0,0,0,0,0,0,0,0,0,0,0,0,0,0,0,1,0,0,0,0,0,0,0,0,0,0,0,0,0,0,0,0,0,0,1,0,1,0,0,0,0,0,0,0,1,0,0,0,0,1,0,0,0,0,0,0,0,0,0,0,0,0,0,0,0,0,1,0,0,0,0,0,0,0,0,0,0,0,0,0,0,1,0,1,0,0,0,0,0
-8363138.20890615,4865245.51848677,3751,2020024677,,1,0,0,0,0,0,0,0,0,5,0,,67,3,2020,1,39.995197,-75.127347,,6,0,0,0,0,0,0,0,0,,0,0,0,,,0,Y,0,,39 59:42.710,,0,75 07:38.450,0,0,0,0,67301,0,0,0,N,0,0,0,1,67301,0,,6,,1,N,N,N,0,,0,0,1,,0,,,2,0,1,0,0,0,0,2,0,2,,03,,N,,,,,,,,,,,0,0,0,0,0,0,0,0,0,0,0,0,0,0,0,0,0,0,0,0,0,0,0,0,0,0,0,0,0,0,0,0,0,0,0,0,0,0,0,0,0,0,1,0,0,0,0,0,0,0,0,0,0,0,0,1,0,0,0,0,0,0,0,0,0,0,0,1,1,0,0,0,0,0,1,0,1,0,0,0,0,0,0,0,1,0,0,0,0,0,0,0,0,0,0,0,0,0,0,0,0,0,0,0,0,0,0,0,0,0,0,0,0,0,0,0,0,1,0,0,0,1,0,1,0,0,0,0,0
-8376184.30025102,4855119.43661644,3752,2020023673,,3,0,0,0,0,0,0,0,0,5,0,,67,3,2020,4,39.925474,-75.244542,,6,0,0,0,0,0,0,0,0,,0,0,0,,,0,N,0,,39 55:31.705,2,0,75 14:40.351,0,0,0,0,67301,0,0,0,N,0,0,0,1,67301,0,,6,30,1,N,N,N,0,,0,0,1,,0,N,,4,0,0,0,0,0,0,2,0,4,,03,,N,,,,,,,,,,,1,0,0,0,0,0,0,0,0,0,0,0,0,0,0,0,0,0,0,0,0,0,0,0,0,0,0,0,0,0,0,0,0,0,0,0,0,0,0,0,0,0,1,0,0,0,0,0,0,0,0,0,0,0,0,0,0,0,0,0,0,0,0,0,0,0,0,0,0,0,0,0,0,0,1,0,1,0,0,0,0,0,0,0,1,0,0,0,0,0,0,0,0,0,0,0,0,0,0,0,0,0,0,0,0,0,1,0,0,0,0,0,0,0,0,0,0,0,0,0,0,1,0,1,0,0,0,0,0
-8372782.93235361,4859926.66919208,3753,2020018673,,2,0,0,0,0,0,0,0,0,4,0,,67,2,2020,4,39.958583,-75.213987,,6,0,0,0,0,0,0,0,0,,0,0,0,,,1,,1,,39 57:30.898,3,0,75 12:50.353,8,0,0,0,67301,0,0,0,N,0,0,0,3,67301,0,,1,800,1,N,N,N,0,,0,0,0,,2,Y,,2,1,0,0,0,1,2,2,0,2,,03,,N,,,,,,,,,,,0,0,1,0,0,0,0,0,0,0,0,0,0,0,0,0,0,0,0,0,0,0,0,0,0,0,0,0,0,0,0,0,0,0,0,0,0,0,0,0,0,0,0,0,0,0,0,0,0,0,0,0,0,0,0,1,0,0,1,1,1,0,0,0,1,0,0,1,0,0,0,0,0,0,1,0,0,0,0,0,0,0,0,0,0,0,0,0,0,0,0,0,0,0,0,0,0,0,0,1,0,0,0,0,0,0,1,0,0,0,0,0,0,0,0,0,0,0,0,0,0,1,0,1,0,0,0,0,0
-8369096.80943944,4872227.36518379,3754,2020018813,,3,0,0,0,0,0,0,0,0,4,0,,67,2,2020,2,40.043229,-75.180874,,6,0,0,0,0,0,0,1,1,,0,0,0,,,1,,1,,40 02:35.626,,0,75 10:51.146,3,0,0,0,67301,0,0,0,N,0,0,0,5,67301,0,,1,,1,N,N,N,0,,1,0,0,,2,,,4,1,0,0,0,0,0,2,0,4,,03,,N,,,,,,,,,,,0,0,1,0,0,0,0,0,0,0,0,0,0,0,0,0,0,0,0,0,0,0,0,0,0,1,1,0,0,0,0,0,0,0,0,0,0,0,0,0,0,0,0,0,0,1,0,0,0,0,0,0,0,0,0,1,0,0,1,1,1,0,0,0,0,0,0,0,0,0,0,1,0,0,1,0,0,0,0,0,0,0,0,0,0,0,0,0,0,0,0,0,0,0,0,0,0,0,0,1,0,0,0,0,0,0,1,0,0,1,0,0,0,0,0,0,0,0,0,0,0,1,0,1,0,0,0,0,0
-8363744.90033366,4866098.07194211,3755,2020023499,,1,0,0,0,0,0,0,0,0,8,0,,67,3,2020,4,40.001064,-75.132797,,6,0,0,0,0,0,0,0,0,,0,0,0,,,1,N,0,,40 00:03.830,,0,75 07:58.070,3,0,0,0,67301,1,0,0,N,1,0,0,2,67301,0,,1,,1,N,N,N,0,,1,0,0,,0,,,2,1,1,0,0,0,0,2,0,1,,03,,N,,,,,,,,,,,0,0,0,0,0,0,0,0,0,0,0,0,0,0,0,0,0,1,0,0,0,0,0,0,0,0,0,0,0,0,0,0,0,0,0,0,0,0,0,0,0,0,0,0,0,1,0,0,0,0,0,0,0,0,0,1,0,0,1,1,0,0,0,0,0,0,0,1,1,0,0,0,0,0,0,0,1,0,0,0,0,1,0,0,0,0,0,0,0,0,0,0,0,0,0,0,0,0,0,0,1,0,0,0,0,0,0,0,0,1,0,0,0,0,0,0,0,1,0,0,0,1,0,0,1,0,0,0,0
-8375512.15265955,4850553.05736253,3756,2020026724,,1,0,0,0,0,0,0,0,0,1,0,,67,3,2020,3,39.894009,-75.238504,,6,0,0,0,0,0,0,0,0,,0,0,0,,,0,N,0,,39 53:38.432,,0,75 14:18.615,9,0,0,0,67301,0,0,0,N,0,0,0,2,67301,0,,1,,1,N,N,N,0,,0,0,1,,0,,,2,0,0,0,0,0,1,2,0,2,,03,,N,,,,,,,,,,,1,0,0,0,0,0,0,0,0,0,0,0,0,0,0,0,0,0,0,0,0,0,0,0,0,0,0,0,0,0,0,0,0,0,0,0,0,0,0,0,0,0,0,0,0,0,0,0,0,0,0,0,0,0,0,1,0,0,0,0,0,0,0,0,0,0,0,0,0,0,0,0,0,0,1,0,1,0,0,0,0,0,0,0,0,0,0,0,0,1,0,0,0,0,0,0,0,0,0,0,0,0,0,0,0,0,1,0,0,0,0,0,0,0,0,0,0,0,0,0,0,1,0,1,0,0,0,0,0
-8367583.0864804,4872205.84468148,3757,2020019663,,2,0,0,0,0,0,0,0,0,1,0,,67,2,2020,3,40.043081,-75.167276,,6,0,0,0,0,0,0,0,1,,0,0,0,,,2,Y,0,,40 02:35.091,,0,75 10:02.194,2,0,0,0,67301,0,0,0,N,0,0,0,2,67301,0,,1,,1,N,N,N,1,,1,1,1,,9,,,5,2,0,0,0,0,0,2,1,5,,03,,N,,,,,,,,,,,0,0,0,0,0,0,0,0,0,0,0,0,0,0,0,0,0,0,0,0,0,0,0,0,0,0,1,0,0,0,1,0,0,0,0,0,0,0,0,0,0,0,1,0,0,0,0,0,0,0,0,0,0,0,0,0,0,0,1,1,0,0,0,0,0,0,0,1,1,0,0,1,0,0,1,0,1,0,0,0,0,0,0,0,0,0,0,0,0,1,0,0,0,0,0,0,0,0,0,0,0,0,0,0,0,0,0,0,0,1,1,0,0,0,0,0,0,0,0,0,0,1,0,1,0,0,0,0,0
-8352099.09712696,4874138.81168149,3758,2020048413,,1,0,0,0,0,0,0,0,0,4,1,,67,6,2020,6,40.056373,-75.028181,,6,0,0,0,0,0,1,0,0,,0,1,0,,,1,,1,,40 03:22.942,,0,75 01:41.453,4,0,0,0,67301,0,0,0,N,0,0,0,3,67301,1,,1,,1,N,N,N,0,,0,0,0,,2,,,2,1,0,0,0,0,0,2,0,2,,03,,N,,,,,,,,,,,0,0,1,0,0,0,0,0,0,0,0,1,0,0,1,0,0,0,0,0,0,0,0,0,1,0,0,0,0,0,0,0,0,0,0,0,0,0,0,0,0,0,0,0,0,0,0,0,0,0,0,0,1,0,0,0,0,0,1,1,1,0,0,0,0,0,0,1,0,0,0,0,0,0,1,0,0,0,0,0,0,0,0,1,0,0,0,0,0,0,0,0,0,0,0,0,0,0,0,1,0,0,0,0,0,0,1,0,0,0,0,0,0,0,0,0,0,0,0,0,0,1,0,0,0,0,0,0,0
-8369146.67981747,4855070.80874756,3759,2020019861,,1,0,0,0,0,0,0,0,0,5,0,,67,2,2020,7,39.925139,-75.181322,,6,0,0,0,0,0,0,0,0,,0,0,0,,,1,N,0,,39 55:30.500,2,0,75 10:52.760,3,0,0,0,67301,0,0,0,N,0,0,0,1,67301,0,,6,100,1,N,N,N,0,,1,0,3,,0,Y,,4,1,0,0,0,0,0,2,0,4,,03,,N,,,,,,,,,,,0,0,0,0,0,0,0,0,0,0,0,0,0,0,0,0,0,0,0,0,0,0,0,0,0,0,0,0,0,0,0,0,0,0,0,0,0,0,0,0,0,0,1,0,0,1,0,0,0,0,0,0,0,0,0,1,0,0,1,1,0,0,0,0,0,0,0,1,1,0,0,0,0,0,1,0,1,0,0,0,0,0,0,0,0,0,0,0,0,0,0,0,0,0,0,0,0,0,0,0,0,0,0,0,0,0,0,0,0,1,0,0,0,0,0,0,0,0,0,0,0,1,0,1,0,0,0,0,0
-8350060.83710441,4885164.15994133,3760,2020018389,,0,0,0,0,0,0,0,0,0,7,0,,67,2,2020,3,40.132139,-75.009871,,6,0,0,0,0,0,0,0,0,,0,0,0,,,0,N,0,,40 07:55.701,,0,75 00:35.537,0,0,0,0,67301,0,0,0,N,0,0,0,3,67301,0,,5,,1,N,N,N,0,,0,0,1,,0,,,1,0,0,0,0,0,0,2,0,1,,03,,N,,,,,,,,,,,0,0,0,0,0,0,0,0,0,0,0,0,0,0,0,0,0,0,0,0,0,0,0,0,0,0,0,0,0,0,0,0,0,0,0,0,0,0,0,1,0,0,0,0,0,0,0,0,0,0,0,0,0,0,0,0,0,0,0,0,0,0,0,1,0,0,0,0,0,0,0,0,0,0,0,0,1,0,0,0,0,0,0,0,1,0,0,0,0,0,0,0,0,0,0,0,0,0,0,0,1,0,0,0,0,0,1,0,0,0,0,1,0,0,0,0,0,0,0,0,0,1,0,1,0,0,0,0,0
-8374297.43461881,4861760.79376592,3761,2020033545,,0,0,0,0,0,0,0,0,0,8,0,,67,2,2020,6,39.971211,-75.227592,,6,0,0,0,0,0,0,0,0,,0,0,0,,,1,N,0,,39 58:16.360,,0,75 13:39.330,4,0,0,0,67301,1,0,0,N,1,0,0,2,67301,1,,1,,1,N,N,N,0,,0,0,1,,0,,,2,1,1,0,0,0,0,2,0,1,,03,,N,,,,,,,,,,,1,0,0,0,0,0,0,0,0,0,0,0,0,0,0,0,0,0,0,0,0,0,0,0,0,0,0,0,0,0,0,0,0,0,0,0,0,0,0,0,0,0,0,0,0,0,0,0,0,0,0,0,0,0,0,0,0,0,1,1,0,0,0,0,0,0,0,1,1,0,0,0,0,0,0,0,1,0,0,0,0,1,0,1,0,0,0,0,0,0,0,0,0,0,0,0,0,0,0,0,1,0,0,0,0,0,0,0,0,0,0,0,0,0,0,0,0,1,0,0,0,1,0,0,1,0,0,0,0
-8366492.8228646,4867405.01684949,3762,2020026039,,1,0,0,0,0,0,0,0,0,8,0,,67,3,2020,3,40.010057,-75.157482,,6,0,0,0,0,0,1,0,0,,0,0,0,,,1,N,0,,40 00:36.204,3,0,75 09:26.934,3,0,0,0,67301,1,0,0,N,1,0,0,2,67301,0,,1,215,1,N,N,N,0,,1,0,0,,0,N,,2,1,0,0,0,0,0,2,0,1,,03,,N,,,,,,,,,,,0,1,0,0,0,0,0,0,0,0,0,0,0,0,0,0,0,0,0,0,0,0,0,0,1,0,0,0,0,0,0,0,0,0,0,0,0,0,0,0,0,0,0,0,0,0,0,0,0,0,0,0,0,0,0,1,0,1,1,1,0,0,0,0,0,0,0,0,0,0,0,0,0,0,0,0,1,0,0,0,0,1,0,0,0,0,0,0,0,0,0,0,0,0,0,0,0,0,0,0,1,0,0,0,0,0,1,0,0,1,0,0,0,0,0,0,0,0,0,0,0,1,0,0,1,0,0,0,0
-8369016.43628819,4861275.50519588,3763,2020048726,,0,0,0,0,0,0,0,0,0,4,0,,67,5,2020,7,39.96787,-75.180152,,6,0,0,0,0,0,1,0,0,,0,0,0,,,1,,3,,39 58:04.333,,0,75 10:48.546,8,0,0,1,67301,0,0,0,N,0,0,0,3,67301,0,,1,,1,N,N,N,0,,0,0,1,,0,,,2,1,0,0,0,1,0,2,0,2,,03,,N,,,,,,,,,,,0,0,1,0,0,0,0,0,0,0,0,0,0,0,0,0,0,1,0,0,0,0,0,0,1,0,0,0,0,0,0,0,0,0,0,0,0,0,0,0,0,0,0,0,0,0,0,0,0,0,0,0,0,0,0,0,0,0,1,1,1,0,0,0,1,0,0,0,0,0,0,0,0,1,1,0,0,0,0,0,0,0,0,0,0,0,0,0,0,0,0,0,0,0,0,0,0,0,0,0,0,0,0,0,0,0,1,0,0,0,0,0,0,0,0,0,0,0,0,0,1,1,0,0,0,0,0,0,0
-8368087.58646398,4869962.87214787,3764,2020018182,,2,0,0,0,0,0,0,0,0,5,0,,67,2,2020,2,40.027654,-75.171808,,6,0,0,0,0,1,0,0,0,,0,0,0,,,2,N,0,,40 01:39.556,,0,75 10:18.510,3,0,0,0,67301,0,0,0,N,0,0,0,2,67301,0,,6,,1,N,N,N,0,,2,0,1,,0,,,3,2,0,0,0,0,0,2,0,3,,03,,N,,,,,,,,,,,0,0,0,0,0,0,0,0,0,0,0,0,0,0,0,0,0,0,0,0,0,0,0,1,0,0,0,0,0,0,0,0,0,0,0,0,0,0,0,0,0,0,1,0,0,0,0,0,0,0,0,0,0,0,0,1,0,0,1,1,0,0,0,0,0,0,0,0,0,0,0,0,0,0,1,0,1,0,0,0,0,0,0,0,0,0,0,0,0,0,0,0,0,0,0,0,0,0,0,0,0,0,0,0,0,0,1,0,0,1,0,0,0,0,0,0,0,0,0,0,0,1,1,1,0,0,0,0,1
-8347548.13265929,4882559.8738936,3765,2020024186,,1,0,0,0,0,0,0,0,0,1,0,,67,3,2020,6,40.11425,-74.987299,,6,0,0,0,0,0,2,0,0,,0,0,0,,,1,N,0,,40 06:51.299,1,0,74 59:14.278,3,0,0,0,67301,0,0,0,N,0,0,0,3,67301,0,,1,1200,1,N,N,N,0,,1,0,1,,0,N,,3,1,0,0,0,0,0,2,1,3,,,,N,,,,,,,,,,,0,0,0,0,0,0,0,0,0,0,0,0,0,0,0,0,0,0,0,0,0,0,0,0,1,0,0,0,0,0,0,0,0,0,0,0,0,0,0,0,0,0,0,0,0,0,0,0,0,0,0,0,0,0,0,0,0,0,1,1,0,0,0,0,0,0,0,0,0,0,0,0,0,0,1,0,1,0,0,0,0,0,0,0,0,0,0,0,0,1,0,0,0,0,0,0,0,0,0,0,0,0,0,0,0,0,1,0,0,1,0,0,0,0,0,0,0,0,0,0,0,1,0,1,0,0,0,0,0