X,Y,objectid,crn,arrival_tm,automobile_count,belted_death_count,belted_susp_serious_inj_count,bicycle_count,bicycle_death_count,bicycle_susp_serious_inj_count,bus_count,chldpas_death_count,chldpas_susp_serious_inj_count,collision_type,comm_veh_count,cons_zone_spd_lim,county,crash_month,crash_year,day_of_week,dec_latitude,dec_longitude,dispatch_tm,district,driver_count_16yr,driver_count_17yr,driver_count_18yr,driver_count_19yr,driver_count_20yr,driver_count_50_64yr,driver_count_65_74yr,driver_count_75plus,est_hrs_closed,fatal_count,heavy_truck_count,horse_buggy_count,hour_of_day,illumination,injury_count,intersection_related_x,intersect_type,lane_closed,latitude,ln_close_dir,location_type,longitude,max_severity_level,mcycle_death_count,mcycle_susp_serious_inj_count,motorcycle_count,municipality,nonmotr_count,nonmotr_death_count,nonmotr_susp_serious_inj_count,ntfy_hiwy_maint,ped_count,ped_death_count,ped_susp_serious_inj_count,person_count,police_agcy,possible_inj_count,rdwy_surf_type_cd,relation_to_road,roadway_cleared,road_condition,sch_bus_ind,sch_zone_ind,secondary_crash,small_truck_count,spec_juris_cd,susp_minor_inj_count,susp_serious_inj_count,suv_count,tcd_func_cd,tcd_type,tfc_detour_ind,time_of_day,total_units,tot_inj_count,unbelted_occ_count,unb_death_count,unb_susp_serious_inj_count,unk_inj_deg_count,unk_inj_per_count,urban_rural,van_count,vehicle_count,weather1,weather2,workers_pres,work_zone_ind,work_zone_loc,work_zone_type,wz_close_detour,wz_flagger,wz_law_offcr_ind,wz_ln_closure,wz_moving,wz_other,wz_shlder_mdn,wz_workers_inj_killed,aggressive_driving,alcohol_related,angle_crash,atv,atv_route,backup_congestion,backup_nonrecurring,backup_prior,bicycle,cell_phone,child_passenger,comm_vehicle,core_network,cross_median,curved_road,curve_dvr_error,deer_related,distracted,drinking_driver,driver_16yr,driver_17yr,driver_18yr,driver_19yr,driver_20yr,driver_50_64yr,driver_65_74yr,driver_75plus,drugged_driver,drug_related,fatal,fatal_or_susp_serious_inj,fatigue_asleep,federal_aid_route,fire_in_vehicle,hazardous_truck,hit_barrier,hit_bridge,hit_deer,hit_embankment,hit_fixed_object,hit_gdrail,hit_gdrail_end,hit_parked_vehicle,hit_pole,hit_roadway_equipment,hit_run,hit_temp_construction_barrier,hit_traffic_island,hit_tree_shrub,hit_utility_pole,horse_buggy,ho_oppdir_sdswp,hvy_truck_related,icy_road,illegal_drug_related,illumination_dark,impaired_driver,impaired_nonmotorist,injury,injury_or_fatal,intersection,intersection_related_y,interstate,lane_departure,left_turn,limit_65mph,limit_70mph,local_road,local_road_only,marijuana_drugged_driver,marijuana_related,mature_driver,mc_drinking_driver,motorcycle,multiple_vehicle,nhtsa_agg_driving,non_intersection,no_clearance,opioid_related,other_freeway_expressway,overturned,pedestrian,phantom_vehicle,possible_injury,property_damage_only,psp_reported,ramp,ramp_segment,ramp_terminal,rear_end,roundabout,running_red_lt,running_stop_sign,rural,school_bus,school_bus_related,school_bus_unit,school_zone,shldr_related,signalized_int,single_vehicle,snowmobile,snow_slush_road,speeding,speeding_related,speed_change_lane,state_road,stop_controlled_int,sudden_deer,suspected_minor_injury,suspected_serious_injury,sv_run_off_rd,tailgating,train,train_trolley,trolley,turnpike,unbelted,underage_drnk_drv,unlicensed,unsignalized_int,urban,vehicle_failure,vehicle_towed,vulnerable_road_user,vulnerable_road_user_fatal,wet_road,work_zone,young_driver
-8367528.87335723,4859122.71275818,4359,2020009664,1543,1,0,0,0,0,0,0,0,0,8,0,,67,1,2020,3,39.953047,-75.166789,1543,6,0,0,0,0,0,0,0,0,,0,0,0,,,1,N,0,,39 57:10.970,,0,75 10:00.440,3,0,0,0,67301,1,0,0,N,1,0,0,2,67301,0,,1,,1,N,N,N,0,,1,0,0,,0,,,2,1,0,0,0,0,0,2,0,1,,03,,N,,,,,,,,,,,0,0,0,0,0,0,0,0,0,0,0,0,0,0,0,0,0,0,0,0,0,0,0,0,0,0,0,0,0,0,0,0,0,0,0,0,0,0,0,0,0,0,0,0,0,0,0,0,0,0,0,0,0,0,0,0,0,0,1,1,0,0,0,0,0,0,0,1,1,0,0,0,0,0,0,0,1,0,0,0,0,1,0,0,0,0,0,0,0,0,0,0,0,0,0,0,0,0,0,0,1,0,0,0,0,0,0,0,0,1,0,0,0,0,0,0,0,0,0,0,0,1,0,0,1,0,0,0,0
-8354754.62418864,4870377.78522025,4360,2020007833,1300,3,0,0,0,0,0,0,0,0,5,0,,67,1,2020,7,40.030508,-75.052036,1245,6,0,0,0,0,0,0,0,0,,0,0,0,,,0,N,0,,40 01:49.830,3,0,75 03:07.330,9,0,0,0,67301,0,0,0,N,0,0,0,1,67301,0,,6,1435,7,N,N,N,1,,0,0,1,,0,Y,,5,0,0,0,0,0,1,2,0,5,,,,N,,,,,,,,,,,1,0,0,0,0,0,0,0,0,0,0,0,0,0,0,0,0,0,0,0,0,0,0,0,0,0,0,0,0,0,0,0,0,0,0,0,0,0,0,0,0,0,1,0,0,1,0,0,0,0,0,0,0,0,0,0,0,0,0,0,0,0,0,0,0,0,0,1,1,0,0,0,0,0,1,0,1,0,0,0,0,0,0,0,0,0,0,0,0,0,0,0,0,0,0,0,0,0,0,0,0,0,1,0,1,0,0,0,0,0,0,0,0,0,0,0,0,0,0,0,0,1,0,1,0,0,0,0,0
-8365057.02376282,4871637.02077433,4361,2020052691,0951,1,0,0,0,0,0,0,0,0,5,0,,67,7,2020,2,40.039169,-75.144584,0951,6,0,0,0,0,0,0,0,0,,0,0,0,,,1,N,0,,40 02:21.009,,0,75 08:40.503,8,0,0,0,67301,0,0,0,N,0,0,0,2,67301,0,,4,,1,N,N,N,1,,0,0,0,,3,,,2,1,0,0,0,1,0,2,0,2,,,,N,,,,,,,,,,,0,0,0,0,0,0,0,0,0,0,0,0,0,0,0,0,0,0,0,0,0,0,0,0,0,0,0,0,0,0,0,0,0,0,0,0,0,0,0,0,0,0,0,0,0,0,0,0,0,0,0,0,0,0,0,0,0,0,1,1,0,0,0,1,0,0,0,0,0,0,0,0,0,0,1,0,1,0,0,0,0,0,0,0,0,0,0,0,0,0,0,0,0,0,0,0,0,0,0,0,0,0,0,0,0,0,1,0,0,0,0,1,0,0,0,0,0,0,0,0,0,1,0,1,0,0,0,0,0
-8357533.82759203,4870780.64762235,4362,2020014376,0921,1,0,0,0,0,0,0,0,0,5,0,,67,1,2020,1,40.033279,-75.077002,0912,6,0,0,0,0,0,1,0,1,,0,0,0,,,0,N,0,,40 01:59.803,,6,75 04:37.207,0,0,0,0,67301,0,0,0,N,0,0,0,2,67301,0,,1,,9,N,N,N,0,,0,0,1,,0,,,2,0,0,0,0,0,0,2,0,2,,03,,N,,,,,,,,,,,1,0,0,0,0,0,0,0,0,0,0,0,0,0,0,0,0,0,0,0,0,0,0,0,1,0,1,0,0,0,0,0,0,0,0,0,0,0,0,0,0,0,0,0,0,0,0,0,0,0,0,0,0,0,0,0,0,0,0,0,0,0,0,0,0,0,0,0,0,0,0,1,0,0,1,0,1,0,0,0,0,0,0,0,1,0,0,0,0,0,0,0,0,0,0,0,0,0,0,0,0,0,0,0,0,0,1,0,0,0,0,0,0,0,0,0,0,0,0,0,0,1,0,1,0,0,1,0,0
-8374517.40144829,4850632.27804641,4363,2020012897,0032,2,0,0,0,0,0,0,0,0,4,0,,67,2,2020,1,39.894555,-75.229568,0019,6,0,0,0,0,1,0,0,0,,0,0,0,,,0,,2,,39 53:40.398,3,0,75 13:46.445,0,0,0,0,67301,0,0,0,N,0,0,0,2,67301,0,,1,220,9,N,N,N,0,,0,0,0,,2,N,,2,0,0,0,0,0,0,2,0,2,,,,N,,,,,,,,,,,1,0,1,0,0,0,0,0,0,0,0,0,0,0,0,0,0,0,0,0,0,0,0,1,0,0,0,0,0,0,0,0,0,0,0,0,0,0,0,0,0,0,0,0,0,1,0,0,0,0,0,0,0,0,0,1,0,0,0,0,1,0,0,0,0,0,0,1,0,0,0,0,0,0,1,0,0,0,0,0,0,0,0,0,1,0,0,0,0,0,0,0,0,0,0,0,0,0,0,1,0,0,0,0,0,0,1,0,0,0,0,0,0,0,0,0,0,0,0,0,0,1,0,1,0,0,1,0,1
-8366398.6459323,4854716.04826675,4364,2020011775,1215,0,0,0,0,0,0,0,0,0,4,0,,67,1,2020,3,39.922695,-75.156636,1210,6,0,0,0,0,0,1,0,0,,0,0,0,,,1,,1,,39 55:21.702,,0,75 09:23.890,3,0,0,0,67301,0,0,0,N,0,0,0,3,67301,0,,1,,1,N,N,N,0,,1,0,2,,2,,,2,1,0,0,0,0,1,2,0,2,,03,,N,,,,,,,,,,,0,0,1,0,0,0,0,0,0,0,0,0,0,0,0,0,0,0,0,0,0,0,0,0,1,0,0,0,0,0,0,0,0,0,0,0,0,0,0,0,0,0,0,0,0,0,0,0,0,0,0,0,0,0,0,0,0,0,1,1,1,0,0,0,0,0,0,1,0,0,0,0,0,0,1,0,0,0,0,0,0,0,0,0,0,0,0,0,0,0,0,0,0,0,0,0,0,0,0,1,0,0,0,0,0,0,1,0,0,1,0,0,0,0,0,0,0,0,0,0,0,1,0,1,0,0,0,0,0
-8366796.94732775,4857661.93201521,4365,2020052254,1105,1,0,0,0,0,0,0,0,0,8,0,,67,7,2020,5,39.942987,-75.160214,1100,6,0,0,0,0,0,0,0,0,,0,0,0,,,1,,1,,39 56:34.753,,0,75 09:36.770,4,0,0,0,67301,1,0,0,N,1,0,0,2,67301,1,,1,,1,N,N,N,0,,0,0,0,,2,,,2,1,0,0,0,0,0,2,0,1,,03,,N,,,,,,,,,,,0,0,0,0,0,0,0,0,0,0,0,0,0,0,0,0,0,0,0,0,0,0,0,0,0,0,0,0,0,0,0,0,0,0,0,0,0,0,0,0,0,0,0,0,0,0,0,0,0,0,0,0,0,0,0,0,0,0,1,1,1,0,0,0,0,0,0,1,1,0,0,0,0,0,0,0,0,0,0,0,0,1,0,1,0,0,0,0,0,0,0,0,0,0,0,0,0,0,0,1,1,0,0,0,0,0,0,0,0,0,0,0,0,0,0,0,0,0,0,0,0,1,0,0,1,0,0,0,0
-8367036.61837236,4859795.5282725,4366,2020009951,1200,0,0,0,0,0,0,0,0,0,4,0,,67,1,2020,1,39.95768,-75.162367,1148,6,0,0,0,0,0,0,0,0,,0,0,0,,,0,,5,,39 57:27.649,,2,75 09:44.521,0,0,0,0,67301,0,0,0,N,0,0,0,2,67301,0,,1,,1,N,N,N,1,,0,0,1,,2,,,2,0,0,0,0,0,0,2,0,2,,,,N,,,,,,,,,,,1,0,1,0,0,0,0,0,0,0,0,0,0,0,0,0,0,0,0,0,0,0,0,0,0,0,0,0,0,0,0,0,0,0,0,0,0,0,0,0,0,0,0,0,0,0,0,0,0,0,0,0,0,0,0,0,0,0,0,0,1,0,0,0,1,0,0,0,0,0,0,0,0,0,1,0,0,0,0,0,0,0,0,0,1,0,1,0,1,0,0,0,0,0,0,0,0,0,0,1,0,0,0,0,0,0,1,0,0,0,0,0,0,0,0,0,0,0,0,0,0,1,0,1,0,0,0,0,0
-8354966.91073466,4873930.40190619,4367,2020051133,1043,0,0,0,0,0,0,0,0,0,8,0,,67,6,2020,6,40.05494,-75.053943,1040,6,0,0,0,0,0,0,0,0,,1,0,0,,,0,N,1,,40 03:17.783,,0,75 03:14.193,1,0,0,0,67301,1,1,0,N,1,1,0,2,67301,0,2,9,,1,N,N,N,0,0,0,0,0,,2,,,2,0,0,0,0,0,1,2,0,1,,03,,N,,,,,,,,,,,0,0,0,0,0,0,0,0,0,0,0,0,0,0,0,0,0,0,0,0,0,0,0,0,0,0,0,0,0,1,1,0,0,0,0,0,0,0,0,0,0,0,0,0,0,1,0,0,0,0,0,0,0,0,0,0,0,0,0,1,1,0,0,0,0,0,0,1,0,0,0,0,0,0,0,0,0,0,0,0,0,1,0,0,0,0,0,0,0,0,0,0,0,0,0,0,0,0,0,1,1,0,0,0,0,0,1,0,0,0,0,0,0,0,0,0,0,0,0,0,0,1,0,0,1,1,0,0,0
-8375069.21274004,4859114.28974343,4368,2020009176,2005,0,0,0,1,0,0,0,0,0,8,0,,67,1,2020,3,39.952989,-75.234525,2002,6,0,0,0,0,0,0,0,0,,0,0,0,,,1,,1,,39 57:10.760,,0,75 14:04.290,3,0,0,0,67301,1,0,0,N,0,0,0,2,67301,0,,1,,1,N,N,N,0,,1,0,1,,3,,,2,1,0,0,0,0,0,2,0,1,,,,N,,,,,,,,,,,0,0,0,0,0,0,0,0,1,0,0,0,0,0,0,0,0,0,0,0,0,0,0,0,0,0,0,0,0,0,0,0,0,0,0,0,0,0,0,0,0,0,0,0,0,0,0,0,0,0,0,0,0,0,0,1,0,0,1,1,1,0,0,0,0,0,0,1,1,0,0,0,0,0,0,0,0,0,0,0,0,0,0,0,0,0,0,0,0,0,0,0,0,0,0,0,0,0,0,0,1,0,0,0,0,0,0,1,0,1,0,0,0,0,0,0,0,0,0,0,1,1,0,0,1,0,0,0,0
-8365030.75175691,4857171.7619164,4369,2020012667,1902,0,0,0,1,0,0,0,0,0,8,0,,67,1,2020,6,39.939611,-75.144348,1900,6,0,0,0,0,0,1,0,0,,0,0,0,,,1,N,1,,39 56:22.600,,0,75 08:39.653,3,0,0,0,67301,1,0,0,N,0,0,0,2,67301,0,,1,,1,N,N,N,0,,1,0,1,,3,,,2,1,0,0,0,0,0,2,0,1,,04,,N,,,,,,,,,,,1,0,0,0,0,0,0,0,1,0,0,0,0,0,0,0,0,0,0,0,0,0,0,0,1,0,0,0,0,0,0,0,0,0,0,0,0,0,0,0,0,0,0,0,0,0,0,0,0,0,0,0,0,0,0,0,0,0,1,1,1,0,0,0,1,0,0,1,1,0,0,0,0,0,0,0,0,0,0,0,0,0,0,0,0,0,0,0,0,0,0,0,0,0,0,0,0,0,0,0,1,0,0,0,0,0,0,1,0,1,0,0,0,0,0,0,0,0,0,0,1,1,0,0,1,0,0,0,0
-8366975.0588511,4862920.29594711,4370,2020005136,1954,1,0,0,0,0,0,0,0,0,8,0,,67,1,2020,3,39.979193,-75.161814,1953,6,0,0,0,0,0,0,0,0,,0,0,0,,,2,N,1,,39 58:45.093,,0,75 09:42.531,4,0,0,0,67301,2,0,0,N,2,0,0,3,67505,1,,1,,9,N,N,N,0,,0,0,0,,0,,,3,2,0,0,0,1,0,2,0,1,,07,,N,,,,,,,,,,,0,0,0,0,0,0,0,0,0,0,0,0,0,0,0,0,0,0,0,0,0,0,0,0,0,0,0,0,0,0,0,0,0,0,0,0,0,0,0,0,0,0,0,0,0,0,0,0,0,0,0,0,0,0,0,1,0,0,1,1,1,0,0,0,1,0,0,1,0,0,0,0,0,0,0,0,0,0,0,0,0,1,0,1,0,0,0,0,0,0,0,0,0,0,0,0,0,0,0,0,1,0,0,0,0,0,1,0,0,0,0,0,0,0,0,0,0,0,0,0,1,1,0,0,1,0,1,0,0
-8365886.68813867,4868381.45058289,4371,2020009666,0150,2,0,0,0,0,0,0,0,0,6,0,,67,1,2020,7,40.016775,-75.152037,0149,6,0,0,0,0,0,0,0,0,,0,0,0,,,1,N,0,,40 01:00.390,,0,75 09:07.332,3,0,0,0,67301,0,0,0,N,0,0,0,1,67301,0,,6,,1,N,N,N,0,,1,0,0,,0,,,3,1,0,0,0,0,0,2,1,3,,03,,N,,,,,,,,,,,1,0,0,0,0,0,0,0,0,0,0,0,0,0,0,0,0,0,0,0,0,0,0,0,0,0,0,0,0,0,0,0,0,0,0,0,0,0,0,0,0,0,1,0,0,0,0,0,0,0,0,1,0,0,0,1,0,0,1,1,0,0,0,0,0,0,0,0,0,0,0,0,0,0,1,0,1,0,0,0,0,0,0,0,0,0,0,0,0,0,0,0,0,0,0,0,0,0,0,0,0,0,0,1,1,0,1,0,0,1,0,0,0,0,0,0,0,0,0,0,0,1,0,1,0,0,0,0,0
-8358291.13449034,4874883.04284115,4372,2020005544,0614,1,0,0,0,0,0,0,0,0,4,0,,67,1,2020,3,40.06149,-75.083805,0610,6,0,0,0,0,0,0,0,0,,0,0,0,,,0,,1,,40 03:41.363,,0,75 05:01.699,0,0,0,0,67301,0,0,0,N,0,0,0,2,67301,0,,1,,1,N,N,N,0,,0,0,1,,2,,,2,0,0,0,0,0,0,2,0,2,,,,N,,,,,,,,,,,1,0,1,0,0,0,0,0,0,0,0,0,0,0,0,0,0,0,0,0,0,0,0,0,0,0,0,0,0,0,0,0,0,0,0,0,0,0,0,0,0,0,0,0,0,0,0,0,0,0,0,0,0,0,0,0,0,0,0,0,1,0,0,0,0,0,0,0,0,0,0,0,0,0,1,0,0,0,0,0,0,0,0,0,1,0,0,0,0,0,0,1,0,0,0,0,0,0,0,1,0,0,0,0,0,0,1,0,0,0,0,0,0,0,0,0,0,0,0,0,0,1,0,1,0,0,0,0,0
-8375160.38362214,4863637.6798791,4373,2020012382,0915,1,0,0,0,0,0,0,0,0,1,0,,67,1,2020,6,39.984131,-75.235344,0850,6,0,0,0,0,0,1,0,1,,0,0,0,,,0,N,0,,39 59:02.870,,0,75 14:07.240,0,0,0,0,67301,0,0,0,N,0,0,0,4,67301,0,,1,,1,N,N,N,0,,0,0,3,,0,,,4,0,3,0,0,0,0,2,0,4,,03,,N,,,,,,,,,,,0,0,0,0,0,0,0,0,0,0,0,0,0,0,0,0,0,1,0,0,0,0,0,0,1,0,1,0,0,0,0,0,0,0,0,0,0,0,0,0,0,0,0,0,0,0,0,0,0,0,0,0,0,0,0,0,0,0,0,0,0,0,0,0,0,0,0,1,1,0,0,1,0,0,1,0,1,0,0,0,0,0,0,0,1,0,0,0,0,1,0,0,0,0,0,0,0,0,0,0,0,0,0,0,0,0,0,0,0,0,0,0,0,0,0,0,0,1,0,0,0,1,0,1,0,0,0,0,0
-8373684.84289354,4854894.87820568,4374,2020006281,1140,1,0,0,0,0,0,0,0,0,4,0,,67,1,2020,2,39.923927,-75.222089,1129,6,0,0,0,0,0,1,0,0,,0,0,0,,,1,,1,,39 55:26.137,,0,75 13:19.522,3,0,0,0,67301,0,0,0,N,0,0,0,2,67301,0,,1,,1,N,N,N,1,,1,0,0,,2,,,2,1,0,0,0,0,0,2,0,2,,,,N,,,,,,,,,,,1,0,1,0,0,0,0,0,0,0,0,0,0,0,0,0,0,0,0,0,0,0,0,0,1,0,0,0,0,0,0,0,0,0,0,0,0,0,0,0,0,0,0,0,0,0,0,0,0,0,0,0,0,0,0,0,0,0,1,1,1,0,0,0,0,0,0,1,0,0,0,0,0,0,1,0,0,0,0,0,0,0,0,0,0,0,0,0,0,0,0,0,0,0,0,0,0,0,0,1,0,0,0,0,0,0,1,0,0,1,0,0,0,0,0,0,0,0,0,0,0,1,0,1,0,0,0,0,0
-8375571.59795154,4863321.11194222,4375,2020012708,0308,1,0,0,0,0,0,0,0,0,4,0,,67,2,2020,1,39.981952,-75.239038,0302,6,0,0,0,0,0,0,0,0,,0,0,0,,,1,,1,,39 58:55.028,,0,75 14:20.537,8,0,0,0,67301,0,0,0,N,0,0,0,2,67301,0,,1,,9,N,N,N,0,,0,0,1,,2,,,2,1,0,0,0,1,0,2,0,2,,03,,N,,,,,,,,,,,1,0,1,0,0,0,0,0,0,0,0,0,1,0,0,0,0,0,0,0,0,0,0,0,0,0,0,0,0,0,0,0,0,0,0,0,0,0,0,0,0,0,0,0,0,0,0,0,0,0,0,0,0,0,0,1,0,0,1,1,1,0,0,0,0,0,0,1,0,0,0,0,0,0,1,0,0,0,0,0,0,0,0,0,0,0,0,0,0,0,0,0,0,0,0,0,0,0,0,1,0,0,0,0,1,0,1,0,0,0,0,0,0,0,0,0,0,0,0,0,0,1,0,1,0,0,1,0,0
-8351811.89269459,4872095.62600869,4376,2020005410,1810,2,0,0,0,0,0,0,0,0,4,0,,67,1,2020,3,40.042323,-75.025601,1756,6,0,0,0,0,0,1,0,0,,0,0,0,,,0,,1,,40 02:32.362,,0,75 01:32.162,0,0,0,0,67301,0,0,0,N,0,0,0,3,67301,0,,1,,9,N,N,N,0,,0,0,0,,2,,,2,0,0,0,0,0,0,2,0,2,,07,,N,,,,,,,,,,,0,0,1,0,0,0,0,0,0,0,0,0,0,0,0,0,0,0,0,0,0,0,0,0,1,0,0,0,0,0,0,0,0,0,0,0,0,0,0,0,0,0,0,0,0,1,0,0,0,0,0,0,0,0,0,1,0,0,0,0,1,0,0,0,0,0,0,1,0,0,0,0,0,0,1,0,0,0,0,0,0,0,0,0,1,0,0,0,0,0,0,0,0,0,0,0,0,0,0,1,0,0,0,0,0,0,1,0,0,0,0,0,0,0,0,0,0,0,0,0,0,1,0,1,0,0,1,0,0
-8371855.08461598,4870106.35930986,4377,2020006447,2230,0,0,0,0,0,0,0,0,0,4,0,,67,1,2020,6,40.028641,-75.205652,2215,6,0,0,0,0,0,0,0,0,,0,0,0,,,1,,1,,40 01:43.107,,0,75 12:20.348,4,0,0,0,67301,0,0,0,N,0,0,0,2,67301,1,,1,,1,N,N,N,0,,0,0,2,,9,,,2,1,0,0,0,0,0,2,0,2,,,,N,,,,,,,,,,,0,0,1,0,0,0,0,0,0,0,0,0,0,0,0,0,0,0,0,0,0,0,0,0,0,0,0,0,0,0,0,0,0,0,0,0,0,0,0,0,0,0,0,0,0,0,0,0,0,0,0,0,0,0,0,1,0,0,1,1,1,0,0,0,0,0,0,0,0,0,0,0,0,0,1,0,0,0,0,0,0,0,0,1,0,0,0,0,0,0,0,0,0,0,0,0,0,0,0,0,0,0,0,0,0,0,1,0,0,0,0,0,0,0,0,0,0,0,0,0,1,1,0,1,0,0,0,0,0
-8367024.37327581,4859946.56594186,4378,2020011637,1946,2,0,0,0,0,0,0,0,0,4,0,,67,1,2020,3,39.95872,-75.162257,1946,6,0,0,0,0,0,0,0,0,,0,0,0,,,0,,1,,39 57:31.392,,0,75 09:44.125,0,0,0,0,67301,0,0,0,N,0,0,0,3,67301,0,,1,,1,N,N,N,0,,0,0,0,,0,,,2,0,0,0,0,0,0,2,0,2,,03,,N,,,,,,,,,,,1,0,1,0,0,0,0,0,0,0,0,0,0,0,0,0,0,0,0,0,0,0,0,0,0,0,0,0,0,0,0,0,0,0,0,0,0,0,0,0,0,0,0,0,0,0,0,0,0,0,0,0,0,0,0,1,0,0,0,0,1,0,0,0,1,0,0,1,0,0,0,0,0,0,1,0,0,0,0,0,0,0,0,0,1,0,0,0,0,0,0,0,0,0,0,0,0,0,0,0,0,0,0,0,0,0,1,0,0,0,0,0,0,0,0,0,0,0,0,0,1,1,0,1,0,0,0,0,0
-8362876.49701286,4873887.2075706,4379,2020033442,1316,2,0,0,0,0,0,0,0,0,4,0,,67,1,2020,5,40.054643,-75.124996,1310,6,0,0,0,0,0,0,0,0,,0,0,0,,,1,,1,,40 03:16.716,,0,75 07:29.987,3,0,0,0,67301,0,0,0,N,0,0,0,4,67301,0,,1,,1,N,N,N,0,,1,0,0,,2,,,2,1,0,0,0,0,0,2,0,2,,03,,N,,,,,,,,,,,1,0,1,0,0,0,0,0,0,0,0,0,0,0,0,0,0,0,0,0,0,0,0,0,0,0,0,0,0,0,0,0,0,0,0,0,0,0,0,0,0,0,0,1,0,0,0,0,0,0,0,0,0,0,0,0,0,0,1,1,1,0,0,0,1,0,0,1,0,0,0,0,0,0,1,0,0,0,0,0,0,0,0,0,0,0,0,0,0,0,0,0,0,0,0,0,0,0,0,1,0,0,0,0,0,0,1,0,0,1,0,0,0,0,0,0,0,0,0,0,0,1,0,1,0,0,0,0,0
-8369311.21052353,4864215.92551816,4380,2020003978,0920,2,0,0,0,0,0,0,0,0,5,0,,67,1,2020,7,39.988111,-75.1828,0910,6,0,0,0,0,0,0,0,0,,0,0,0,,,0,N,0,,39 59:17.200,,0,75 10:58.080,0,0,0,0,67301,0,0,0,N,0,0,0,1,67301,0,,6,,99,N,N,N,0,,0,0,0,,2,,,3,0,0,0,0,0,0,2,0,3,,03,,N,,,,,,,,,,,0,0,0,0,0,0,0,0,0,0,0,0,0,0,0,0,0,0,0,0,0,0,0,0,0,0,0,0,0,0,0,0,0,0,0,0,0,0,0,0,0,0,1,0,0,1,0,0,0,0,0,0,0,0,0,1,0,0,0,0,0,0,0,0,0,0,0,1,1,0,0,0,0,0,1,0,1,0,0,0,0,0,0,0,1,0,0,0,0,0,0,0,0,0,0,0,0,0,0,0,0,0,0,0,0,0,0,0,0,0,0,0,0,0,0,0,0,0,0,0,0,1,0,1,0,0,0,0,0
-8351932.78586688,4877529.53895221,4381,2020012670,1638,2,0,0,0,0,0,0,0,0,4,0,,67,2,2020,1,40.079683,-75.026687,1628,6,0,0,0,0,0,1,0,0,,0,0,0,,,1,N,0,,40 04:46.857,3,0,75 01:36.072,3,0,0,0,67301,0,0,0,N,0,0,0,2,67301,0,,1,1705,9,N,N,N,0,,1,0,0,,8,N,,2,1,0,0,0,0,0,2,0,2,,07,,N,,,,,,,,,,,1,0,1,0,0,0,0,0,0,0,0,0,0,0,0,0,0,0,0,0,0,0,0,0,1,0,0,0,0,0,0,0,0,0,0,0,0,0,0,0,0,0,0,0,0,0,0,0,0,0,0,0,0,0,0,0,0,0,1,1,0,0,0,0,0,0,0,0,0,0,0,0,0,0,1,0,1,0,0,0,0,0,0,0,0,0,0,0,0,0,0,0,0,0,0,0,0,0,0,0,0,0,0,0,0,0,1,0,0,1,0,0,0,0,0,0,0,0,0,0,0,1,0,1,0,0,1,0,0
-8363659.85217103,4864583.66680163,4382,2020053458,2005,1,0,0,0,0,0,0,0,0,1,0,,67,7,2020,3,39.990642,-75.132033,1953,6,0,0,0,0,0,0,0,0,,0,0,0,,,0,N,0,,39 59:26.310,1,0,75 07:55.320,9,0,0,0,67301,0,0,0,N,0,0,0,1,67301,0,,1,2129,1,N,N,N,0,,0,0,1,,0,Y,,2,0,1,0,0,0,1,2,0,2,,03,,N,,,,,,,,,,,0,0,0,0,0,0,0,0,0,0,0,0,0,0,0,0,0,0,0,0,0,0,0,0,0,0,0,1,1,0,0,0,0,0,0,0,0,0,0,0,0,0,1,0,0,0,0,0,0,0,0,0,0,0,1,1,1,0,0,0,0,0,0,0,0,0,0,1,1,0,0,0,0,0,1,0,1,0,0,0,0,0,0,0,0,0,0,0,0,1,0,0,0,0,0,0,0,0,0,0,0,0,0,0,0,0,0,0,0,0,0,0,0,0,0,0,0,1,0,0,0,1,0,1,0,0,0,0,0
-8370482.51414955,4854851.91240456,4383,2020060502,0311,3,0,0,0,0,0,0,0,0,4,1,,67,7,2020,2,39.923631,-75.193322,0311,6,0,0,0,0,0,0,0,0,,0,1,0,,,0,N,0,,39 55:25.070,,0,75 11:35.960,0,0,0,0,67301,0,0,0,N,0,0,0,1,67301,0,,1,,1,N,N,N,0,,0,0,0,,8,,,4,0,0,0,0,0,0,2,0,4,,,,N,,,,,,,,,,,0,0,1,0,0,0,0,0,0,0,0,1,0,0,0,0,0,0,0,0,0,0,0,0,0,0,0,0,0,0,0,0,0,0,0,0,0,0,0,0,0,0,1,0,0,0,0,0,0,0,0,0,1,0,0,1,0,0,0,0,0,0,0,0,0,0,0,1,1,0,0,0,0,0,1,0,1,0,0,0,0,0,0,0,1,0,0,0,0,0,0,0,0,0,0,0,0,0,0,0,0,0,0,0,0,0,0,0,0,0,0,0,0,0,0,0,0,0,0,0,0,1,0,1,0,0,0,0,0
-8368596.31674023,4869135.71597014,4384,2020009667,0244,2,0,0,0,0,0,0,0,0,6,0,,67,1,2020,7,40.021964,-75.176378,0237,6,0,0,0,0,0,0,0,0,,0,0,0,,,0,N,0,,40 01:19.070,6,0,75 10:34.960,0,0,0,0,67301,0,0,0,N,0,0,0,1,67301,0,,6,325,1,N,N,N,0,,0,0,2,,0,Y,,4,0,0,0,0,0,0,2,0,4,,03,,N,,,,,,,,,,,0,0,0,0,0,0,0,0,0,0,0,0,0,1,0,0,0,0,0,0,0,0,0,0,0,0,0,0,0,0,0,0,0,0,0,0,0,0,0,0,0,0,1,0,0,1,0,0,0,0,0,1,0,0,0,1,0,0,0,0,0,0,0,0,0,0,0,1,1,0,0,0,0,0,1,0,1,0,0,0,0,0,0,0,1,0,0,0,0,0,0,0,0,0,0,0,0,0,0,0,0,0,0,0,0,0,0,0,0,0,0,0,0,0,0,0,0,0,0,0,0,1,0,1,0,0,0,0,0