X,Y,objectid,crn,arrival_tm,automobile_count,belted_death_count,belted_susp_serious_inj_count,bicycle_count,bicycle_death_count,bicycle_susp_serious_inj_count,bus_count,chldpas_death_count,chldpas_susp_serious_inj_count,collision_type,comm_veh_count,cons_zone_spd_lim,county,crash_month,crash_year,day_of_week,dec_latitude,dec_longitude,dispatch_tm,district,driver_count_16yr,driver_count_17yr,driver_count_18yr,driver_count_19yr,driver_count_20yr,driver_count_50_64yr,driver_count_65_74yr,driver_count_75plus,est_hrs_closed,fatal_count,heavy_truck_count,horse_buggy_count,hour_of_day,illumination,injury_count,intersection_related_x,intersect_type,lane_closed,latitude,ln_close_dir,location_type,longitude,max_severity_level,mcycle_death_count,mcycle_susp_serious_inj_count,motorcycle_count,municipality,nonmotr_count,nonmotr_death_count,nonmotr_susp_serious_inj_count,ntfy_hiwy_maint,ped_count,ped_death_count,ped_susp_serious_inj_count,person_count,police_agcy,possible_inj_count,rdwy_surf_type_cd,relation_to_road,roadway_cleared,road_condition,sch_bus_ind,sch_zone_ind,secondary_crash,small_truck_count,spec_juris_cd,susp_minor_inj_count,susp_serious_inj_count,suv_count,tcd_func_cd,tcd_type,tfc_detour_ind,time_of_day,total_units,tot_inj_count,unbelted_occ_count,unb_death_count,unb_susp_serious_inj_count,unk_inj_deg_count,unk_inj_per_count,urban_rural,van_count,vehicle_count,weather1,weather2,workers_pres,work_zone_ind,work_zone_loc,work_zone_type,wz_close_detour,wz_flagger,wz_law_offcr_ind,wz_ln_closure,wz_moving,wz_other,wz_shlder_mdn,wz_workers_inj_killed,aggressive_driving,alcohol_related,angle_crash,atv,atv_route,backup_congestion,backup_nonrecurring,backup_prior,bicycle,cell_phone,child_passenger,comm_vehicle,core_network,cross_median,curved_road,curve_dvr_error,deer_related,distracted,drinking_driver,driver_16yr,driver_17yr,driver_18yr,driver_19yr,driver_20yr,driver_50_64yr,driver_65_74yr,driver_75plus,drugged_driver,drug_related,fatal,fatal_or_susp_serious_inj,fatigue_asleep,federal_aid_route,fire_in_vehicle,hazardous_truck,hit_barrier,hit_bridge,hit_deer,hit_embankment,hit_fixed_object,hit_gdrail,hit_gdrail_end,hit_parked_vehicle,hit_pole,hit_roadway_equipment,hit_run,hit_temp_construction_barrier,hit_traffic_island,hit_tree_shrub,hit_utility_pole,horse_buggy,ho_oppdir_sdswp,hvy_truck_related,icy_road,illegal_drug_related,illumination_dark,impaired_driver,impaired_nonmotorist,injury,injury_or_fatal,intersection,intersection_related_y,interstate,lane_departure,left_turn,limit_65mph,limit_70mph,local_road,local_road_only,marijuana_drugged_driver,marijuana_related,mature_driver,mc_drinking_driver,motorcycle,multiple_vehicle,nhtsa_agg_driving,non_intersection,no_clearance,opioid_related,other_freeway_expressway,overturned,pedestrian,phantom_vehicle,possible_injury,property_damage_only,psp_reported,ramp,ramp_segment,ramp_terminal,rear_end,roundabout,running_red_lt,running_stop_sign,rural,school_bus,school_bus_related,school_bus_unit,school_zone,shldr_related,signalized_int,single_vehicle,snowmobile,snow_slush_road,speeding,speeding_related,speed_change_lane,state_road,stop_controlled_int,sudden_deer,suspected_minor_injury,suspected_serious_injury,sv_run_off_rd,tailgating,train,train_trolley,trolley,turnpike,unbelted,underage_drnk_drv,unlicensed,unsignalized_int,urban,vehicle_failure,vehicle_towed,vulnerable_road_user,vulnerable_road_user_fatal,wet_road,work_zone,young_driver
-8364744.99533027,4873514.0314693,7188,2020112987,,2,0,0,0,0,0,0,0,0,1,0,,67,12,2020,1,40.052077,-75.141781,0628,6,0,0,0,0,0,1,0,0,,0,0,0,,,1,,1,,40 03:07.476,1,0,75 08:30.412,4,0,0,0,67301,0,0,0,N,0,0,0,2,67301,1,,1,820,1,N,N,N,0,,0,0,0,3,2,N,,2,1,0,0,0,0,0,2,0,2,,,,N,,,,,,,,,,,0,0,0,0,0,0,0,0,0,0,0,0,0,0,0,0,0,0,0,0,0,0,0,0,1,0,0,0,0,0,0,0,0,0,0,0,0,0,0,0,0,0,0,0,0,1,0,0,0,0,0,0,0,0,0,0,0,0,1,1,1,0,0,0,0,0,0,1,0,0,0,0,0,0,1,0,0,0,0,0,0,0,0,1,0,0,0,0,0,1,0,0,0,0,0,0,0,0,0,1,0,0,0,0,0,0,1,0,0,0,0,0,0,0,0,0,0,0,0,0,0,1,0,1,0,0,0,0,0
-8375432.55982647,4863614.14395892,7189,2020099123,,2,0,0,0,0,0,0,0,0,2,0,,67,11,2020,4,39.983969,-75.237789,1602,6,0,0,0,0,0,2,0,0,,0,0,0,,,0,N,0,,39 59:02.290,,3,75 14:16.040,9,0,0,0,67301,0,0,0,N,0,0,0,4,67301,0,,1,,1,N,N,N,0,,0,0,2,0,0,,,4,0,0,0,0,0,1,2,0,4,,,,N,,,,,,,,,,,0,0,0,0,0,0,0,0,0,0,0,0,0,0,0,0,0,0,0,0,0,0,0,0,1,0,0,0,0,0,0,0,0,0,0,0,0,0,0,0,0,0,0,0,0,0,0,0,0,0,0,1,0,0,0,0,0,0,0,0,0,0,0,1,0,0,0,1,1,0,0,0,0,0,1,0,1,0,0,0,0,0,0,0,0,0,0,0,0,0,0,0,0,0,0,0,0,0,0,0,0,0,0,0,0,0,0,0,0,0,0,0,0,0,0,0,0,0,0,0,0,1,0,1,0,0,0,0,0
-8366596.23818941,4856705.57091103,7190,2020107225,,1,0,0,0,0,0,0,0,0,8,0,,67,12,2020,6,39.9364,-75.158411,1630,6,0,0,0,0,0,0,0,0,,0,0,0,,,1,N,0,,39 56:11.040,,0,75 09:30.280,8,0,0,0,67301,1,0,0,N,1,0,0,2,67301,0,,1,,1,N,N,N,0,,0,0,0,0,0,,,2,1,0,0,0,1,1,2,0,1,,03,,N,,,,,,,,,,,1,0,0,0,0,0,0,0,0,0,0,0,0,0,0,0,0,0,0,0,0,0,0,0,0,0,0,0,0,0,0,0,0,0,0,0,0,0,0,0,0,0,0,0,0,1,0,0,0,0,0,0,0,0,0,0,0,0,1,1,0,0,0,0,0,0,0,1,1,0,0,0,0,0,0,0,1,0,0,0,0,1,0,0,0,0,0,0,0,0,0,0,0,0,0,0,0,0,0,0,1,0,0,0,0,0,0,0,0,0,0,0,0,0,0,0,0,0,0,0,0,1,0,0,1,0,0,0,0
-8360768.55027141,4870156.224734,7191,2020107231,,1,0,0,0,0,0,0,0,0,1,0,,67,12,2020,5,40.028984,-75.10606,1710,6,0,0,0,0,0,0,1,0,,0,0,0,,,0,,1,,40 01:44.341,1,0,75 06:21.815,0,0,0,0,67301,0,0,0,N,0,0,0,2,67301,0,,1,200,1,N,N,N,0,,0,0,1,3,2,N,,2,0,0,0,0,0,0,2,0,2,,03,,N,,,,,,,,,,,0,0,0,0,0,0,0,0,0,0,0,0,1,0,0,0,0,0,0,0,0,0,0,0,0,1,0,0,0,0,0,0,0,0,0,0,0,0,0,0,0,0,0,0,0,0,0,0,0,0,0,0,0,0,0,1,0,0,0,0,1,0,0,0,0,0,0,0,0,0,0,1,0,0,1,0,0,0,0,0,0,0,0,0,1,0,0,0,0,1,0,0,0,0,0,0,0,0,0,1,0,0,0,0,0,0,1,0,0,0,0,0,0,0,0,0,0,0,0,0,0,1,0,1,0,0,0,0,0
-8369188.20277643,4872458.56886876,7192,2020104512,,0,0,0,0,0,0,0,0,0,4,0,,67,12,2020,6,40.044819,-75.181695,1250,6,0,0,0,0,1,0,0,0,,0,0,0,,,0,,1,,40 02:41.350,,0,75 10:54.103,0,0,0,0,67301,0,0,0,N,0,0,0,2,67301,0,,1,,9,N,N,N,1,,0,0,2,3,2,,,3,0,2,0,0,0,0,2,0,3,,07,,N,,,,,,,,,,,1,0,1,0,0,0,0,0,0,0,0,0,0,0,0,0,0,0,0,0,0,0,0,1,0,0,0,0,0,0,0,0,0,0,0,0,0,0,0,0,0,0,1,0,0,0,0,0,0,0,0,0,0,0,0,0,0,0,0,0,1,0,0,0,0,0,0,1,0,0,0,0,0,0,1,0,0,0,0,0,0,0,0,0,1,0,0,0,0,0,0,0,0,0,0,0,0,0,0,1,0,0,0,0,1,0,1,0,0,0,0,0,0,0,0,0,0,1,0,0,0,1,0,1,0,0,1,0,1
-8366653.1228438,4865757.73912431,7193,2020112990,,0,0,0,0,0,0,0,0,0,1,0,,67,12,2020,1,39.998722,-75.158922,0050,6,0,0,0,0,0,1,0,0,,0,0,0,,,1,,2,,39 59:55.400,,0,75 09:32.120,3,0,0,0,67301,0,0,0,N,0,0,0,3,67301,0,,1,,1,N,N,N,0,,1,0,2,3,3,,,2,1,0,0,0,0,0,2,0,2,,03,,N,,,,,,,,,,,0,0,0,0,0,0,0,0,0,0,0,0,0,0,1,0,0,0,0,0,0,0,0,0,1,0,0,0,0,0,0,0,0,0,0,0,0,0,0,0,0,0,0,0,0,0,0,0,0,0,0,0,0,0,0,1,0,0,1,1,1,0,0,0,0,0,0,1,1,0,0,0,0,0,1,0,0,0,0,0,0,0,0,0,0,0,0,0,0,1,0,0,0,0,0,0,0,0,0,0,0,0,0,0,0,0,0,1,0,1,0,0,0,0,0,0,0,0,0,0,1,1,1,1,0,0,0,0,0
-8374146.15114851,4856976.19390535,7194,2020104791,,0,0,0,0,0,0,0,0,0,1,0,,67,12,2020,6,39.938264,-75.226233,1115,6,0,0,0,0,0,0,0,0,,0,0,0,,,1,N,0,,39 56:17.750,,0,75 13:34.440,3,0,0,0,67301,0,0,0,N,0,0,0,2,67301,0,,6,,9,N,N,N,0,,1,0,1,0,0,,,2,1,0,0,0,0,1,2,1,2,,04,,N,,,,,,,,,,,1,0,0,0,0,0,0,0,0,0,0,0,0,0,0,0,0,0,0,0,0,0,0,0,0,0,0,0,0,0,0,0,0,0,0,0,0,0,0,0,0,0,1,0,0,1,0,0,0,0,0,0,0,0,0,0,0,0,1,1,0,0,0,0,0,0,0,1,1,0,0,0,0,0,1,0,1,0,0,0,0,0,0,0,0,0,0,0,0,1,0,0,0,0,0,0,0,0,0,0,0,0,0,0,1,0,0,0,0,1,0,0,0,0,0,0,0,0,0,0,0,1,0,0,0,0,1,0,0
-8366917.5067946,4864954.61779318,7195,2020084708,,1,0,0,1,0,0,0,0,0,8,0,,67,10,2020,1,39.993195,-75.161297,1918,6,0,0,0,0,0,0,0,0,,0,0,0,,,1,,1,,39 59:35.502,,0,75 09:40.669,8,0,0,0,67301,1,0,0,N,0,0,0,2,67301,0,,1,,9,N,N,N,0,,0,0,0,3,3,,,2,1,0,0,0,1,1,2,0,1,,07,,N,,,,,,,,,,,0,0,0,0,0,0,0,0,1,0,0,0,0,0,0,0,0,0,0,0,0,0,0,0,0,0,0,0,0,0,0,0,0,0,0,0,0,0,0,0,0,0,0,0,0,1,0,0,0,0,0,0,0,0,0,1,0,0,1,1,1,0,0,0,0,0,0,1,1,0,0,0,0,0,0,0,0,0,0,0,0,0,0,0,0,0,0,0,0,0,0,0,0,0,0,0,0,0,0,0,1,0,0,0,0,0,0,1,0,0,0,0,0,0,0,0,0,0,0,0,1,1,0,0,1,0,1,0,0
-8370302.28851302,4871619.71777031,7196,2020110821,,2,0,0,0,0,0,0,0,0,2,0,,67,12,2020,4,40.03905,-75.191703,0530,6,0,0,0,0,0,2,0,0,,0,0,0,,,4,Y,0,,40 02:20.579,5,0,75 11:30.129,4,0,0,0,67301,0,0,0,N,0,0,0,5,67301,1,,1,716,9,N,N,N,1,,0,0,0,3,2,Y,,3,4,1,0,0,3,1,2,0,3,,,,N,,,,,,,,,,,1,0,0,0,0,0,0,0,0,0,0,0,0,1,0,0,0,0,0,0,0,0,0,0,1,0,0,0,0,0,0,0,0,0,0,0,0,0,0,0,0,0,0,0,0,0,0,0,0,0,0,1,0,0,0,1,0,0,1,1,0,0,0,1,0,0,0,0,0,0,0,0,0,0,1,0,1,0,0,0,0,0,0,1,0,0,0,0,0,0,0,0,0,0,0,0,0,0,0,0,0,0,0,0,0,0,1,0,0,0,0,0,0,0,0,0,0,1,0,0,0,1,0,1,0,0,1,0,0
-8374966.13155739,4874364.38672193,7197,2020113736,,0,0,0,0,0,0,0,0,0,4,0,,67,12,2020,3,40.057924,-75.233599,2034,6,0,0,0,1,0,0,0,0,,0,0,0,,,0,,1,,40 03:28.526,,0,75 14:00.956,0,0,0,0,67301,0,0,0,N,0,0,0,2,67301,0,,1,,1,N,N,N,0,,0,0,2,3,2,,,2,0,0,0,0,0,0,2,0,2,,03,,N,,,,,,,,,,,1,0,1,0,0,0,0,0,0,0,0,0,0,0,0,0,0,0,0,0,0,0,1,0,0,0,0,0,0,0,0,0,0,0,0,0,0,0,0,0,0,0,0,0,0,0,0,0,0,0,0,0,0,0,0,1,0,0,0,0,1,0,0,0,1,0,0,1,0,0,0,0,0,0,1,0,0,0,0,0,0,0,0,0,1,0,0,0,0,0,0,0,0,0,0,0,0,0,0,1,0,0,0,0,1,0,1,0,0,0,0,0,0,0,0,0,0,0,0,0,0,1,1,1,0,0,0,0,1
-8352252.38441132,4880594.70190158,7198,2020103010,,0,0,0,0,0,0,0,0,0,7,0,,67,11,2020,2,40.100748,-75.029558,1632,6,0,0,0,0,0,1,0,0,,0,0,0,,,0,N,0,,40 06:02.693,,0,75 01:46.407,0,0,0,0,67301,0,0,0,N,0,0,0,1,67301,0,,4,,9,N,N,N,0,,0,0,1,0,0,,,2,0,1,0,0,0,0,2,1,2,,07,,N,,,,,,,,,,,0,0,0,0,0,0,0,0,0,0,0,0,0,0,0,0,0,0,0,0,0,0,0,0,1,0,0,0,0,0,0,0,0,0,0,0,0,0,0,1,0,0,1,1,0,0,0,0,0,1,0,0,0,0,0,0,0,0,0,0,0,0,0,1,0,0,0,0,0,0,0,0,0,0,1,0,1,0,0,0,0,0,0,0,1,0,0,0,0,0,0,0,0,0,0,0,0,0,0,0,0,0,0,0,0,0,1,0,0,0,0,1,0,0,0,0,0,1,0,0,0,1,1,1,0,0,1,0,0
-8375650.96856619,4858304.5905471,7199,2020112465,,1,0,0,0,0,0,0,0,0,4,0,,67,12,2020,4,39.947413,-75.239751,0454,6,0,0,0,0,0,1,0,0,,0,0,0,,,1,,1,,39 56:50.686,4,0,75 14:23.103,3,0,0,0,67301,0,0,0,N,0,0,0,2,67301,0,,1,605,1,N,N,N,1,,1,0,1,3,2,N,,4,1,0,0,0,0,0,2,0,4,,03,,N,,,,,,,,,,,1,0,1,0,0,0,0,0,0,0,0,0,0,0,0,0,0,0,0,0,0,0,0,0,1,0,0,0,0,0,0,0,0,0,0,0,0,0,0,0,0,0,1,0,0,1,0,0,0,0,0,0,0,0,0,1,0,0,1,1,1,0,0,0,0,0,0,1,1,0,0,0,0,0,1,0,0,0,0,0,0,0,0,0,0,0,0,0,0,0,0,1,0,0,0,0,0,0,0,1,0,0,0,0,0,0,0,0,0,1,0,0,0,0,0,0,0,0,0,0,0,1,0,1,0,0,0,0,0
-8349971.11360893,4885482.4455572,7200,2020108258,,1,0,0,0,0,0,0,0,0,4,0,,67,12,2020,3,40.134325,-75.009065,0326,6,0,0,0,0,0,1,0,0,,0,0,0,,,0,,1,,40 08:03.571,,0,75 00:32.634,0,0,0,0,67301,0,0,0,N,0,0,0,2,67301,0,,1,,1,N,N,N,0,,0,0,1,3,2,,,2,0,2,0,0,0,0,2,0,2,,03,,N,,,,,,,,,,,0,0,1,0,0,0,0,0,0,0,0,0,0,0,0,0,0,0,0,0,0,0,0,0,1,0,0,0,0,0,0,0,0,0,0,0,0,0,0,0,0,0,0,0,0,0,0,0,0,0,0,0,0,0,0,1,0,0,0,0,1,0,0,0,1,0,0,1,0,0,0,0,0,0,1,0,0,0,0,0,0,0,0,0,1,0,0,0,0,0,0,0,0,0,0,0,0,0,0,1,0,0,0,0,0,0,1,0,0,0,0,0,0,0,0,0,0,1,0,0,0,1,0,1,0,0,0,0,0
-8368979.03256376,4856061.563494,7201,2020097684,,1,0,0,0,0,0,0,0,0,8,0,,67,10,2020,4,39.931964,-75.179816,1200,6,0,0,0,0,0,0,0,0,,0,0,0,,,1,,1,,39 55:55.070,,0,75 10:47.337,8,0,0,0,67301,1,0,0,N,1,0,0,2,67301,0,,1,,1,N,N,N,0,,0,0,0,3,3,,,2,1,0,0,0,1,0,2,0,1,,,,N,,,,,,,,,,,0,0,0,0,0,0,0,0,0,0,0,0,0,0,0,0,0,0,0,0,0,0,0,0,0,0,0,0,0,0,0,0,0,0,0,0,0,0,0,0,0,0,0,0,0,1,0,0,0,0,0,0,0,0,0,0,0,0,1,1,1,0,0,0,0,0,0,1,1,0,0,0,0,0,0,0,0,0,0,0,0,1,0,0,0,0,0,0,0,0,0,0,0,0,0,0,0,0,0,0,1,0,0,0,0,0,0,1,0,0,0,0,0,0,0,0,0,0,0,0,1,1,0,0,1,0,0,0,0
-8366943.11011126,4863721.94507131,7202,2020084093,,5,0,0,0,0,0,0,0,0,4,0,,67,10,2020,7,39.984711,-75.161527,0240,6,0,0,1,0,0,0,0,0,,0,0,0,,,0,,1,,39 59:04.959,,0,75 09:41.497,0,0,0,0,67301,0,0,0,N,0,0,0,3,67505,0,,1,,1,N,N,Y,0,,0,0,1,3,3,,,6,0,2,0,0,0,0,2,0,6,,04,,N,,,,,,,,,,,1,0,1,0,0,0,0,0,0,1,0,0,0,0,0,0,0,1,0,0,0,1,0,0,0,0,0,0,0,0,0,0,0,0,0,0,0,0,0,0,0,0,1,0,0,0,0,0,0,0,0,0,0,0,0,1,0,0,0,0,1,0,0,0,0,0,0,1,1,0,0,0,0,0,1,0,0,0,0,0,0,0,0,0,1,0,0,0,0,0,0,0,0,0,0,0,0,0,0,0,0,0,0,1,1,0,0,1,0,0,0,0,0,0,0,0,0,1,0,0,1,1,1,1,0,0,0,0,1
-8358042.66885886,4866146.89964197,7203,2020084069,,2,0,0,0,0,0,0,0,0,4,0,,67,10,2020,2,40.0014,-75.081573,0953,6,0,0,0,0,0,0,0,0,,0,0,0,,,2,,3,,40 00:05.039,,0,75 04:53.662,3,0,0,0,67301,0,0,0,N,0,0,0,3,67301,0,,1,,1,N,N,N,0,,2,0,0,3,2,,,2,2,0,0,0,0,0,2,0,2,,03,,N,,,,,,,,,,,0,0,1,0,0,0,0,0,0,0,0,0,0,0,0,0,0,0,0,0,0,0,0,0,0,0,0,0,0,0,0,0,0,0,0,0,0,0,0,0,0,0,0,0,0,1,0,0,0,0,0,0,0,0,0,1,0,0,1,1,1,0,0,0,1,0,0,1,0,0,0,0,0,0,1,0,0,0,0,0,0,0,0,0,0,0,0,0,0,0,0,0,0,0,0,0,0,0,0,1,0,0,0,0,0,0,1,0,0,1,0,0,0,0,0,0,0,0,0,0,0,1,0,1,0,0,0,0,0
-8355596.86796165,4875244.34332126,7204,2020113153,,1,0,0,0,0,0,0,0,0,4,0,,67,12,2020,4,40.063974,-75.059602,1755,6,0,0,0,0,0,0,0,0,,0,0,0,,,4,,1,,40 03:50.306,7,0,75 03:34.568,8,0,0,0,67301,0,0,0,N,0,0,0,9,67301,0,,1,1858,1,N,N,Y,0,,0,0,0,3,3,Y,,2,4,0,0,0,4,0,2,1,2,,,,N,,,,,,,,,,,1,0,1,0,0,0,0,0,0,0,0,0,0,0,0,0,0,0,0,0,0,0,0,0,0,0,0,0,0,0,0,0,0,0,0,0,0,0,0,0,0,0,0,0,0,0,0,0,0,0,0,0,0,0,0,1,0,0,1,1,1,0,0,0,0,0,0,1,0,0,0,0,0,0,1,0,0,0,0,0,0,0,0,0,0,0,0,0,0,0,0,0,1,0,0,0,0,0,0,0,0,0,0,0,0,0,1,1,0,0,0,0,0,0,0,0,0,0,0,0,1,1,0,1,0,0,0,0,0
-8360039.18440306,4863152.15478675,7205,2020088090,,0,0,0,0,0,0,1,0,0,5,1,,67,10,2020,6,39.980789,-75.099508,2140,6,0,0,0,0,0,0,0,0,,0,0,0,,,1,N,0,,39 58:50.842,,0,75 05:58.228,8,0,0,0,67301,0,0,0,N,0,0,0,2,67508,0,,6,,1,N,N,Y,0,,0,0,0,0,0,,,2,1,0,0,0,1,0,2,0,2,,03,,N,,,,,,,,,,,0,0,0,0,0,0,0,0,0,0,0,1,0,0,0,0,0,0,0,0,0,0,0,0,0,0,0,0,0,0,0,0,0,0,0,0,0,0,0,0,0,0,1,0,0,0,0,0,0,0,0,0,0,0,0,1,0,0,1,1,0,0,0,0,0,0,0,0,0,0,0,0,0,0,1,0,1,0,0,0,0,0,0,0,0,0,0,0,0,0,0,0,0,0,0,0,0,0,0,0,0,0,0,0,0,0,1,0,0,0,0,0,0,0,0,0,0,0,0,0,0,1,0,1,0,0,0,0,0
-8377546.96289957,4864020.07349444,7206,2020104961,,1,0,0,0,0,0,0,0,0,4,0,,67,12,2020,6,39.986763,-75.256783,2233,6,0,0,0,0,0,0,0,0,,0,0,0,,,2,,2,,39 59:12.346,,0,75 15:24.418,8,0,0,0,67301,0,0,0,N,0,0,0,6,67301,0,,1,,8,N,N,N,1,,0,0,0,3,3,,,3,2,0,0,0,2,0,2,1,3,,07,,N,,,,,,,,,,,1,0,1,0,0,0,0,0,0,0,0,0,1,0,0,0,0,0,0,0,0,0,0,0,0,0,0,0,0,0,0,0,0,0,0,0,0,0,0,0,0,0,0,0,0,0,0,0,0,0,0,0,0,0,0,1,0,0,1,1,1,0,0,0,1,0,0,1,0,0,0,0,0,0,1,0,0,0,0,0,0,0,0,0,0,0,0,0,0,0,0,0,0,0,0,0,0,0,0,0,0,0,0,0,0,0,1,1,0,0,0,0,0,0,0,0,0,0,0,0,1,1,0,1,0,0,1,0,0
-8367030.60712072,4859832.27089465,7207,2020099555,,2,0,0,0,0,0,0,0,0,4,0,,67,11,2020,5,39.957933,-75.162313,2001,6,0,0,0,0,0,1,1,0,,0,0,0,,,1,,1,,39 57:28.559,5,0,75 09:44.326,3,0,0,0,67301,0,0,0,N,0,0,0,3,67301,0,,1,100,1,N,N,N,0,,1,0,0,3,2,Y,,3,1,3,0,0,0,0,2,1,3,,03,,N,,,,,,,,,,,1,1,1,0,0,0,0,0,0,0,0,0,0,0,0,0,0,0,1,0,0,0,0,0,1,1,0,0,0,0,0,0,0,0,0,0,0,0,0,0,0,0,0,0,0,0,0,0,0,0,0,0,0,0,0,1,1,0,1,1,1,0,0,0,0,0,0,0,0,0,0,1,0,0,1,0,0,0,0,0,0,0,0,0,0,0,1,0,1,0,0,1,0,0,0,0,0,0,0,1,0,0,0,0,0,0,1,0,0,1,0,0,0,0,0,0,0,1,0,0,0,1,1,0,0,0,0,0,0
-8370901.18700317,4858829.52281686,7208,2020084052,,1,0,0,1,0,0,0,0,0,8,0,,67,10,2020,6,39.951028,-75.197083,1832,6,0,0,0,0,0,0,0,0,,0,0,0,,,1,N,0,,39 57:03.700,,6,75 11:49.500,3,0,0,0,67301,1,0,0,N,0,0,0,2,67504,0,,1,,1,N,N,N,0,,1,0,0,3,2,,,2,1,0,0,0,0,0,2,0,1,,03,,N,,,,,,,,,,,0,0,0,0,0,0,0,0,1,0,0,0,0,0,0,0,0,0,0,0,0,0,0,0,0,0,0,0,0,0,0,0,0,0,0,0,0,0,0,0,0,0,0,0,0,0,0,0,0,0,0,0,0,0,0,0,0,0,1,1,0,0,0,0,0,0,0,1,1,0,0,0,0,0,0,0,1,0,0,0,0,0,0,0,0,0,0,0,0,0,0,0,0,0,0,0,0,0,0,0,1,0,0,0,0,0,0,0,0,1,0,0,0,0,0,0,0,0,0,0,0,1,0,0,1,0,0,0,0
-8375000.08337751,4860979.34659506,7209,2020107395,,0,0,0,0,0,0,0,0,0,8,0,,67,12,2020,5,39.965831,-75.233904,1519,6,0,0,0,0,0,1,0,0,,0,0,0,,,1,,1,,39 57:56.991,,0,75 14:02.054,3,0,0,0,67301,1,0,0,N,1,0,0,3,67301,0,,1,,1,N,N,N,0,,1,0,0,3,2,,,2,1,0,0,0,0,0,2,1,1,,03,,N,,,,,,,,,,,0,0,0,0,0,0,0,0,0,0,0,0,0,0,0,0,0,0,0,0,0,0,0,0,1,0,0,0,0,0,0,0,0,0,0,0,0,0,0,0,0,0,0,0,0,0,0,0,0,0,0,0,0,0,0,0,0,0,1,1,1,0,0,0,1,0,0,1,1,0,0,0,0,0,0,0,0,0,0,0,0,1,0,0,0,0,0,0,0,0,0,0,0,0,0,0,0,0,0,1,1,0,0,0,0,0,0,0,0,1,0,0,0,0,0,0,0,0,0,0,0,1,0,0,1,0,0,0,0
-8373670.70558764,4860749.13659258,7210,2020086195,,0,0,0,0,0,0,0,0,0,8,0,,67,10,2020,4,39.964246,-75.221962,0947,6,0,0,0,0,0,0,0,0,,0,0,0,,,1,,1,,39 57:51.285,,0,75 13:19.063,3,0,0,0,67301,1,0,0,N,1,0,0,2,67301,0,,1,,1,N,N,N,0,,1,0,0,3,2,,,2,1,0,0,0,0,0,2,1,1,,03,,N,,,,,,,,,,,0,0,0,0,0,0,0,0,0,0,0,0,0,0,0,0,0,0,0,0,0,0,0,0,0,0,0,0,0,0,0,0,0,0,0,0,0,0,0,0,0,0,0,0,0,0,0,0,0,0,0,0,0,0,0,0,0,0,1,1,1,0,0,0,1,0,0,1,0,0,0,0,0,0,0,0,0,0,0,0,0,1,0,0,0,0,0,0,0,0,0,0,0,0,0,0,0,0,0,1,1,0,0,0,0,0,1,0,0,1,0,0,0,0,0,0,0,0,0,0,0,1,0,0,1,0,0,0,0
-8365786.05521525,4867286.8572233,7211,2020107160,,0,0,0,0,0,0,0,0,0,8,0,,67,12,2020,6,40.009244,-75.151133,1740,6,0,0,0,0,0,0,0,0,,0,0,0,,,1,,1,,40 00:33.277,,0,75 09:04.079,3,0,0,0,67301,1,0,0,N,1,0,0,2,67301,0,,1,,1,N,N,N,0,,1,0,1,3,2,,,2,1,0,0,0,0,1,2,0,1,,03,,N,,,,,,,,,,,0,0,0,0,0,0,0,0,0,0,0,0,0,0,0,0,0,0,0,0,0,0,0,0,0,0,0,0,0,0,0,0,0,0,0,0,0,0,0,0,0,0,0,0,0,1,0,0,0,0,0,0,0,0,0,1,0,0,1,1,1,0,0,0,0,0,0,0,0,0,0,0,0,0,0,0,0,0,0,0,0,1,0,0,0,0,0,0,0,0,0,0,0,0,0,0,0,0,0,1,1,0,0,0,0,0,1,0,0,1,0,0,0,0,0,0,0,0,0,0,0,1,0,0,1,0,0,0,0
-8365835.81498951,4867059.55270007,7212,2020105885,,1,0,0,0,0,0,0,0,0,4,0,,67,12,2020,2,40.00768,-75.15158,1419,6,0,0,0,0,0,1,1,0,,0,0,0,,,1,,1,,40 00:27.648,,0,75 09:05.687,3,0,0,0,67301,0,0,0,N,0,0,0,3,67301,0,,1,,1,N,N,N,0,,1,0,1,3,2,,,2,1,0,0,0,0,1,2,0,2,,03,,N,,,,,,,,,,,1,0,1,0,0,0,0,0,0,0,0,0,0,0,0,0,0,0,0,0,0,0,0,0,1,1,0,0,0,0,0,0,0,0,0,0,0,0,0,0,0,0,0,0,0,0,0,0,0,0,0,0,0,0,0,0,0,0,1,1,1,0,0,0,1,0,0,1,0,0,0,1,0,0,1,1,0,1,0,0,0,0,0,0,0,0,0,0,0,0,0,0,0,0,0,0,0,0,0,1,0,0,0,0,0,0,1,0,0,1,0,0,0,0,0,0,0,0,0,0,0,1,0,1,0,0,0,0,0
-8368359.42885197,4871662.9019935,7213,2020112967,,2,0,0,0,0,0,0,0,0,4,0,,67,12,2020,1,40.039347,-75.17425,2352,6,0,0,0,0,0,0,0,0,,0,0,0,,,0,N,0,,40 02:21.650,3,0,75 10:27.300,9,0,0,0,67301,0,0,0,N,0,0,0,1,67301,0,,1,130,1,N,N,N,0,,0,0,1,0,0,Y,,3,0,0,0,0,0,1,2,0,3,,03,,N,,,,,,,,,,,0,0,1,0,0,0,0,0,0,0,0,0,0,0,0,0,0,0,0,0,0,0,0,0,0,0,0,0,0,0,0,0,0,0,0,0,0,0,0,0,0,0,1,0,0,1,0,0,0,0,0,0,0,0,0,1,0,0,0,0,0,0,0,0,0,0,0,1,1,0,0,0,0,0,1,0,1,0,0,0,0,0,0,0,0,0,0,0,0,0,0,0,0,0,0,0,0,0,0,0,0,0,0,0,0,0,0,0,0,0,0,0,0,0,0,0,0,0,0,0,0,1,0,1,0,0,0,0,0