X,Y,objectid,crn,arrival_tm,automobile_count,belted_death_count,belted_susp_serious_inj_count,bicycle_count,bicycle_death_count,bicycle_susp_serious_inj_count,bus_count,chldpas_death_count,chldpas_susp_serious_inj_count,collision_type,comm_veh_count,cons_zone_spd_lim,county,crash_month,crash_year,day_of_week,dec_latitude,dec_longitude,dispatch_tm,district,driver_count_16yr,driver_count_17yr,driver_count_18yr,driver_count_19yr,driver_count_20yr,driver_count_50_64yr,driver_count_65_74yr,driver_count_75plus,est_hrs_closed,fatal_count,heavy_truck_count,horse_buggy_count,hour_of_day,illumination,injury_count,intersection_related_x,intersect_type,lane_closed,latitude,ln_close_dir,location_type,longitude,max_severity_level,mcycle_death_count,mcycle_susp_serious_inj_count,motorcycle_count,municipality,nonmotr_count,nonmotr_death_count,nonmotr_susp_serious_inj_count,ntfy_hiwy_maint,ped_count,ped_death_count,ped_susp_serious_inj_count,person_count,police_agcy,possible_inj_count,rdwy_surf_type_cd,relation_to_road,roadway_cleared,road_condition,sch_bus_ind,sch_zone_ind,secondary_crash,small_truck_count,spec_juris_cd,susp_minor_inj_count,susp_serious_inj_count,suv_count,tcd_func_cd,tcd_type,tfc_detour_ind,time_of_day,total_units,tot_inj_count,unbelted_occ_count,unb_death_count,unb_susp_serious_inj_count,unk_inj_deg_count,unk_inj_per_count,urban_rural,van_count,vehicle_count,weather1,weather2,workers_pres,work_zone_ind,work_zone_loc,work_zone_type,wz_close_detour,wz_flagger,wz_law_offcr_ind,wz_ln_closure,wz_moving,wz_other,wz_shlder_mdn,wz_workers_inj_killed,aggressive_driving,alcohol_related,angle_crash,atv,atv_route,backup_congestion,backup_nonrecurring,backup_prior,bicycle,cell_phone,child_passenger,comm_vehicle,core_network,cross_median,curved_road,curve_dvr_error,deer_related,distracted,drinking_driver,driver_16yr,driver_17yr,driver_18yr,driver_19yr,driver_20yr,driver_50_64yr,driver_65_74yr,driver_75plus,drugged_driver,drug_related,fatal,fatal_or_susp_serious_inj,fatigue_asleep,federal_aid_route,fire_in_vehicle,hazardous_truck,hit_barrier,hit_bridge,hit_deer,hit_embankment,hit_fixed_object,hit_gdrail,hit_gdrail_end,hit_parked_vehicle,hit_pole,hit_roadway_equipment,hit_run,hit_temp_construction_barrier,hit_traffic_island,hit_tree_shrub,hit_utility_pole,horse_buggy,ho_oppdir_sdswp,hvy_truck_related,icy_road,illegal_drug_related,illumination_dark,impaired_driver,impaired_nonmotorist,injury,injury_or_fatal,intersection,intersection_related_y,interstate,lane_departure,left_turn,limit_65mph,limit_70mph,local_road,local_road_only,marijuana_drugged_driver,marijuana_related,mature_driver,mc_drinking_driver,motorcycle,multiple_vehicle,nhtsa_agg_driving,non_intersection,no_clearance,opioid_related,other_freeway_expressway,overturned,pedestrian,phantom_vehicle,possible_injury,property_damage_only,psp_reported,ramp,ramp_segment,ramp_terminal,rear_end,roundabout,running_red_lt,running_stop_sign,rural,school_bus,school_bus_related,school_bus_unit,school_zone,shldr_related,signalized_int,single_vehicle,snowmobile,snow_slush_road,speeding,speeding_related,speed_change_lane,state_road,stop_controlled_int,sudden_deer,suspected_minor_injury,suspected_serious_injury,sv_run_off_rd,tailgating,train,train_trolley,trolley,turnpike,unbelted,underage_drnk_drv,unlicensed,unsignalized_int,urban,vehicle_failure,vehicle_towed,vulnerable_road_user,vulnerable_road_user_fatal,wet_road,work_zone,young_driver
-8362068.87368327,4870112.46576541,8750,2021013332,0800,0,0,0,0,0,0,0,0,0,4,0,,67,3,2020,5,40.028683,-75.117741,,6,0,0,0,0,0,0,0,0,,0,0,0,,,2,,1,,40 01:43.257,,0,75 07:03.868,8,0,0,0,67301,0,0,0,N,0,0,0,3,00000,0,,1,,1,,,N,0,,0,0,0,3,2,,,2,2,0,0,0,2,0,2,0,2,,,,N,,,,,,,,,,,0,0,1,0,0,0,0,0,0,0,0,0,0,0,0,0,0,0,0,0,0,0,0,0,0,0,0,0,0,0,0,0,0,0,0,0,0,0,0,0,0,0,0,0,0,0,0,0,0,0,0,0,0,0,0,0,0,0,1,1,1,0,0,0,0,0,0,1,1,0,0,0,0,0,1,0,0,0,0,0,0,0,0,0,0,0,0,0,0,0,0,0,0,0,0,0,0,0,0,1,0,0,0,0,0,0,0,0,0,0,0,0,0,0,0,0,0,0,0,0,0,1,0,1,0,0,0,0,0
-8374066.11243228,4857189.03901965,8751,2021010372,1810,0,0,0,0,0,0,0,0,0,4,0,,67,7,2020,5,39.93973,-75.225514,,6,0,0,0,0,0,1,0,0,,0,0,0,,,0,,1,,39 56:23.027,,0,75 13:31.850,0,0,0,0,67301,0,0,0,N,0,0,0,2,00000,0,,1,,1,,,N,0,,0,0,1,3,2,,,2,0,0,0,0,0,0,2,0,2,,,,N,,,,,,,,,,,0,0,1,0,0,0,0,0,0,0,0,0,0,0,0,0,0,0,0,0,0,0,0,0,1,0,0,0,0,0,0,0,0,0,0,0,0,0,0,0,0,0,0,0,0,0,0,0,0,0,0,0,0,0,0,0,0,0,0,0,1,0,0,0,0,0,0,1,1,0,0,0,0,0,1,0,0,0,0,0,0,0,0,0,1,0,0,0,0,0,0,0,0,0,0,0,0,0,0,1,0,0,0,0,0,0,0,0,0,0,0,0,0,0,0,0,0,0,0,0,0,1,0,1,0,0,0,0,0
-8367375.36392763,4864359.91109438,8752,2021023524,2230,2,0,0,0,0,0,0,0,0,4,0,,67,12,2020,3,39.989102,-75.16541,,6,0,0,0,0,0,0,0,0,,0,0,0,,,2,,1,,39 59:20.768,,0,75 09:55.475,8,0,0,0,67301,0,0,0,N,0,0,0,2,00000,0,,1,,1,,,N,0,,0,0,0,3,3,,,2,2,0,0,0,2,0,2,0,2,,,,N,,,,,,,,,,,0,0,1,0,0,0,0,0,0,0,0,0,0,0,0,0,0,0,0,0,0,0,0,0,0,0,0,0,0,0,0,0,0,0,0,0,0,0,0,0,0,0,0,0,0,0,0,0,0,0,0,0,0,0,0,1,0,0,1,1,1,0,0,0,0,0,0,1,0,0,0,0,0,0,1,0,0,0,0,0,0,0,0,0,0,0,0,0,0,0,0,0,0,0,0,0,0,0,0,0,0,0,0,0,0,0,1,1,0,0,0,0,0,0,0,0,0,0,0,0,1,1,0,1,0,0,0,0,0
-8361224.51510697,4871673.51661297,8753,2021004479,2300,2,0,0,0,0,0,0,0,0,1,0,,67,6,2020,2,40.03942,-75.110156,,6,0,0,0,0,0,1,0,0,,0,0,0,,,1,Y,0,,40 02:21.913,,0,75 06:36.561,8,0,0,0,67301,0,0,0,N,0,0,0,2,00000,0,,1,,1,,,N,0,,0,0,0,3,2,,,2,1,0,0,0,1,0,2,0,2,,,,N,,,,,,,,,,,1,0,0,0,0,0,0,0,0,0,0,0,0,0,0,0,0,0,0,0,0,0,0,0,1,0,0,0,0,0,0,0,0,0,0,0,0,0,0,0,0,0,0,0,0,0,0,0,0,0,0,0,0,0,0,1,0,0,1,1,0,0,0,0,0,0,0,0,0,0,0,0,0,0,1,0,1,0,0,0,0,0,0,0,0,0,0,0,0,1,0,0,0,0,0,0,0,0,0,0,0,0,0,0,0,0,1,0,0,0,0,0,0,0,0,0,0,0,0,0,0,1,0,0,0,0,0,0,0
-8365196.06163112,4866737.64395465,8754,2021005953,0010,0,0,0,0,0,0,0,0,0,4,0,,67,12,2020,3,40.005465,-75.145833,0008,6,0,0,0,1,0,1,0,0,,1,0,0,,,0,N,1,,40 00:19.674,6,0,75 08:44.998,1,0,0,0,67301,0,0,0,N,0,0,0,2,67301,0,2,1,100,1,N,N,N,0,0,0,0,1,0,0,N,,2,0,2,1,0,0,0,2,1,2,,03,,N,,,,,,,,,,,1,0,1,0,0,0,0,0,0,0,0,0,0,0,0,0,0,0,0,0,0,0,1,0,1,0,0,0,0,1,1,0,0,0,0,0,0,0,0,0,0,0,0,0,0,1,0,0,0,0,0,0,0,0,0,1,0,0,0,1,1,0,0,0,0,0,0,1,1,0,0,0,0,0,1,0,0,0,0,0,0,0,0,0,0,0,0,0,0,0,0,0,0,0,0,0,0,0,0,0,0,0,0,0,0,0,0,0,0,0,0,0,0,0,0,0,0,1,0,1,1,1,0,1,0,0,0,0,1
-8367567.05594074,4860599.10371786,8755,2021002723,1400,0,0,0,0,0,0,0,0,0,5,0,,67,5,2020,4,39.963213,-75.167132,,6,0,0,0,0,0,2,0,0,,0,0,0,,,0,N,0,,39 57:47.565,,0,75 10:01.676,0,0,0,0,67301,0,0,0,N,0,0,0,2,00000,0,,1,,1,,,N,0,,0,0,1,0,0,,,2,0,0,0,0,0,0,2,1,2,,,,N,,,,,,,,,,,1,0,0,0,0,0,0,0,0,0,0,0,0,0,0,0,0,0,0,0,0,0,0,0,1,0,0,0,0,0,0,0,0,0,0,0,0,0,0,0,0,0,0,0,0,0,0,0,0,0,0,0,0,0,0,0,0,0,0,0,0,0,0,0,0,0,0,0,0,0,0,0,0,0,1,0,1,0,0,0,0,0,0,0,1,0,0,0,0,0,0,0,0,0,0,0,0,0,0,0,0,0,0,0,0,0,1,0,0,0,0,0,0,0,0,0,0,0,0,0,0,1,0,1,0,0,0,0,0
-8364948.70983109,4869258.11350927,8756,2022079903,,2,0,0,0,0,0,0,0,0,3,0,,67,9,2020,5,40.022806,-75.143611,,6,0,0,0,0,0,0,0,0,,0,0,0,,,3,N,0,,40 01:22.100,,0,75 08:37.000,8,0,0,0,67301,0,0,0,N,0,0,0,4,00000,0,,1,,1,,,N,0,,0,0,0,0,0,,,2,3,0,0,0,3,0,2,0,2,,,,N,,,,,,,,,,,0,0,0,0,0,0,0,0,0,0,0,0,0,0,0,0,0,0,0,0,0,0,0,0,0,0,0,0,0,0,0,0,0,0,0,0,0,0,0,0,0,0,0,0,0,0,0,0,0,0,0,0,0,0,0,0,0,0,1,1,0,0,0,0,0,0,0,1,1,0,0,0,0,0,1,0,1,0,0,0,0,0,0,0,0,0,0,0,0,0,0,0,0,0,0,0,0,0,0,0,0,0,0,0,0,0,0,0,0,0,0,0,0,0,0,0,0,0,0,0,0,1,0,0,0,0,0,0,0
-8374832.65884805,4860727.05982431,8757,2021009357,1150,3,0,0,0,0,0,0,0,0,2,0,,67,11,2020,7,39.964094,-75.2324,1145,6,0,0,0,0,0,1,0,0,,0,0,0,,,0,N,0,,39 57:50.740,4,0,75 13:56.640,0,0,0,0,67301,0,0,0,N,0,0,0,4,67301,0,,4,210,1,N,N,N,0,,0,0,1,0,0,Y,,4,0,2,0,0,0,0,2,0,4,,03,,N,,,,,,,,,,,0,0,0,0,0,0,0,0,0,0,0,0,0,0,0,0,0,0,0,0,0,0,0,0,1,0,0,0,0,0,0,0,0,0,0,0,0,0,0,0,0,0,1,0,0,0,0,0,0,0,0,1,0,0,0,0,0,0,0,0,0,0,0,1,0,0,0,1,1,0,0,0,0,0,1,0,1,0,0,0,0,0,0,0,1,0,0,0,0,0,0,0,0,0,0,0,0,0,0,0,0,0,0,0,0,0,0,0,0,0,0,1,0,0,0,0,0,1,0,0,0,1,0,1,0,0,0,0,0
-8376030.90179437,4851920.35653755,8758,2022079286,,0,0,0,0,0,0,0,0,0,4,0,,67,7,2020,2,39.903432,-75.243164,,6,0,0,0,0,0,0,1,0,,0,0,0,,,1,,1,,39 54:12.355,,0,75 14:35.390,8,0,0,0,67301,0,0,0,N,0,0,0,2,00000,0,,1,,1,,,N,0,,0,0,1,3,2,,,2,1,0,0,0,1,0,2,0,2,,,,N,,,,,,,,,,,1,0,1,0,0,0,0,0,0,0,0,0,0,0,0,0,0,0,0,0,0,0,0,0,0,1,0,0,0,0,0,0,0,0,0,0,0,0,0,0,0,0,0,0,0,1,0,0,0,0,0,0,0,0,0,0,0,0,1,1,1,0,0,0,1,0,0,1,1,0,0,1,0,0,1,0,0,0,0,0,0,0,0,0,0,0,0,0,0,0,0,1,0,0,0,0,0,0,0,1,0,0,0,0,0,0,0,0,0,0,0,0,0,0,0,0,0,0,0,0,0,1,0,1,0,0,0,0,0
-8365442.41173165,4866045.61160222,8759,2022079285,,1,0,0,0,0,0,0,0,0,1,0,,67,9,2020,7,40.000703,-75.148046,,6,0,0,0,0,0,1,0,0,,0,0,0,,,1,N,0,,40 00:02.530,,0,75 08:52.965,8,0,0,0,67301,0,0,0,N,0,0,0,2,00000,0,,1,,1,,,N,0,,0,0,0,0,0,,,2,1,0,0,0,1,0,2,0,2,,,,N,,,,,,,,,,,1,0,0,0,0,0,0,0,0,0,0,0,0,0,0,0,0,0,0,0,0,0,0,0,1,0,0,0,0,0,0,0,0,0,0,0,0,0,0,0,0,0,0,0,0,0,0,0,0,0,0,0,0,0,0,0,0,0,1,1,0,0,0,0,0,0,0,1,1,0,0,0,0,0,1,0,1,0,0,0,0,0,0,0,0,0,0,0,0,1,0,0,0,0,0,0,0,0,0,0,0,0,0,0,0,0,0,0,0,0,0,0,1,0,0,0,0,0,0,0,0,1,0,0,0,0,0,0,0
-8367688.17186317,4864879.06058181,8760,2021026026,1915,1,0,0,0,0,0,0,0,0,1,0,,67,6,2020,2,39.992675,-75.16822,1912,6,0,0,0,0,0,0,0,0,,0,0,0,,,2,,1,,39 59:33.630,,0,75 10:05.591,4,0,0,0,67301,0,0,0,N,0,0,0,5,67301,2,,1,,1,N,N,N,0,,0,0,1,3,2,,,2,2,0,0,0,0,1,2,0,2,,,,N,,,,,,,,,,,0,0,0,0,0,0,0,0,0,0,0,0,0,0,0,0,0,0,0,0,0,0,0,0,0,0,0,0,0,0,0,0,0,0,0,0,0,0,0,0,0,0,0,0,0,1,0,0,0,0,0,0,0,0,0,0,0,0,1,1,1,0,0,0,0,0,0,1,1,0,0,0,0,0,1,0,0,0,0,0,0,0,0,1,0,0,0,0,0,1,0,0,0,0,0,0,0,0,0,1,0,0,0,0,0,0,0,0,0,0,0,0,0,0,0,0,0,0,0,0,0,1,0,0,0,0,0,0,0
-8356915.78145857,4868257.46561482,8761,2022075120,,1,0,0,0,0,0,0,0,0,4,0,,67,9,2020,3,40.015922,-75.07145,,6,0,0,0,0,0,0,0,0,,0,0,0,,,2,,1,,40 00:57.320,,0,75 04:17.220,8,0,0,0,67301,0,0,0,N,0,0,0,3,00000,0,,1,,1,,,N,0,,0,0,0,3,2,,,2,2,0,0,0,2,0,2,0,2,,,,N,,,,,,,,,,,0,0,1,0,0,0,0,0,0,0,0,0,0,0,0,0,0,0,0,0,0,0,0,0,0,0,0,0,0,0,0,0,0,0,0,0,0,0,0,0,0,0,0,0,0,1,0,0,0,0,0,0,0,0,0,0,0,0,1,1,1,0,0,0,0,0,0,1,0,0,0,0,0,0,1,0,0,0,0,0,0,0,0,0,0,0,0,0,0,0,0,0,0,0,0,0,0,0,0,1,0,0,0,0,0,0,1,0,0,0,0,0,0,0,0,0,0,0,0,0,0,1,0,0,0,0,0,0,0
-8353157.9683474,4870783.11937738,8762,2021026025,1944,1,0,0,0,0,0,0,0,0,1,0,,67,5,2020,6,40.033296,-75.037693,1931,6,0,0,0,0,0,1,0,0,,0,0,0,,,0,,1,,40 01:59.865,,0,75 02:15.694,0,0,0,0,67301,0,0,0,N,0,0,0,2,67301,0,,1,,1,N,N,N,0,,0,0,1,3,2,,,2,0,0,0,0,0,0,2,0,2,,03,,N,,,,,,,,,,,1,0,0,0,0,0,0,0,0,0,0,0,0,0,0,0,0,0,0,0,0,0,0,0,1,0,0,0,0,0,0,0,0,0,0,0,0,0,0,0,0,0,0,0,0,0,0,0,0,0,0,0,0,0,0,0,0,0,0,0,1,0,0,0,0,0,0,1,0,0,0,0,0,0,1,0,0,0,0,0,0,0,0,0,1,0,0,0,0,1,0,0,0,0,0,0,0,0,0,1,0,0,0,0,0,0,1,0,0,0,0,0,0,0,0,0,0,0,0,0,0,1,0,1,0,0,0,0,0
-8366382.83899085,4863717.58657975,8763,2022079887,,2,0,0,0,0,0,0,0,0,4,0,,67,12,2020,3,39.984681,-75.156494,,6,0,0,0,0,0,1,0,0,,0,0,0,,,3,,1,,39 59:04.850,,0,75 09:23.377,8,0,0,0,67301,0,0,0,N,0,0,0,4,00000,0,,1,,1,,,N,0,,0,0,0,3,2,,,2,3,1,0,0,3,0,2,0,2,,,,N,,,,,,,,,,,0,0,1,0,0,0,0,0,0,0,0,0,0,0,0,0,0,0,0,0,0,0,0,0,1,0,0,0,0,0,0,0,0,0,0,0,0,0,0,0,0,0,0,0,0,0,0,0,0,0,0,0,0,0,0,0,0,0,1,1,1,0,0,0,0,0,0,1,0,0,0,0,0,0,1,0,0,0,0,0,0,0,0,0,0,0,0,0,0,0,0,0,0,0,0,0,0,0,0,1,0,0,0,0,0,0,1,0,0,0,0,0,0,0,0,0,0,1,0,0,0,1,0,0,0,0,0,0,0
-8374791.35977904,4872532.58396853,8764,2022039033,1844,1,0,0,0,0,0,0,0,0,8,0,,67,2,2020,1,40.045328,-75.232029,1842,6,0,0,0,0,0,1,0,0,,0,0,0,,,2,,1,,40 02:43.180,,0,75 13:55.304,4,0,0,0,67301,2,0,0,N,2,0,0,3,67301,2,,1,,1,N,N,N,0,,0,0,0,3,2,,,3,2,0,0,0,0,0,2,0,1,,03,,N,,,,,,,,,,,1,0,0,0,0,0,0,0,0,0,0,0,0,0,0,0,0,0,0,0,0,0,0,0,1,0,0,0,0,0,0,0,0,0,0,0,0,0,0,0,0,0,0,0,0,0,0,0,0,0,0,0,0,0,0,1,0,0,1,1,1,0,0,0,1,0,0,1,0,0,0,0,0,0,0,0,0,0,0,0,0,1,0,1,0,0,0,0,0,0,0,0,0,0,0,0,0,0,0,1,1,0,0,0,0,0,1,0,0,0,0,0,0,0,0,0,0,0,0,0,0,1,0,0,1,0,0,0,0
-8351881.02256097,4881892.78937239,8765,2022079287,,1,0,0,0,0,0,0,0,0,4,0,,67,12,2020,7,40.109667,-75.026222,,6,0,0,0,0,0,1,0,0,,0,0,0,,,1,N,0,,40 06:34.800,,7,75 01:34.400,8,0,0,0,67301,0,0,0,N,0,0,0,2,00000,0,,1,,1,N,N,N,0,,0,0,0,0,0,,,2,1,0,0,0,1,0,2,0,2,,03,,N,,,,,,,,,,,1,0,1,0,0,0,0,0,0,0,0,0,0,0,0,0,0,0,0,0,0,0,0,0,1,0,0,0,0,0,0,0,0,0,0,0,0,0,0,0,0,0,0,0,0,1,0,0,0,0,0,0,0,0,0,0,0,0,1,1,0,0,0,0,1,0,0,1,1,0,0,0,0,0,1,0,1,0,0,0,0,0,0,0,0,0,0,0,0,0,0,0,0,0,0,0,0,0,0,0,0,0,0,0,0,0,0,0,0,0,0,0,0,0,0,0,0,0,0,0,0,1,0,0,0,0,0,0,0
-8369349.17058566,4867748.16738345,8766,2023056124,0858,1,0,0,0,0,0,0,0,0,1,0,,67,10,2020,6,40.012418,-75.183141,0852,6,0,0,0,0,0,0,0,0,,0,0,0,,,1,N,0,,40 00:44.704,,0,75 10:59.307,3,0,0,0,67301,0,0,0,N,0,0,0,2,67301,0,,1,,9,N,N,N,0,,1,0,1,0,0,,,2,1,0,0,0,0,0,2,0,2,,07,,N,,,,,,,,,,,0,0,0,0,0,0,0,0,0,0,0,0,0,0,0,0,0,0,0,0,0,0,0,0,0,0,0,0,0,0,0,0,0,0,0,0,0,0,0,0,0,0,0,0,0,0,0,0,0,0,0,0,0,0,0,0,0,0,1,1,0,0,0,0,0,0,0,0,0,0,0,0,0,0,1,0,1,0,0,0,0,0,0,0,0,0,0,0,0,1,0,0,0,0,0,0,0,0,0,0,0,0,0,0,1,0,1,0,0,1,0,0,0,0,0,0,0,0,0,0,0,1,0,0,0,0,1,0,0
-8360567.95229155,4866166.66313976,8767,2023051422,1628,1,0,0,0,0,0,0,0,0,2,0,,67,10,2020,6,40.001536,-75.104258,1628,6,0,0,0,0,0,0,0,0,,0,0,0,,,0,,5,,40 00:05.531,,0,75 06:15.328,0,0,0,0,67301,0,0,0,N,0,0,0,2,67301,0,,1,,1,N,N,N,0,,0,0,0,9,2,,,2,0,2,0,0,0,0,2,1,2,,03,,N,,,,,,,,,,,1,0,0,0,0,0,0,0,0,0,0,0,0,0,1,0,0,0,0,0,0,0,0,0,0,0,0,0,0,0,0,0,0,0,0,0,0,0,0,0,0,0,0,0,0,0,0,0,0,0,0,1,0,0,0,0,0,0,0,0,1,0,0,0,0,0,0,1,1,0,0,0,0,0,1,0,0,0,0,0,0,0,0,0,1,0,0,0,0,0,0,1,0,0,0,0,0,0,0,1,0,0,0,0,0,0,0,0,0,0,0,0,0,0,0,0,0,1,0,0,0,1,0,1,0,0,0,0,0
-8371421.16127787,4876404.25820311,8768,2023118219,1220,1,0,0,0,0,0,0,0,0,4,1,,67,6,2020,3,40.071948,-75.201754,1217,6,0,0,0,0,0,0,0,0,,0,1,0,,,1,N,0,,40 04:19.012,5,0,75 12:06.315,4,0,0,0,67301,0,0,0,N,0,0,0,2,67301,1,,1,1300,1,N,N,N,0,,0,0,0,0,0,Y,,2,1,0,0,0,0,0,2,0,2,,03,,N,,,,,,,,,,,0,1,1,0,0,0,0,0,0,0,0,1,0,0,0,0,0,0,1,0,0,0,0,0,0,0,0,1,1,0,0,1,0,0,0,0,0,0,0,0,0,0,0,0,0,0,0,0,0,0,0,0,1,0,1,0,1,0,1,1,0,0,0,0,0,0,0,0,0,0,0,0,0,0,1,0,1,0,0,0,0,0,0,1,0,0,0,0,0,0,0,0,0,0,0,0,0,0,0,0,0,0,0,0,0,0,1,0,0,0,0,0,0,0,0,0,0,0,0,0,0,1,0,1,0,0,0,0,0
-8368593.53359773,4867750.05689468,8769,2023112011,1125,0,0,0,0,0,0,0,0,0,4,1,,67,5,2020,2,40.012431,-75.176353,1119,6,0,0,0,0,0,0,0,1,,0,1,0,,,3,N,0,,40 00:44.750,1,0,75 10:34.870,8,0,0,0,67301,0,0,0,N,0,0,0,3,67301,0,,1,1230,1,N,N,N,0,,0,0,0,0,0,Y,,2,3,0,0,0,3,0,2,1,2,,03,,N,,,,,,,,,,,0,0,1,0,0,0,0,0,0,0,0,1,0,0,0,0,0,0,0,0,0,0,0,0,0,0,1,0,0,0,0,0,0,0,0,0,0,0,0,0,0,0,1,0,0,0,0,0,0,0,0,0,1,0,0,0,0,0,1,1,0,0,0,0,0,0,0,1,1,0,0,1,0,0,1,0,1,0,0,0,0,0,0,0,0,0,0,0,0,0,0,0,0,0,0,0,0,0,0,0,0,0,0,0,0,0,0,0,0,0,0,0,0,0,0,0,0,0,0,0,0,1,0,1,0,0,0,0,0
-8366428.81399958,4864648.1789103,8770,2023118220,1655,1,0,0,0,0,0,0,0,0,4,1,,67,6,2020,3,39.991086,-75.156907,1655,6,0,0,0,0,0,0,0,0,,0,1,0,,,1,,1,,39 59:27.909,,0,75 09:24.865,4,0,0,0,67301,0,0,0,N,0,0,0,2,67301,1,,1,,1,N,N,N,0,,0,0,0,3,3,,,2,1,0,0,0,0,1,2,0,2,,03,,N,,,,,,,,,,,1,0,1,0,0,0,0,0,0,0,0,1,0,0,0,0,0,0,0,0,0,0,0,0,0,0,0,0,0,0,0,0,0,0,0,0,0,0,0,0,0,0,0,0,0,1,0,0,0,0,0,0,1,0,0,0,0,0,1,1,1,0,0,0,0,0,0,1,1,0,0,0,0,0,1,0,0,1,0,0,0,0,0,1,0,0,0,0,0,0,0,0,0,0,0,0,0,0,0,0,0,0,0,0,0,0,0,1,0,0,0,0,0,0,0,0,0,0,0,0,1,1,0,1,0,0,0,0,0
-8375270.81239921,4859293.48966417,8771,2024012983,1341,1,0,0,0,0,0,0,0,0,1,0,,67,9,2020,5,39.954223,-75.236336,1341,6,0,0,0,0,0,0,0,0,,0,0,0,,,1,,1,,39 57:15.202,,0,75 14:10.809,8,0,0,0,67301,0,0,0,N,0,0,0,2,67301,0,,1,,1,N,N,N,0,,0,0,0,3,7,,,2,1,0,0,0,1,0,2,1,2,,03,,N,,,,,,,,,,,1,0,0,0,0,0,0,0,0,0,0,0,0,0,0,0,0,0,0,0,0,0,0,0,0,0,0,0,0,0,0,0,0,0,0,0,0,0,0,0,0,0,0,0,0,1,0,0,0,0,0,0,0,0,0,0,0,0,1,1,1,0,0,0,0,0,0,1,1,0,0,0,0,0,1,0,0,0,0,0,0,0,0,0,0,0,0,0,0,1,0,0,0,0,0,0,0,0,0,0,0,0,0,0,0,0,0,0,0,0,0,0,0,0,0,0,0,0,0,0,1,1,0,1,0,0,0,0,0
-8374574.84281244,4861245.00263435,8772,2024013105,1146,2,0,0,0,0,0,0,0,0,4,0,,67,6,2020,5,39.96766,-75.230084,1146,6,0,0,0,0,0,0,0,0,,0,0,0,,,1,,1,,39 58:03.575,,0,75 13:48.302,8,0,0,0,67301,0,0,0,N,0,0,0,3,67301,0,,1,,1,N,N,N,0,,0,0,0,3,3,,,3,1,0,0,0,1,2,2,0,3,,03,,N,,,,,,,,,,,1,0,1,0,0,0,0,0,0,0,0,0,0,0,0,0,0,0,0,0,0,0,0,0,0,0,0,0,0,0,0,0,0,0,0,0,0,0,0,0,0,0,0,0,0,1,0,0,0,0,0,0,0,0,0,0,0,0,1,1,1,0,0,0,0,0,0,1,1,0,0,0,0,0,1,0,0,0,0,0,0,0,0,0,0,0,0,0,0,0,0,0,1,0,0,0,0,0,0,0,0,0,0,0,0,0,0,1,0,0,0,0,0,0,0,0,0,0,0,0,1,1,0,1,0,0,0,0,0
-8376842.64435031,4863313.99323489,8773,2024015322,0820,2,0,0,0,0,0,0,0,0,5,0,,67,1,2020,3,39.981903,-75.250456,0815,6,0,0,0,0,0,0,0,0,,0,0,0,,,0,N,0,,39 58:54.850,,0,75 15:01.640,0,0,0,0,67301,0,0,0,N,0,0,0,2,67301,0,,1,,1,N,Y,N,0,,0,0,0,0,0,,,2,0,0,0,0,0,0,2,0,2,,03,,N,,,,,,,,,,,0,0,0,0,0,0,0,0,0,0,1,0,0,0,0,0,0,1,0,0,0,0,0,0,0,0,0,0,0,0,0,0,0,0,0,0,0,0,0,0,0,0,1,0,0,0,0,0,0,0,0,0,0,0,0,0,0,0,0,0,0,0,0,0,0,0,0,1,1,0,0,0,0,0,1,0,1,0,0,0,0,0,0,0,1,0,0,0,0,0,0,0,0,0,0,0,0,1,0,0,0,0,0,0,0,0,0,0,0,0,0,0,0,0,0,0,0,0,0,0,0,1,0,1,0,0,0,0,0
-8376312.54054115,4859700.84006801,8774,2021045672,1800,0,0,0,0,0,0,0,0,0,1,1,,67,1,2020,4,39.957028,-75.245694,1731,6,0,0,0,0,0,0,0,0,,0,1,0,,,1,N,0,,39 57:25.300,,0,75 14:44.500,3,0,0,0,67301,0,0,0,N,0,0,0,2,67301,0,,6,,1,N,N,N,0,,1,0,1,0,0,,,2,1,0,0,0,0,1,2,0,2,,03,,N,,,,,,,,,,,1,0,0,0,0,0,0,0,0,0,0,1,0,0,0,0,0,0,0,0,0,0,0,0,0,0,0,0,0,0,0,0,0,0,0,0,0,0,0,0,0,0,1,0,0,1,0,0,0,0,0,0,1,0,0,0,0,0,1,1,0,0,0,0,0,0,0,1,1,0,0,0,0,0,1,0,1,0,0,0,0,0,0,0,0,0,0,0,0,1,0,0,0,0,0,0,0,0,0,0,0,0,0,0,0,0,0,0,0,1,0,0,0,0,0,0,0,0,0,0,0,1,1,0,0,0,0,0,0
-8365800.52642885,4860791.692677,8775,2021001870,,2,0,0,0,0,0,0,0,0,4,0,,67,4,2020,5,39.964539,-75.151263,,6,0,0,0,0,0,0,0,0,,0,0,0,,,1,,1,,39 57:52.340,,0,75 09:04.546,8,0,0,0,67301,0,0,0,N,0,0,0,2,00000,0,,1,,1,,,N,0,,0,0,0,3,3,,,2,1,0,0,0,1,0,2,0,2,,,,N,,,,,,,,,,,0,0,1,0,0,0,0,0,0,0,0,0,0,0,0,0,0,0,0,0,0,0,0,0,0,0,0,0,0,0,0,0,0,0,0,0,0,0,0,0,0,0,0,0,0,0,0,0,0,0,0,0,0,0,0,0,0,0,1,1,1,0,0,0,0,0,0,1,1,0,0,0,0,0,1,0,0,0,0,0,0,0,0,0,0,0,0,0,0,0,0,0,0,0,0,0,0,0,0,0,0,0,0,0,0,0,0,1,0,0,0,0,0,0,0,0,0,0,0,0,1,1,0,0,0,0,0,0,0