X,Y,objectid,crn,arrival_tm,automobile_count,belted_death_count,belted_susp_serious_inj_count,bicycle_count,bicycle_death_count,bicycle_susp_serious_inj_count,bus_count,chldpas_death_count,chldpas_susp_serious_inj_count,collision_type,comm_veh_count,cons_zone_spd_lim,county,crash_month,crash_year,day_of_week,dec_latitude,dec_longitude,dispatch_tm,district,driver_count_16yr,driver_count_17yr,driver_count_18yr,driver_count_19yr,driver_count_20yr,driver_count_50_64yr,driver_count_65_74yr,driver_count_75plus,est_hrs_closed,fatal_count,heavy_truck_count,horse_buggy_count,hour_of_day,illumination,injury_count,intersection_related_x,intersect_type,lane_closed,latitude,ln_close_dir,location_type,longitude,max_severity_level,mcycle_death_count,mcycle_susp_serious_inj_count,motorcycle_count,municipality,nonmotr_count,nonmotr_death_count,nonmotr_susp_serious_inj_count,ntfy_hiwy_maint,ped_count,ped_death_count,ped_susp_serious_inj_count,person_count,police_agcy,possible_inj_count,rdwy_surf_type_cd,relation_to_road,roadway_cleared,road_condition,sch_bus_ind,sch_zone_ind,secondary_crash,small_truck_count,spec_juris_cd,susp_minor_inj_count,susp_serious_inj_count,suv_count,tcd_func_cd,tcd_type,tfc_detour_ind,time_of_day,total_units,tot_inj_count,unbelted_occ_count,unb_death_count,unb_susp_serious_inj_count,unk_inj_deg_count,unk_inj_per_count,urban_rural,van_count,vehicle_count,weather1,weather2,workers_pres,work_zone_ind,work_zone_loc,work_zone_type,wz_close_detour,wz_flagger,wz_law_offcr_ind,wz_ln_closure,wz_moving,wz_other,wz_shlder_mdn,wz_workers_inj_killed,aggressive_driving,alcohol_related,angle_crash,atv,atv_route,backup_congestion,backup_nonrecurring,backup_prior,bicycle,cell_phone,child_passenger,comm_vehicle,core_network,cross_median,curved_road,curve_dvr_error,deer_related,distracted,drinking_driver,driver_16yr,driver_17yr,driver_18yr,driver_19yr,driver_20yr,driver_50_64yr,driver_65_74yr,driver_75plus,drugged_driver,drug_related,fatal,fatal_or_susp_serious_inj,fatigue_asleep,federal_aid_route,fire_in_vehicle,hazardous_truck,hit_barrier,hit_bridge,hit_deer,hit_embankment,hit_fixed_object,hit_gdrail,hit_gdrail_end,hit_parked_vehicle,hit_pole,hit_roadway_equipment,hit_run,hit_temp_construction_barrier,hit_traffic_island,hit_tree_shrub,hit_utility_pole,horse_buggy,ho_oppdir_sdswp,hvy_truck_related,icy_road,illegal_drug_related,illumination_dark,impaired_driver,impaired_nonmotorist,injury,injury_or_fatal,intersection,intersection_related_y,interstate,lane_departure,left_turn,limit_65mph,limit_70mph,local_road,local_road_only,marijuana_drugged_driver,marijuana_related,mature_driver,mc_drinking_driver,motorcycle,multiple_vehicle,nhtsa_agg_driving,non_intersection,no_clearance,opioid_related,other_freeway_expressway,overturned,pedestrian,phantom_vehicle,possible_injury,property_damage_only,psp_reported,ramp,ramp_segment,ramp_terminal,rear_end,roundabout,running_red_lt,running_stop_sign,rural,school_bus,school_bus_related,school_bus_unit,school_zone,shldr_related,signalized_int,single_vehicle,snowmobile,snow_slush_road,speeding,speeding_related,speed_change_lane,state_road,stop_controlled_int,sudden_deer,suspected_minor_injury,suspected_serious_injury,sv_run_off_rd,tailgating,train,train_trolley,trolley,turnpike,unbelted,underage_drnk_drv,unlicensed,unsignalized_int,urban,vehicle_failure,vehicle_towed,vulnerable_road_user,vulnerable_road_user_fatal,wet_road,work_zone,young_driver
-8366573.3062556,4854745.36932627,14234,2021121433,1710,1,0,0,0,0,0,0,0,0,4,0,,67,12,2021,7,39.922897,-75.158205,1705,6,0,0,0,0,0,1,0,0,,0,0,0,,,0,,1,,39 55:22.430,,0,75 09:29.537,0,0,0,0,67301,0,0,0,N,0,0,0,2,67301,0,,1,,9,N,N,N,0,,0,0,0,,2,,,2,0,0,0,0,0,0,2,1,2,,,,N,,,,,,,,,,,0,0,1,0,0,0,0,0,0,0,0,0,0,0,0,0,0,0,0,0,0,0,0,0,1,0,0,0,0,0,0,0,0,0,0,0,0,0,0,0,0,0,0,0,0,0,0,0,0,0,0,0,0,0,0,1,0,0,0,0,1,0,0,0,0,0,0,1,0,0,0,0,0,0,1,0,0,0,0,0,0,0,0,0,1,0,0,0,0,0,0,0,0,0,0,0,0,0,0,1,0,0,0,0,0,0,1,0,0,0,0,0,0,0,0,0,0,0,0,0,0,1,0,1,0,0,1,0,0
-8376506.90409965,4851762.76575838,14235,2021113460,1610,1,0,0,0,0,0,0,0,0,4,0,,67,11,2021,7,39.902346,-75.24744,1601,6,0,0,0,0,0,0,0,0,,0,0,0,,,1,,1,,39 54:08.446,4,0,75 14:50.783,3,0,0,0,67301,0,0,0,N,0,0,0,3,67301,0,,1,30,1,N,N,N,0,,1,0,1,,2,Y,,2,1,0,0,0,0,0,2,0,2,,03,,N,,,,,,,,,,,0,0,1,0,0,0,0,0,0,0,0,0,0,0,0,0,0,0,0,0,0,0,0,0,0,0,0,0,0,0,0,0,0,0,0,0,0,0,0,0,0,0,0,0,0,0,0,0,0,0,0,0,0,0,0,0,0,0,1,1,1,0,0,0,0,0,0,1,1,0,0,0,0,0,1,0,0,0,0,0,0,0,0,0,0,0,0,0,0,0,0,0,0,0,0,0,0,0,0,1,0,0,0,0,0,0,0,0,0,1,0,0,0,0,0,0,0,0,0,0,0,1,0,1,0,0,0,0,0
-8361471.53322048,4872854.6816461,14236,2021125540,0404,0,0,0,0,0,0,0,0,0,7,0,,67,12,2021,4,40.047543,-75.112375,0358,6,0,0,0,0,0,1,0,0,,0,0,0,,,0,,3,,40 02:51.156,,0,75 06:44.551,0,0,0,0,67301,0,0,0,N,0,0,0,1,46102,0,,5,,9,N,N,N,0,,0,0,1,,2,,,1,0,0,0,0,0,0,2,0,1,,,,N,,,,,,,,,,,0,0,0,0,0,0,0,0,0,0,0,0,0,0,1,0,0,0,0,0,0,0,0,0,1,0,0,0,0,0,0,0,0,0,0,0,0,0,0,1,0,0,0,1,0,0,0,0,0,0,0,0,0,0,0,1,0,0,0,0,1,0,0,0,1,0,0,1,0,0,0,0,0,0,0,0,0,0,0,0,0,0,0,0,1,0,0,0,0,0,0,0,0,0,0,0,0,0,0,1,1,0,0,0,0,0,1,0,0,0,0,1,0,0,0,0,0,0,0,0,0,1,0,1,0,0,1,0,0
-8375313.22472852,4850640.54839751,14237,2021104775,0455,0,0,0,0,0,0,0,0,0,0,0,,67,10,2021,1,39.894612,-75.236717,0455,6,0,0,0,0,0,0,0,0,,0,0,0,,,1,,1,,39 53:40.603,3,0,75 14:12.181,3,0,0,0,67301,0,0,0,N,0,0,0,2,67301,0,,1,630,9,N,N,N,0,,1,0,1,,2,N,,1,1,1,0,0,0,0,2,0,1,,07,,N,,,,,,,,,,,0,0,0,0,0,0,0,0,0,0,0,0,0,0,0,0,0,0,0,0,0,0,0,0,0,0,0,0,0,0,0,0,0,0,0,0,0,0,0,0,0,0,0,0,0,0,0,0,0,0,0,0,0,0,0,1,0,0,1,1,1,0,0,0,1,0,0,0,0,0,0,0,0,0,0,0,0,0,0,0,1,0,0,0,0,0,0,0,0,0,0,0,0,0,0,0,0,0,0,1,1,0,0,0,0,0,1,0,0,1,0,1,0,0,0,0,0,1,0,0,0,1,0,1,0,0,1,0,0
-8352081.06336929,4874618.62145991,14238,2021122873,0147,3,0,0,0,0,0,0,0,0,6,0,,67,12,2021,4,40.059672,-75.028019,0145,6,0,0,0,0,0,0,0,0,,0,0,0,,,1,N,0,,40 03:34.820,2,0,75 01:40.870,3,0,0,0,67301,0,0,0,N,0,0,0,1,67301,0,,6,30,1,N,N,N,0,,1,0,1,,0,N,,4,1,0,0,0,0,0,2,0,4,,03,,N,,,,,,,,,,,0,0,0,0,0,0,0,0,0,0,0,0,0,1,1,0,0,0,0,0,0,0,0,0,0,0,0,0,0,0,0,0,0,0,0,0,0,0,0,0,0,0,1,0,0,0,0,0,0,0,0,1,0,0,0,1,0,0,1,1,0,0,0,1,0,0,0,1,1,0,0,0,0,0,1,0,1,0,0,0,0,0,0,0,0,0,0,0,0,0,0,0,0,0,0,0,0,0,0,0,0,0,0,0,0,0,0,0,0,1,0,0,0,0,0,0,0,0,0,0,0,1,0,1,0,0,0,0,0
-8356126.63783121,4879146.90698638,14239,2021103487,0740,1,0,0,0,0,0,0,0,0,2,0,,67,10,2021,3,40.090799,-75.064361,0733,6,0,0,0,0,0,0,1,0,,0,0,0,,,0,,2,,40 05:26.876,,0,75 03:51.699,0,0,0,0,67301,0,0,0,N,0,0,0,3,67301,0,,1,,9,N,N,N,0,,0,0,1,,3,,,2,0,0,0,0,0,0,2,0,2,,07,,N,,,,,,,,,,,0,0,0,0,0,0,0,0,0,0,0,0,0,0,0,0,0,0,0,0,0,0,0,0,0,1,0,0,0,0,0,0,0,0,0,0,0,0,0,0,0,0,0,0,0,0,0,0,0,0,0,1,0,0,0,0,0,0,0,0,1,0,0,0,0,0,0,1,1,0,0,1,0,0,1,0,0,0,0,0,0,0,0,0,1,0,0,0,0,0,0,0,0,0,0,0,0,0,0,0,0,0,0,0,0,0,0,1,0,0,0,0,0,0,0,0,0,0,0,0,1,1,0,1,0,0,1,0,0
-8365337.99373147,4859812.81048519,14240,2021121609,0914,0,0,0,0,0,0,0,0,0,4,0,,67,11,2021,2,39.957799,-75.147108,0913,6,0,0,0,0,0,0,0,0,,0,0,0,,,1,,1,,39 57:28.076,,0,75 08:49.588,3,0,0,0,67301,0,0,0,N,0,0,0,2,67301,0,,1,,1,N,N,N,0,,1,0,1,,2,,,2,1,0,0,0,0,0,2,1,2,,03,,N,,,,,,,,,,,0,0,1,0,0,0,0,0,0,1,0,0,0,0,0,0,0,1,0,0,0,0,0,0,0,0,0,0,0,0,0,0,0,0,0,0,0,0,0,0,0,0,0,0,0,0,0,0,0,0,0,0,0,0,0,0,0,0,1,1,1,0,0,0,0,0,0,1,1,0,0,0,0,0,1,0,0,0,0,0,0,0,0,0,0,0,0,0,0,0,0,0,0,0,0,0,0,0,0,1,0,0,0,0,0,0,0,0,0,1,0,0,0,0,0,0,0,0,0,0,0,1,0,1,0,0,0,0,0
-8375349.07022605,4864990.07131014,14241,2021104594,1605,2,0,0,0,0,0,0,0,0,6,0,,67,10,2021,3,39.993439,-75.237039,1605,6,0,0,0,0,0,0,0,0,,0,0,0,,,3,N,0,,39 59:36.380,5,0,75 14:13.340,3,0,0,0,67301,0,0,0,N,0,0,0,3,67301,0,,6,1856,9,N,N,N,0,,3,0,3,,0,Y,,5,3,0,0,0,0,0,2,0,5,,04,,N,,,,,,,,,,,0,0,0,0,0,0,0,0,0,0,0,0,0,0,1,0,0,0,0,0,0,0,0,0,0,0,0,0,0,0,0,0,0,0,0,0,0,0,0,0,0,0,1,0,0,0,0,0,0,0,0,1,0,0,0,0,0,0,1,1,0,0,0,0,0,0,0,1,1,0,0,0,0,0,1,0,1,0,0,0,0,0,0,0,0,0,0,0,0,0,0,0,0,0,0,0,0,0,0,0,0,0,0,0,0,0,0,0,0,1,0,0,0,0,0,0,0,0,0,0,0,1,0,1,0,0,1,0,0
-8365329.42241824,4864386.20938626,14242,2021122972,1700,0,0,0,0,0,0,0,0,0,5,0,,67,12,2021,4,39.989283,-75.147031,1700,6,0,0,0,0,0,0,0,0,,0,0,0,,,1,N,0,,39 59:21.420,,0,75 08:49.310,3,0,0,0,67301,0,0,0,N,0,0,0,2,67301,0,,6,,1,N,N,N,0,,1,0,1,,0,,,2,1,0,0,0,0,0,2,0,2,,03,,N,,,,,,,,,,,0,0,0,0,0,0,0,0,0,0,0,0,0,0,0,0,0,0,0,0,0,0,0,0,0,0,0,0,0,0,0,0,0,0,0,0,0,0,0,0,0,0,1,0,0,1,0,0,0,0,0,0,0,0,0,0,0,0,1,1,0,0,0,0,0,0,0,1,1,0,0,0,0,0,1,0,1,0,0,0,0,0,0,0,0,0,0,0,0,0,0,0,0,0,0,0,0,0,0,0,0,0,0,0,0,0,0,0,0,1,0,0,0,0,0,0,0,0,0,0,0,1,0,0,0,0,0,0,0
-8367791.36503459,4865336.48102723,14243,2021104497,0517,1,0,0,0,0,0,0,0,0,4,0,,67,10,2021,1,39.995823,-75.169147,0515,6,0,0,0,0,0,0,0,0,,0,0,0,,,0,,1,,39 59:44.961,,0,75 10:08.930,0,0,0,0,67301,0,0,0,N,0,0,0,2,67301,0,,1,,9,N,N,N,1,,0,0,0,,2,,,2,0,0,0,0,0,0,2,0,2,,03,,N,,,,,,,,,,,0,0,1,0,0,0,0,0,0,0,0,0,0,0,0,0,0,0,0,0,0,0,0,0,0,0,0,0,0,0,0,0,0,0,0,0,0,0,0,0,0,0,0,0,0,1,0,0,0,0,0,0,0,0,0,1,0,0,0,0,1,0,0,0,0,0,0,1,0,0,0,0,0,0,1,0,0,0,0,0,0,0,0,0,1,0,0,0,0,0,0,0,0,0,0,0,0,0,0,1,0,0,0,0,0,0,1,0,0,0,0,0,0,0,0,0,0,0,0,0,0,1,0,1,0,0,1,0,0
-8356801.23364465,4867858.62984835,14244,2021103589,0118,2,0,0,0,0,0,0,0,0,5,0,,67,10,2021,5,40.013178,-75.070421,0112,6,0,0,0,0,0,0,0,0,,0,0,0,,,0,,1,,40 00:47.439,,0,75 04:13.514,0,0,0,0,67301,0,0,0,N,0,0,0,2,67301,0,,1,,1,N,N,N,0,,0,0,0,,2,,,2,0,0,0,0,0,0,2,0,2,,,,N,,,,,,,,,,,1,0,0,0,0,0,0,0,0,0,0,0,0,0,0,0,0,0,0,0,0,0,0,0,0,0,0,1,1,0,0,0,0,0,0,0,0,0,0,0,0,0,0,0,0,0,0,0,0,0,0,0,0,0,1,1,1,0,0,0,1,0,0,0,0,0,0,0,0,0,0,0,0,0,1,0,0,0,0,0,0,0,0,0,1,0,0,0,0,0,0,0,0,0,0,0,0,0,0,1,0,0,0,0,0,0,1,0,0,0,0,0,0,0,0,0,0,0,0,0,0,1,0,1,0,0,0,0,0
-8365864.08998918,4864329.39941984,14245,2021123217,1158,0,0,0,0,0,0,0,0,0,4,0,,67,12,2021,4,39.988892,-75.151834,1157,6,0,0,0,0,0,0,0,0,,0,0,0,,,1,,1,,39 59:20.011,,1,75 09:06.602,3,0,0,0,67301,0,0,0,N,0,0,0,2,67301,0,,1,,1,N,N,N,1,,1,0,0,,3,,,2,1,0,0,0,0,0,2,1,2,,03,,N,,,,,,,,,,,1,0,1,0,0,0,0,0,0,0,0,0,0,0,0,0,0,0,0,0,0,0,0,0,0,0,0,0,0,0,0,0,0,0,0,0,0,0,0,0,0,0,0,0,0,1,0,0,0,0,0,0,0,0,0,0,0,0,1,1,1,0,0,0,0,0,0,1,1,0,0,0,0,0,1,0,0,0,0,0,0,0,0,0,0,0,0,0,0,0,0,0,1,0,0,0,0,0,0,0,0,0,0,0,0,0,0,1,0,1,0,0,0,0,0,0,0,0,0,0,1,1,0,1,0,0,0,0,0
-8366427.70059686,4859865.9638949,14246,2021104424,0050,2,0,0,0,0,0,0,0,0,1,0,,67,10,2021,1,39.958165,-75.156897,0050,6,0,0,0,0,0,0,0,0,,0,0,0,,,2,,1,,39 57:29.393,,0,75 09:24.829,4,0,0,0,67301,0,0,0,N,0,0,0,3,67301,2,,1,,9,N,N,N,0,,0,0,0,,3,,,2,2,0,0,0,0,0,2,0,2,,,,N,,,,,,,,,,,0,0,0,0,0,0,0,0,0,0,0,0,0,0,0,0,0,0,0,0,0,0,0,0,0,0,0,0,0,0,0,0,0,0,0,0,0,0,0,0,0,0,0,0,0,0,0,0,0,0,0,0,0,0,0,1,0,0,1,1,1,0,0,0,0,0,0,1,1,0,0,0,0,0,1,0,0,0,0,0,0,0,0,1,0,0,0,0,0,1,0,0,0,0,0,0,0,0,0,0,0,0,0,0,0,0,0,1,0,0,0,0,0,0,0,0,0,0,0,0,1,1,0,0,0,0,1,0,0
-8369199.11153521,4859129.39271058,14247,2021120521,0102,2,0,0,0,0,0,0,0,0,1,0,,67,12,2021,5,39.953093,-75.181793,0044,6,0,0,0,0,0,0,0,0,,0,0,0,,,0,,1,,39 57:11.135,,8,75 10:54.456,0,0,0,0,67301,0,0,0,N,0,0,0,2,67301,0,,1,,1,N,N,N,0,,0,0,0,,2,,,2,0,0,0,0,0,0,2,0,2,,03,,N,,,,,,,,,,,1,0,0,0,0,0,0,0,0,0,0,0,0,0,0,0,0,0,0,0,0,0,0,0,0,0,0,0,0,0,0,0,0,0,0,0,0,0,0,0,0,0,0,0,0,0,0,0,0,0,0,0,0,0,0,1,0,0,0,0,1,0,0,0,0,0,0,0,0,0,0,0,0,0,1,0,0,0,0,0,0,0,0,0,1,0,1,0,1,1,0,0,0,0,0,0,0,0,0,1,0,0,0,0,0,0,1,0,0,0,0,0,0,0,0,0,0,0,0,0,0,1,0,1,0,0,0,0,0
-8367550.35797739,4857931.8553718,14248,2021122541,0525,0,0,0,0,0,0,0,0,0,4,0,,67,12,2021,1,39.944846,-75.166982,0514,6,0,0,0,0,0,0,0,0,,0,0,0,,,1,,1,,39 56:41.445,,0,75 10:01.135,4,0,0,0,67301,0,0,0,N,0,0,0,4,67301,1,,1,,1,N,N,N,0,,0,0,1,,2,,,2,1,0,0,0,0,0,2,1,2,,,,N,,,,,,,,,,,1,0,1,0,0,0,0,0,0,0,0,0,0,0,0,0,0,0,0,0,0,0,0,0,0,0,0,0,0,0,0,0,0,0,0,0,0,0,0,0,0,0,0,0,0,0,0,0,0,0,0,0,0,0,0,1,0,0,1,1,1,0,0,0,0,0,0,1,1,0,0,0,0,0,1,1,0,0,0,0,0,0,0,1,0,0,0,0,0,0,0,1,0,0,0,0,0,0,0,1,0,0,0,0,0,0,0,0,0,0,0,0,0,0,0,0,0,0,0,0,0,1,0,1,0,0,0,0,0
-8375394.15443985,4859905.90131631,14249,2021103315,0143,1,0,0,0,0,0,0,0,0,4,0,,67,10,2021,5,39.95844,-75.237444,0139,6,0,0,0,0,0,0,0,0,,0,0,0,,,0,,1,,39 57:30.385,,0,75 14:14.799,0,0,0,0,67301,0,0,0,N,0,0,0,2,67301,0,,1,,1,N,N,N,0,,0,0,1,,2,,,2,0,0,0,0,0,0,2,0,2,,03,,N,,,,,,,,,,,0,0,1,0,0,0,0,0,0,0,0,0,0,0,0,0,0,0,0,0,0,0,0,0,0,0,0,0,0,0,0,0,0,0,0,0,0,0,0,0,0,0,0,0,0,0,0,0,0,0,0,0,0,0,0,1,0,0,0,0,1,0,0,0,0,0,0,1,0,0,0,0,0,0,1,0,0,0,0,0,0,0,0,0,1,0,0,0,0,0,0,0,0,0,0,0,0,0,0,1,0,0,0,0,0,0,1,0,0,0,0,0,0,0,0,0,0,0,0,0,0,1,0,1,0,0,0,0,0
-8357858.10139674,4870747.35376001,14250,2021120545,0520,1,0,0,0,0,0,0,0,0,1,0,,67,12,2021,3,40.03305,-75.079915,0511,6,0,0,0,0,1,1,0,0,,0,0,0,,,1,Y,0,,40 01:58.981,,0,75 04:47.694,3,0,0,0,67301,0,0,0,N,0,0,0,3,67301,0,,1,,1,N,N,Y,0,,1,0,2,,2,,,3,1,0,0,0,0,1,2,0,3,,03,,N,,,,,,,,,,,0,0,0,0,0,0,0,0,0,0,0,0,1,0,0,0,0,0,0,0,0,0,0,1,1,0,0,0,0,0,0,0,0,0,0,0,0,0,0,0,0,0,0,0,0,1,0,0,0,0,0,0,0,0,0,1,0,0,1,1,0,0,0,0,0,0,0,0,0,0,0,0,0,0,1,0,1,0,0,0,0,0,0,0,0,0,0,0,0,1,0,0,0,0,0,0,0,0,0,0,0,0,0,0,0,0,1,0,0,1,0,0,0,0,0,0,0,0,0,0,0,1,0,0,0,0,0,0,1
-8354105.52010277,4869491.42895079,14251,2021106366,1700,2,0,0,0,0,0,0,0,0,1,0,,67,11,2021,2,40.024411,-75.046205,1652,6,0,0,0,0,0,0,0,0,,0,0,0,,,0,N,0,,40 01:27.880,,0,75 02:46.337,9,0,0,0,67301,0,0,0,N,0,0,0,3,67301,0,,1,,1,N,N,N,0,,0,0,0,,0,,,2,0,0,0,0,0,1,2,0,2,,03,,N,,,,,,,,,,,1,0,0,0,0,0,0,0,0,0,0,0,0,0,0,0,0,0,0,0,0,0,0,0,0,0,0,0,0,0,0,0,0,0,0,0,0,0,0,0,0,0,0,0,0,0,0,0,0,0,0,0,0,0,0,0,0,0,0,0,0,0,0,0,0,0,0,0,0,0,0,0,0,0,1,0,1,0,0,0,0,0,0,0,0,0,0,0,0,1,0,0,0,0,0,0,0,0,0,0,0,0,0,0,0,0,1,0,0,0,0,0,1,0,0,0,0,0,0,0,0,1,0,1,0,0,0,0,0
-8358927.88190735,4870151.1365815,14252,2021122260,1942,0,0,0,0,0,0,0,0,0,1,0,,67,12,2021,2,40.028949,-75.089525,1936,6,0,0,0,0,0,0,0,0,,0,0,0,,,0,,1,,40 01:44.217,1,0,75 05:22.290,0,0,0,0,67301,0,0,0,N,0,0,0,2,67301,0,,1,1957,1,N,N,N,1,,0,0,1,,2,N,,2,0,0,0,0,0,0,2,0,2,,,,N,,,,,,,,,,,0,0,0,0,0,0,0,0,0,0,0,0,1,0,0,0,0,0,0,0,0,0,0,0,0,0,0,0,0,0,0,0,0,0,0,0,0,0,0,0,0,0,0,0,0,0,0,0,0,0,0,0,0,0,0,1,0,0,0,0,1,0,0,0,0,0,0,1,0,0,0,0,0,0,1,0,0,0,0,0,0,0,0,0,1,0,0,0,0,1,0,0,0,0,0,0,0,0,0,1,0,0,0,0,0,0,1,0,0,0,0,0,0,0,0,0,0,0,0,0,0,1,1,1,0,0,0,0,0
-8367663.6813231,4859409.52149011,14253,2021120955,1110,2,0,0,0,0,0,0,0,0,4,0,,67,12,2021,6,39.955022,-75.168,1043,6,0,0,0,0,0,0,0,0,,0,0,0,,,2,,1,,39 57:18.079,,0,75 10:04.799,4,0,0,0,67301,0,0,0,N,0,0,0,3,67301,2,,1,,1,N,N,N,0,,0,0,0,,2,,,2,2,0,0,0,0,0,2,0,2,,,,N,,,,,,,,,,,0,0,1,0,0,0,0,0,0,0,0,0,0,0,0,0,0,1,0,0,0,0,0,0,0,0,0,0,0,0,0,0,0,0,0,0,0,0,0,0,0,0,0,0,0,0,0,0,0,0,0,0,0,0,0,0,0,0,1,1,1,0,0,0,0,0,0,1,1,0,0,0,0,0,1,0,0,0,0,0,0,0,0,1,0,0,0,0,0,0,0,0,0,0,0,0,0,0,0,1,0,0,0,0,0,0,0,0,0,0,0,0,0,0,0,0,0,0,0,0,0,1,0,1,0,0,0,0,0
-8355381.57599006,4872678.7270132,14254,2021123125,1535,2,0,0,0,0,0,0,0,0,4,0,,67,12,2021,6,40.046333,-75.057668,1533,6,0,0,0,0,0,1,0,0,,0,0,0,,,1,N,0,,40 02:46.797,,7,75 03:27.603,8,0,0,0,67301,0,0,0,N,0,0,0,2,67301,0,,1,,1,N,N,N,0,,0,0,0,,0,,,2,1,0,0,0,1,0,2,0,2,,,,N,,,,,,,,,,,0,0,1,0,0,0,0,0,0,0,0,0,0,0,0,0,0,0,0,0,0,0,0,0,1,0,0,0,0,0,0,0,0,0,0,0,0,0,0,0,0,0,0,0,0,0,0,0,0,0,0,0,0,0,0,0,0,0,1,1,0,0,0,0,1,0,0,0,0,0,0,0,0,0,1,0,1,0,0,0,0,0,0,0,0,0,0,0,0,0,0,0,0,0,0,0,0,0,0,0,0,0,0,0,0,0,1,0,0,0,0,0,0,0,0,0,0,0,0,0,0,1,0,0,0,0,0,0,0
-8366204.95090968,4875404.19774949,14255,2021102761,2002,1,0,0,0,0,0,0,0,0,4,0,,67,10,2021,3,40.065073,-75.154896,2002,6,0,0,0,0,0,1,0,0,,0,0,0,,,0,,2,,40 03:54.262,,0,75 09:17.625,0,0,0,0,67301,0,0,0,N,0,0,0,3,67301,0,,1,,1,N,N,N,1,,0,0,1,,2,,,3,0,0,0,0,0,0,2,0,3,,03,,N,,,,,,,,,,,1,0,1,0,0,0,0,0,0,0,0,0,0,0,0,0,0,0,0,0,0,0,0,0,1,0,0,0,0,0,0,0,0,0,0,0,0,0,0,0,0,0,1,0,0,1,0,0,0,0,0,0,0,0,0,1,0,0,0,0,1,0,0,0,0,0,0,1,1,0,0,0,0,0,1,1,0,0,0,0,0,0,0,0,1,0,0,0,0,0,0,0,0,0,0,0,0,0,0,1,0,0,0,1,1,0,0,0,0,0,0,0,0,0,0,0,0,0,0,0,0,1,0,1,0,0,0,0,0
-8368152.37369169,4853108.46232577,14256,2021106276,0033,2,0,0,0,0,0,0,0,0,1,0,,67,10,2021,5,39.911619,-75.17239,0027,6,0,0,0,0,0,0,0,0,,0,0,0,,,2,N,0,,39 54:41.827,,0,75 10:20.604,3,0,0,0,67301,0,0,0,N,0,0,0,4,67301,0,,1,,1,N,N,N,0,,2,0,0,,0,,,2,2,0,0,0,0,2,2,0,2,,03,,N,,,,,,,,,,,0,0,0,0,0,0,0,0,0,0,0,0,0,0,0,0,0,0,0,0,0,0,0,0,0,0,0,0,0,0,0,0,0,0,0,0,0,0,0,0,0,0,0,0,0,0,0,0,0,0,0,0,0,0,0,1,0,0,1,1,0,0,0,0,0,0,0,0,0,0,0,0,0,0,1,0,1,0,0,0,0,0,0,0,0,0,0,0,0,1,0,0,0,0,0,0,0,0,0,0,0,0,0,0,0,0,1,0,0,1,0,0,0,0,0,0,0,0,0,0,0,1,0,0,0,0,0,0,0
-8366519.53986342,4873955.70689336,14257,2021104128,1948,0,0,0,0,0,0,0,0,0,8,0,,67,10,2021,5,40.055114,-75.157722,1948,6,0,0,0,0,0,0,0,0,,0,0,0,,,1,,1,,40 03:18.412,,0,75 09:27.798,4,0,0,0,67301,1,0,0,N,1,0,0,2,67301,1,,4,,1,N,N,N,0,,0,0,1,,2,,,2,1,0,0,0,0,0,2,0,1,,03,,N,,,,,,,,,,,0,0,0,0,0,0,0,0,0,0,0,0,0,0,0,1,0,0,0,0,0,0,0,0,0,0,0,0,0,0,0,0,0,0,0,0,0,0,0,0,0,0,0,0,0,1,0,0,0,0,0,0,0,0,0,0,0,0,1,1,1,0,0,0,0,0,0,1,0,0,0,0,0,0,0,0,0,0,0,0,0,1,0,1,0,0,0,0,0,0,0,0,0,0,0,0,0,0,0,1,1,0,0,0,0,0,1,0,0,0,0,1,0,0,0,0,0,0,0,0,0,1,0,0,1,0,0,0,0
-8371733.07799244,4862190.18015774,14258,2021105247,0130,1,0,0,0,0,0,0,0,0,5,0,,67,10,2021,1,39.974167,-75.204556,0127,6,0,0,0,0,0,0,0,0,,0,0,0,,,0,N,0,,39 58:27.000,4,0,75 12:16.400,9,0,0,0,67301,0,0,0,N,0,0,0,2,67301,0,,6,53,9,N,N,N,0,,0,0,2,,0,N,,3,0,0,0,0,0,1,2,0,3,,07,,N,,,,,,,,,,,0,0,0,0,0,0,0,0,0,0,0,0,1,0,0,0,0,0,0,0,0,0,0,0,0,0,0,0,0,0,0,0,0,0,0,0,0,0,0,0,0,0,1,0,0,1,0,0,0,0,0,0,0,0,0,1,0,0,0,0,0,0,0,0,0,0,0,0,0,0,0,0,0,0,1,0,1,0,0,0,0,0,0,0,0,0,0,0,0,0,0,0,0,0,0,0,0,0,0,0,0,0,0,0,0,0,1,0,0,0,0,0,0,0,0,0,0,0,0,0,0,1,0,1,0,0,1,0,0
-8372133.04887869,4859379.16998413,14259,2021095813,0035,3,0,0,0,0,0,0,0,0,5,0,,67,10,2021,2,39.954813,-75.208149,0025,6,0,0,0,0,0,0,0,0,,0,0,0,,,0,N,0,,39 57:17.328,,0,75 12:29.335,0,0,0,0,67301,0,0,0,N,0,0,0,1,67301,0,,6,,1,N,N,N,0,,0,0,0,0,0,,,3,0,0,0,0,0,0,2,0,3,,03,,N,,,,,,,,,,,0,0,0,0,0,0,0,0,0,0,0,0,0,0,0,0,0,1,0,0,0,0,0,0,0,0,0,0,0,0,0,0,0,0,0,0,0,0,0,0,0,0,1,0,0,0,0,0,0,0,0,0,0,0,0,1,0,0,0,0,0,0,0,0,0,0,0,0,0,0,0,0,0,0,1,0,1,0,0,0,0,0,0,0,1,0,0,0,0,0,0,0,0,0,0,0,0,0,0,0,0,0,0,0,0,0,1,0,0,0,0,0,0,0,0,0,0,0,0,0,0,1,0,1,0,0,0,0,0