X,Y,objectid,crn,arrival_tm,automobile_count,belted_death_count,belted_susp_serious_inj_count,bicycle_count,bicycle_death_count,bicycle_susp_serious_inj_count,bus_count,chldpas_death_count,chldpas_susp_serious_inj_count,collision_type,comm_veh_count,cons_zone_spd_lim,county,crash_month,crash_year,day_of_week,dec_latitude,dec_longitude,dispatch_tm,district,driver_count_16yr,driver_count_17yr,driver_count_18yr,driver_count_19yr,driver_count_20yr,driver_count_50_64yr,driver_count_65_74yr,driver_count_75plus,est_hrs_closed,fatal_count,heavy_truck_count,horse_buggy_count,hour_of_day,illumination,injury_count,intersection_related_x,intersect_type,lane_closed,latitude,ln_close_dir,location_type,longitude,max_severity_level,mcycle_death_count,mcycle_susp_serious_inj_count,motorcycle_count,municipality,nonmotr_count,nonmotr_death_count,nonmotr_susp_serious_inj_count,ntfy_hiwy_maint,ped_count,ped_death_count,ped_susp_serious_inj_count,person_count,police_agcy,possible_inj_count,rdwy_surf_type_cd,relation_to_road,roadway_cleared,road_condition,sch_bus_ind,sch_zone_ind,secondary_crash,small_truck_count,spec_juris_cd,susp_minor_inj_count,susp_serious_inj_count,suv_count,tcd_func_cd,tcd_type,tfc_detour_ind,time_of_day,total_units,tot_inj_count,unbelted_occ_count,unb_death_count,unb_susp_serious_inj_count,unk_inj_deg_count,unk_inj_per_count,urban_rural,van_count,vehicle_count,weather1,weather2,workers_pres,work_zone_ind,work_zone_loc,work_zone_type,wz_close_detour,wz_flagger,wz_law_offcr_ind,wz_ln_closure,wz_moving,wz_other,wz_shlder_mdn,wz_workers_inj_killed,aggressive_driving,alcohol_related,angle_crash,atv,atv_route,backup_congestion,backup_nonrecurring,backup_prior,bicycle,cell_phone,child_passenger,comm_vehicle,core_network,cross_median,curved_road,curve_dvr_error,deer_related,distracted,drinking_driver,driver_16yr,driver_17yr,driver_18yr,driver_19yr,driver_20yr,driver_50_64yr,driver_65_74yr,driver_75plus,drugged_driver,drug_related,fatal,fatal_or_susp_serious_inj,fatigue_asleep,federal_aid_route,fire_in_vehicle,hazardous_truck,hit_barrier,hit_bridge,hit_deer,hit_embankment,hit_fixed_object,hit_gdrail,hit_gdrail_end,hit_parked_vehicle,hit_pole,hit_roadway_equipment,hit_run,hit_temp_construction_barrier,hit_traffic_island,hit_tree_shrub,hit_utility_pole,horse_buggy,ho_oppdir_sdswp,hvy_truck_related,icy_road,illegal_drug_related,illumination_dark,impaired_driver,impaired_nonmotorist,injury,injury_or_fatal,intersection,intersection_related_y,interstate,lane_departure,left_turn,limit_65mph,limit_70mph,local_road,local_road_only,marijuana_drugged_driver,marijuana_related,mature_driver,mc_drinking_driver,motorcycle,multiple_vehicle,nhtsa_agg_driving,non_intersection,no_clearance,opioid_related,other_freeway_expressway,overturned,pedestrian,phantom_vehicle,possible_injury,property_damage_only,psp_reported,ramp,ramp_segment,ramp_terminal,rear_end,roundabout,running_red_lt,running_stop_sign,rural,school_bus,school_bus_related,school_bus_unit,school_zone,shldr_related,signalized_int,single_vehicle,snowmobile,snow_slush_road,speeding,speeding_related,speed_change_lane,state_road,stop_controlled_int,sudden_deer,suspected_minor_injury,suspected_serious_injury,sv_run_off_rd,tailgating,train,train_trolley,trolley,turnpike,unbelted,underage_drnk_drv,unlicensed,unsignalized_int,urban,vehicle_failure,vehicle_towed,vulnerable_road_user,vulnerable_road_user_fatal,wet_road,work_zone,young_driver
-8369005.63836338,4864397.39693209,14311,2021104248,1916,1,0,0,0,0,0,0,0,0,5,1,,67,10,2021,5,39.98936,-75.180055,1916,6,0,0,0,0,0,0,0,0,,0,1,0,,,0,N,0,,39 59:21.697,4,0,75 10:48.198,0,0,0,0,67301,0,0,0,N,0,0,0,1,67301,0,,6,2000,1,N,N,N,0,,0,0,0,,0,Y,,2,0,0,0,0,0,0,2,0,2,,04,,N,,,,,,,,,,,1,0,0,0,0,0,0,0,0,0,0,1,0,0,0,0,0,0,0,0,0,0,0,0,0,0,0,0,0,0,0,0,0,0,0,0,0,0,0,0,0,0,1,0,0,1,0,0,0,0,0,0,1,0,0,1,0,0,0,0,0,0,0,0,0,0,0,1,1,0,0,0,0,0,1,0,1,0,0,0,1,0,0,0,1,0,0,0,0,0,0,0,0,0,0,0,0,0,0,0,0,0,0,0,1,0,0,0,0,0,0,0,0,0,0,0,0,0,0,0,0,1,1,1,0,0,0,0,0
-8367831.88562068,4872414.94516578,14312,2021105739,2039,0,0,0,0,0,0,0,0,0,1,1,,67,11,2021,3,40.044519,-75.169511,2034,6,0,0,0,0,0,0,0,0,,0,1,0,,,1,N,0,,40 02:40.270,,0,75 10:10.240,3,0,0,0,67301,0,0,0,N,0,0,0,1,67301,0,,6,,1,N,N,N,0,,1,0,1,,0,,,2,1,0,0,0,0,0,2,0,2,,03,,N,,,,,,,,,,,0,0,0,0,0,0,0,0,0,0,0,1,0,0,0,0,0,0,0,0,0,0,0,0,0,0,0,0,0,0,0,0,0,0,0,0,0,0,0,0,0,0,1,0,0,0,0,0,0,0,0,0,1,0,0,1,0,0,1,1,0,0,0,0,0,0,0,1,1,0,0,0,0,0,1,0,1,0,0,0,0,0,0,0,0,0,0,0,0,1,0,0,0,0,0,0,0,0,0,0,0,0,0,0,0,0,0,0,0,1,0,0,0,0,0,0,0,0,0,0,0,1,0,0,0,0,0,0,0
-8376223.93047511,4864870.19678938,14313,2021053140,1225,1,0,0,0,0,0,0,0,0,1,0,,67,5,2021,7,39.992614,-75.244898,1225,6,0,0,0,0,0,1,0,0,,0,0,0,,,1,N,0,,39 59:33.409,2,0,75 14:41.632,3,0,0,0,67301,0,0,0,N,0,0,0,2,46104,0,,1,30,9,N,N,N,0,,1,0,1,,0,N,,2,1,0,0,0,0,0,2,0,2,,,,N,,,,,,,,,,,1,0,0,0,0,0,0,0,0,0,0,0,1,0,0,0,0,0,0,0,0,0,0,0,1,0,0,0,0,0,0,0,0,0,0,0,0,0,0,0,0,0,0,0,0,0,0,0,0,0,0,0,0,0,0,0,0,0,1,1,0,0,0,0,0,0,0,0,0,0,0,0,0,0,1,0,1,0,0,0,0,0,0,0,0,0,0,0,0,1,0,0,0,0,0,0,0,0,0,0,0,0,0,0,1,0,1,0,0,1,0,0,0,0,0,0,0,0,0,0,0,1,0,1,0,0,1,0,0
-8366219.64477453,4868562.9980818,14314,2021106710,1406,1,0,0,0,0,0,0,0,0,8,0,,67,11,2021,5,40.018024,-75.155028,1403,6,0,0,0,1,0,0,0,0,,0,0,0,,,1,,2,,40 01:04.885,,0,75 09:18.101,8,0,0,0,67301,1,0,0,N,1,0,0,2,67301,0,,1,,1,N,N,N,0,,0,0,0,,2,,,2,1,1,0,0,1,0,2,0,1,,03,,N,,,,,,,,,,,0,0,0,0,0,0,0,0,0,0,0,0,0,0,0,0,0,0,0,0,0,0,1,0,0,0,0,0,0,0,0,0,0,0,0,0,0,0,0,0,0,0,0,0,0,0,0,0,0,0,0,0,0,0,0,0,0,0,1,1,1,0,0,0,0,0,0,1,0,0,0,0,0,0,0,0,0,0,0,0,0,1,0,0,0,0,0,0,0,0,0,0,0,0,0,0,0,0,0,1,1,0,0,0,0,0,1,0,0,0,0,0,0,0,0,0,0,1,0,0,0,1,0,0,1,0,0,0,1
-8364698.57436667,4860271.44983229,14315,2021101372,2350,1,0,0,0,0,0,1,0,0,4,1,,67,10,2021,4,39.960957,-75.141364,2340,6,0,0,0,0,0,0,0,0,,0,0,0,,,1,,1,,39 57:39.445,6,0,75 08:28.910,8,0,0,0,67301,0,0,0,N,0,0,0,3,67508,0,,1,9999,1,N,N,Y,0,,0,0,0,,3,N,,2,1,0,0,0,1,1,2,0,2,,03,,N,,,,,,,,,,,0,0,1,0,0,0,0,0,0,0,0,1,0,0,0,0,0,0,0,0,0,0,0,0,0,0,0,0,0,0,0,0,0,0,0,0,0,0,0,0,0,0,0,0,0,1,0,0,0,0,0,0,0,0,0,1,0,0,1,1,1,0,0,0,0,0,0,1,1,0,0,0,0,0,1,0,0,0,0,0,0,0,0,0,0,0,0,0,0,0,0,0,0,0,0,0,0,0,0,0,0,0,0,0,0,0,0,1,0,0,0,0,0,0,0,0,0,0,0,0,1,1,0,1,0,0,0,0,0
-8358464.23617504,4870091.82219361,14316,2021105217,1650,0,0,0,0,0,0,0,0,0,8,1,,67,10,2021,7,40.028541,-75.08536,1643,6,0,0,0,0,0,0,0,0,,0,1,0,,,1,,1,,40 01:42.749,,0,75 05:07.295,3,0,0,0,67301,1,0,0,N,1,0,0,2,67301,0,,1,,1,N,N,N,0,,1,0,0,,2,,,2,1,0,0,0,0,0,2,0,1,,03,,N,,,,,,,,,,,0,0,0,0,0,0,0,0,0,0,0,1,0,0,0,0,0,0,0,0,0,0,0,0,0,0,0,0,0,0,0,0,0,0,0,0,0,0,0,0,0,0,0,0,0,0,0,0,0,0,0,0,1,0,0,0,0,0,1,1,1,0,0,0,0,0,0,1,1,0,0,0,0,0,0,0,0,0,0,0,0,1,0,0,0,0,0,0,0,0,0,0,0,0,0,0,0,0,0,1,1,0,0,0,0,0,0,0,0,1,0,0,0,0,0,0,0,0,0,0,0,1,0,0,1,0,0,0,0
-8361845.67780353,4865656.89154084,14317,2021104288,0215,0,0,0,0,0,0,0,0,0,8,0,,67,8,2021,2,39.998028,-75.115736,0200,6,0,0,0,0,0,0,0,0,,0,0,0,,,1,N,0,,39 59:52.900,,0,75 06:56.650,3,0,0,0,67301,1,0,0,N,1,0,0,2,67301,0,,2,,9,N,N,N,0,,1,0,0,,0,,,2,1,0,0,0,0,1,2,0,1,,04,,N,,,,,,,,,,,0,0,0,0,0,0,0,0,0,0,0,0,0,0,0,0,0,0,0,0,0,0,0,0,0,0,0,0,0,0,0,0,0,0,0,0,0,0,0,0,0,0,0,0,0,1,0,0,0,0,0,0,0,0,0,1,0,0,1,1,0,0,0,1,0,0,0,1,1,0,0,0,0,0,0,0,1,0,0,0,0,1,0,0,0,0,0,0,0,0,0,0,0,0,0,0,0,0,0,0,1,0,0,0,0,0,0,0,0,1,0,1,0,0,0,0,0,0,0,0,0,1,0,0,1,0,1,0,0
-8365269.97781938,4865891.42955968,14318,2021104827,1355,2,0,0,0,0,0,0,0,0,5,0,,67,3,2021,4,39.999642,-75.146497,1355,6,0,0,0,0,0,0,0,0,,0,0,0,,,1,N,0,,39 59:58.710,,0,75 08:47.390,3,0,0,0,67301,0,0,0,N,0,0,0,1,67301,0,,6,,1,N,N,N,0,,1,0,0,,0,,,2,1,0,0,0,0,0,2,0,2,,03,,N,,,,,,,,,,,0,0,0,0,0,0,0,0,0,0,0,0,0,0,0,0,0,0,0,0,0,0,0,0,0,0,0,0,0,0,0,0,0,0,0,0,0,0,0,0,0,0,1,0,0,0,0,0,0,0,0,0,0,0,0,0,0,0,1,1,0,0,0,0,0,0,0,1,1,0,0,0,0,0,1,0,1,0,0,0,0,0,0,0,0,0,0,0,0,0,0,0,0,0,0,0,0,0,0,0,0,0,0,0,0,0,0,0,0,1,0,0,0,0,0,0,0,0,0,0,0,1,0,1,0,0,0,0,0
-8367995.07979996,4865213.40554014,14319,2021070488,1615,3,0,0,0,0,0,0,0,0,4,0,,67,7,2021,1,39.994976,-75.170977,1610,6,0,0,0,0,1,0,0,0,,0,0,0,,,0,,1,,39 59:41.913,,0,75 10:15.517,0,0,0,0,67301,0,0,0,N,0,0,0,2,67301,0,,1,,1,N,N,N,0,,0,0,0,,3,,,3,0,0,0,0,0,0,2,0,3,,,,N,,,,,,,,,,,1,0,1,0,0,0,0,0,0,0,0,0,0,0,0,0,0,0,0,0,0,0,0,1,0,0,0,0,0,0,0,0,0,0,0,0,0,0,0,0,0,0,1,0,0,0,0,0,0,0,0,0,0,0,0,0,0,0,0,0,1,0,0,0,0,0,0,1,1,0,0,0,0,0,1,0,0,1,0,0,0,0,0,0,1,0,0,0,0,0,0,0,0,0,0,0,0,0,0,0,0,0,0,0,0,0,0,1,0,0,0,0,0,0,0,0,0,0,0,0,1,1,0,1,0,0,0,0,1
-8369176.95868362,4855911.89150762,14320,2021104976,1738,0,0,0,0,0,0,0,0,0,8,0,,67,10,2021,1,39.930933,-75.181594,1737,6,0,0,0,0,0,0,0,0,,0,0,0,,,1,N,0,,39 55:51.360,,0,75 10:53.740,3,0,0,0,67301,1,0,0,N,1,0,0,2,67301,0,,1,,1,N,N,N,0,,1,0,0,,2,,,2,1,0,0,0,0,1,2,0,1,,03,,N,,,,,,,,,,,1,0,0,0,0,0,0,0,0,0,0,0,0,0,0,0,0,0,0,0,0,0,0,0,0,0,0,0,0,0,0,0,0,0,0,0,0,0,0,0,0,0,0,0,0,1,0,0,0,0,0,0,0,0,0,0,0,0,1,1,0,0,0,0,0,0,0,1,1,0,0,0,0,0,0,0,1,0,0,0,0,1,0,0,0,0,0,0,0,0,0,0,0,0,0,0,0,0,0,0,1,0,0,1,1,0,0,0,0,1,0,0,0,0,0,0,0,0,0,0,0,1,0,0,1,0,0,0,0
-8360911.59568558,4864439.67816933,14321,2021106556,1655,0,0,0,0,0,0,2,0,0,1,2,,67,10,2021,6,39.989651,-75.107345,1645,6,0,0,0,0,0,1,0,0,,0,0,0,,,1,,1,,39 59:22.742,4,0,75 06:26.442,4,0,0,0,67301,0,0,0,N,0,0,0,3,67508,1,,1,9999,1,N,N,Y,0,,0,0,1,,2,N,,3,1,0,0,0,0,0,2,0,3,,03,,N,,,,,,,,,,,0,0,0,0,0,0,0,0,0,0,0,1,0,0,0,0,0,0,0,0,0,0,0,0,1,0,0,0,0,0,0,0,0,0,0,0,0,0,0,0,0,0,0,0,0,0,0,0,0,0,0,0,0,0,0,0,0,0,1,1,1,0,0,0,0,0,0,1,0,0,0,0,0,0,1,0,0,0,0,0,0,0,0,1,0,0,0,0,0,1,0,0,0,0,0,0,0,0,0,1,0,0,0,0,0,0,1,0,0,0,0,0,0,0,0,0,0,0,0,0,0,1,1,1,0,0,0,0,0
-8365971.40216524,4866173.78357923,14322,2021105796,0715,1,0,0,0,0,0,0,0,0,7,0,,67,11,2021,4,40.001585,-75.152798,0713,6,0,0,0,0,0,0,0,0,,0,0,0,,,0,,1,,40 00:05.705,1,0,75 09:10.074,9,0,0,0,67301,0,0,0,N,0,0,0,1,67505,0,,3,930,1,N,N,N,0,,0,0,0,,2,N,,1,0,0,0,0,0,1,2,0,1,,03,,N,,,,,,,,,,,0,0,0,0,0,0,0,0,0,0,0,0,0,0,0,0,0,0,0,0,0,0,0,0,0,0,0,0,0,0,0,0,0,0,0,0,0,0,0,1,0,0,0,0,0,1,0,0,0,0,0,0,0,0,0,0,0,0,0,0,1,0,0,0,0,0,0,0,0,0,0,0,0,0,0,0,0,0,0,0,1,0,0,0,0,0,0,0,0,0,0,0,0,0,0,0,0,0,0,1,1,0,0,0,0,0,1,0,0,0,0,1,0,0,0,0,0,0,0,0,0,1,0,1,0,0,0,0,0
-8363794.66015273,4865802.06036968,14323,2021104116,0515,1,0,0,0,0,0,0,0,0,2,0,,67,10,2021,4,39.999027,-75.133244,0513,6,0,0,0,0,0,0,0,0,,1,0,0,,,0,,1,,39 59:56.498,,0,75 07:59.680,1,1,0,1,67301,0,0,0,N,0,0,0,2,67301,0,2,1,,9,N,N,N,0,0,0,0,0,,2,,,2,0,0,0,0,0,0,2,0,2,,03,,N,,,,,,,,,,,0,0,0,0,0,0,0,0,0,0,0,0,0,0,0,0,0,1,0,0,0,0,0,0,0,0,0,0,0,1,1,0,0,0,0,0,0,0,0,0,0,0,0,0,0,0,0,0,0,0,0,1,0,0,0,1,0,0,0,1,1,0,0,0,0,0,0,1,0,0,0,0,0,1,1,0,0,0,0,0,0,0,0,0,0,0,0,0,0,0,0,0,0,0,0,0,0,0,0,1,0,0,0,0,0,0,1,0,0,0,0,0,0,0,0,0,0,0,0,0,0,1,0,1,0,0,1,0,0
-8359330.30185143,4865285.04237468,14324,2021107767,1947,0,0,0,0,0,0,0,0,0,7,0,,67,10,2021,7,39.995469,-75.09314,1944,6,0,0,0,0,0,1,0,0,,0,0,0,,,1,N,0,,39 59:43.689,2,0,75 05:35.304,3,0,0,0,67301,0,0,0,N,0,0,0,1,67301,0,,9,2045,1,N,N,N,1,,1,0,0,,0,Y,,1,1,0,0,0,0,0,2,0,1,,03,,N,,,,,,,,,,,0,0,0,0,0,0,0,0,0,0,0,0,0,0,0,0,0,0,0,0,0,0,0,0,1,0,0,0,0,0,0,0,0,0,0,0,0,0,0,1,0,0,0,0,0,0,0,0,0,0,0,0,0,0,0,1,0,0,1,1,0,0,0,1,0,0,0,0,0,0,0,0,0,0,0,0,1,0,0,0,0,0,0,0,0,0,0,0,0,0,0,0,0,0,0,0,0,0,0,0,1,0,0,0,0,0,1,0,0,1,0,1,0,0,0,0,0,0,0,0,0,1,1,1,0,0,0,0,0
-8363320.55070371,4874249.63519754,14325,2021104884,0904,1,0,0,0,0,0,0,0,0,4,1,,67,10,2021,5,40.057135,-75.128985,0902,6,0,0,0,0,0,0,0,0,,0,1,0,,,2,,1,,40 03:25.687,,0,75 07:44.345,8,0,0,0,67301,0,0,0,N,0,0,0,3,67301,0,,1,,1,N,N,N,0,,0,0,0,,2,,,3,2,0,0,0,2,1,2,1,3,,03,,N,,,,,,,,,,,0,0,1,0,0,0,0,0,0,0,0,1,0,0,0,0,0,0,0,0,0,0,0,0,0,0,0,0,0,0,0,0,0,0,0,0,0,0,0,0,0,0,1,0,0,1,0,0,0,0,0,0,1,0,0,0,0,0,1,1,1,0,0,0,0,0,0,1,0,0,0,0,0,0,1,0,0,0,0,0,0,0,0,0,0,0,0,0,0,0,0,0,0,0,0,0,0,0,0,1,0,0,0,0,0,0,1,0,0,0,0,0,0,0,0,0,0,0,0,0,0,1,0,1,0,0,0,0,0
-8366695.20144816,4861844.46197806,14326,2021104571,1620,1,0,0,0,0,0,0,0,0,1,0,,67,10,2021,7,39.971787,-75.1593,1618,6,0,0,0,1,0,0,0,0,,0,0,0,,,1,N,0,,39 58:18.432,,0,75 09:33.480,3,0,0,0,67301,0,0,0,N,0,0,0,2,67301,0,,1,,1,N,N,N,0,,1,0,1,,0,,,2,1,0,0,0,0,1,2,0,2,,03,,N,,,,,,,,,,,0,0,0,0,0,0,0,0,0,1,0,0,0,0,0,0,0,1,0,0,0,0,1,0,0,0,0,0,0,0,0,0,0,0,0,0,0,0,0,0,0,0,0,0,0,1,0,0,0,0,0,0,0,0,0,0,0,0,1,1,0,0,0,0,0,0,0,0,0,0,0,0,0,0,1,0,1,0,0,0,0,0,0,0,0,0,0,0,0,1,0,0,0,0,0,0,0,0,0,0,0,0,0,0,0,0,1,0,0,1,0,0,0,0,0,0,0,0,0,0,0,1,0,0,0,0,0,0,1
-8356801.23364465,4867858.62984835,14327,2021105228,1900,0,0,0,0,0,0,0,0,0,8,0,,67,10,2021,6,40.013178,-75.070421,1900,6,0,0,0,0,0,1,0,0,,0,0,0,,,1,,1,,40 00:47.439,,0,75 04:13.514,3,0,0,0,67301,1,0,0,N,1,0,0,2,67301,0,,1,,9,N,N,N,0,,1,0,1,,2,,,2,1,0,0,0,0,0,2,0,1,,04,,N,,,,,,,,,,,0,0,0,0,0,0,0,0,0,0,0,0,0,0,0,0,0,0,0,0,0,0,0,0,1,0,0,0,0,0,0,0,0,0,0,0,0,0,0,0,0,0,0,0,0,0,0,0,0,0,0,0,0,0,0,1,0,0,1,1,1,0,0,0,0,0,0,0,0,0,0,0,0,0,0,0,0,0,0,0,0,1,0,0,0,0,0,0,0,0,0,0,0,0,0,0,0,0,0,1,1,0,0,0,0,0,1,0,0,1,0,0,0,0,0,0,0,0,0,0,0,1,0,0,1,0,1,0,0
-8365664.82775492,4857974.39913027,14328,2021105207,1558,1,0,0,0,0,0,0,0,0,4,0,,67,11,2021,2,39.945139,-75.150044,1547,6,0,0,0,0,0,0,0,0,,0,0,0,,,1,,1,,39 56:42.500,4,0,75 09:00.158,3,0,0,0,67301,0,0,0,N,0,0,0,2,67301,0,,1,1810,1,N,N,N,0,,1,0,0,,2,Y,,2,1,0,0,0,0,0,2,1,2,,03,,N,,,,,,,,,,,0,0,1,0,0,0,0,0,0,0,0,0,0,0,0,0,0,0,0,0,0,0,0,0,0,0,0,0,0,0,0,0,0,0,0,0,0,0,0,0,0,0,0,0,0,0,0,0,0,0,0,0,0,0,0,0,0,0,1,1,1,0,0,0,0,0,0,1,1,0,0,0,0,0,1,0,0,0,0,0,0,0,0,0,0,0,0,0,0,0,0,0,0,0,0,0,0,0,0,1,0,0,0,0,0,0,0,0,0,1,0,0,0,0,0,0,0,0,0,0,0,1,0,0,0,0,0,0,0
-8356574.92096146,4866949.39086127,14329,2021105317,0430,1,0,0,0,0,0,0,0,0,4,1,,67,11,2021,2,40.006922,-75.068388,0027,6,0,0,0,0,0,1,0,0,,0,1,0,,,4,,2,,40 00:24.918,6,2,75 04:06.198,2,0,0,0,67301,0,0,0,N,0,0,0,4,67301,0,,1,651,1,N,N,N,0,,2,2,0,,0,Y,,2,4,0,0,0,0,0,2,0,2,,03,,N,,,,,,,,,,,0,0,1,0,0,0,0,0,0,0,0,1,0,0,0,0,0,0,0,0,0,0,0,0,1,0,0,0,0,0,1,0,0,0,0,0,0,0,0,0,0,0,0,0,0,0,0,0,0,0,0,0,1,0,0,1,0,0,1,1,1,0,0,0,1,0,0,0,0,0,0,0,0,0,1,0,0,0,0,0,0,0,0,0,0,0,1,0,1,0,0,0,0,0,0,0,0,0,0,0,0,0,0,0,0,0,1,0,0,1,1,0,0,0,0,0,0,0,0,0,1,1,0,1,0,0,0,0,0
-8368004.4307093,4866276.52579958,14330,2021070555,1634,1,0,0,0,0,0,0,0,0,4,0,,67,7,2021,2,40.002292,-75.171061,1633,6,0,0,0,0,0,0,0,0,,0,0,0,,,2,,1,,40 00:08.251,,0,75 10:15.819,2,0,0,0,67301,0,0,0,N,0,0,0,2,67301,0,,3,,1,N,N,N,0,,0,2,1,,3,,,2,2,0,0,0,0,0,2,0,2,,,,N,,,,,,,,,,,1,0,1,0,0,0,0,0,0,0,0,0,0,0,0,0,0,0,0,0,0,0,0,0,0,0,0,0,0,0,1,0,0,0,0,0,0,0,0,0,0,0,0,0,0,0,0,0,0,0,0,0,0,0,0,0,0,0,1,1,1,0,0,0,0,0,0,1,1,0,0,0,0,0,1,0,0,0,0,0,0,0,0,0,0,0,0,0,0,0,0,0,1,0,0,0,0,0,0,0,0,0,0,0,0,0,0,1,0,0,1,1,0,0,0,0,0,0,0,0,1,1,0,1,0,0,0,0,0
-8352166.89090851,4877657.42308033,14331,2021106278,1300,1,0,0,0,0,0,0,0,0,1,0,,67,11,2021,3,40.080562,-75.02879,1236,6,0,0,0,0,0,1,0,0,,0,0,0,,,1,N,0,,40 04:50.024,,0,75 01:43.643,3,0,0,0,67301,0,0,0,N,0,0,0,1,67301,0,,1,,1,N,N,N,0,,1,0,0,,2,U,,2,1,0,0,0,0,0,2,0,2,,04,,N,,,,,,,,,,,0,0,0,0,0,0,0,0,0,0,0,0,1,0,0,0,0,0,0,0,0,0,0,0,1,0,0,0,0,0,0,0,0,0,0,0,0,0,0,0,0,0,0,0,0,1,0,0,0,0,0,0,0,0,0,0,0,0,1,1,0,0,0,0,0,0,0,0,0,0,0,0,0,0,1,0,1,0,0,0,0,0,0,0,0,0,0,0,0,1,0,0,0,0,0,0,0,0,0,0,0,0,0,0,0,0,1,0,0,1,0,0,0,0,0,0,0,0,0,0,0,1,0,0,0,0,0,0,0
-8362764.84299678,4861957.32766833,14332,2021106612,0820,0,0,0,0,0,0,1,0,0,3,2,,67,10,2021,5,39.972564,-75.123993,0800,6,0,0,0,0,0,0,0,0,,0,1,0,,,1,,2,,39 58:21.229,,2,75 07:26.373,8,0,0,0,67301,0,0,0,N,0,0,0,1,67508,0,,1,,1,N,N,Y,0,,0,0,0,,0,,,2,1,0,0,0,1,0,2,0,2,,03,,N,,,,,,,,,,,0,0,0,0,0,0,0,0,0,0,0,1,0,0,0,0,0,0,0,0,0,0,0,0,0,0,0,0,0,0,0,0,0,0,0,0,0,0,0,0,0,0,0,0,0,0,0,0,0,0,0,0,1,0,0,0,0,0,1,1,1,0,0,0,0,0,0,1,0,0,0,0,0,0,1,0,0,0,0,0,0,0,0,0,0,0,1,0,0,0,0,0,0,0,0,0,0,0,0,0,0,0,0,0,0,0,1,0,0,0,0,0,0,0,0,0,0,0,0,0,1,1,0,1,0,0,0,0,0
-8354928.06005047,4871261.60358175,14333,2021105229,1843,1,0,0,0,0,0,0,0,0,8,0,,67,10,2021,1,40.036587,-75.053594,1831,6,0,0,0,0,0,0,0,0,,0,0,0,,,1,,1,,40 02:11.713,,0,75 03:12.938,3,0,0,0,67301,1,0,0,N,1,0,0,1,67301,0,,1,,1,N,N,N,0,,1,0,0,,3,,,2,1,0,0,0,0,0,2,0,1,,03,,N,,,,,,,,,,,1,0,0,0,0,0,0,0,0,0,0,0,0,0,0,0,0,0,0,0,0,0,0,0,0,0,0,0,0,0,0,0,0,0,0,0,0,0,0,0,0,0,0,0,0,1,0,0,0,0,0,0,0,0,0,1,0,0,1,1,1,0,0,0,0,0,0,1,1,0,0,0,0,0,0,0,0,0,0,0,0,1,0,0,0,0,0,0,0,0,0,0,0,0,0,0,0,0,0,0,1,0,0,0,0,0,0,1,0,1,0,0,0,0,0,0,0,0,0,0,1,1,0,0,1,0,0,0,0
-8367538.00191377,4867372.31563506,14334,2021104495,0058,1,0,0,0,0,0,0,0,0,8,0,,67,10,2021,6,40.009832,-75.166871,0053,6,0,0,0,0,0,0,0,0,,1,0,0,,,0,,1,,40 00:35.396,,0,75 10:00.737,1,0,0,0,67301,1,1,0,N,1,1,0,2,67301,0,2,9,,9,N,N,N,0,0,0,0,0,,2,,,2,0,0,0,0,0,1,2,0,1,,07,,N,,,,,,,,,,,0,0,0,0,0,0,0,0,0,0,0,0,0,0,0,0,0,0,0,0,0,0,0,0,0,0,0,0,0,1,1,0,0,0,0,0,0,0,0,0,0,0,0,0,0,1,0,0,0,0,0,0,0,0,0,1,0,0,0,1,1,0,0,0,0,0,0,1,0,0,0,0,0,0,0,0,0,0,0,0,0,1,0,0,0,0,0,0,0,0,0,0,0,0,0,0,0,0,0,1,1,0,0,0,0,0,1,0,0,0,0,0,0,0,0,0,0,0,0,0,0,1,0,0,1,1,1,0,0
-8376990.36541037,4864400.73835021,14335,2021061260,1447,1,0,0,0,0,0,0,0,0,1,0,,67,6,2021,6,39.989383,-75.251783,1444,6,0,0,0,0,0,0,0,1,,0,0,0,,,0,Y,0,,39 59:21.778,,0,75 15:06.419,0,0,0,0,67301,0,0,0,N,0,0,0,2,46104,0,,1,,1,N,N,N,0,,0,0,1,,2,,,2,0,0,0,0,0,0,2,0,2,,,,N,,,,,,,,,,,1,0,0,0,0,0,0,0,0,0,0,0,1,0,0,0,0,0,0,0,0,0,0,0,0,0,1,0,0,0,0,0,0,0,0,0,0,0,0,0,0,0,0,0,0,0,0,0,0,0,0,0,0,0,0,0,0,0,0,0,0,0,0,0,0,0,0,0,0,0,0,1,0,0,1,0,1,0,0,0,0,0,0,0,1,0,0,0,0,1,0,0,0,0,0,0,0,0,0,0,0,0,0,0,1,0,1,0,0,0,0,0,0,0,0,0,0,0,0,0,0,1,0,1,0,0,0,0,0
-8365254.28172989,4864901.29190822,14336,2021105615,1540,1,0,0,0,0,0,0,0,0,1,0,,67,11,2021,2,39.992828,-75.146356,1540,6,0,0,0,0,0,0,0,0,,0,0,0,,,1,N,0,,39 59:34.181,,0,75 08:46.881,3,0,0,0,67301,0,0,0,N,0,0,0,1,67301,0,,1,,1,N,N,N,0,,1,0,0,,0,,,2,1,0,0,0,0,0,2,0,2,,04,,N,,,,,,,,,,,0,0,0,0,0,0,0,0,0,0,0,0,0,0,0,0,0,0,0,0,0,0,0,0,0,0,0,0,0,0,0,0,0,0,0,0,0,0,0,0,0,0,0,0,0,1,0,0,0,0,0,0,0,0,0,0,0,0,1,1,0,0,0,0,0,0,0,0,0,0,0,0,0,0,1,0,1,0,0,0,0,0,0,0,0,0,0,0,0,1,0,0,0,0,0,0,0,0,0,0,0,0,0,0,0,0,1,0,0,1,0,0,0,0,0,0,0,0,0,0,0,1,1,0,0,0,0,0,0