X,Y,objectid,crn,arrival_tm,automobile_count,belted_death_count,belted_susp_serious_inj_count,bicycle_count,bicycle_death_count,bicycle_susp_serious_inj_count,bus_count,chldpas_death_count,chldpas_susp_serious_inj_count,collision_type,comm_veh_count,cons_zone_spd_lim,county,crash_month,crash_year,day_of_week,dec_latitude,dec_longitude,dispatch_tm,district,driver_count_16yr,driver_count_17yr,driver_count_18yr,driver_count_19yr,driver_count_20yr,driver_count_50_64yr,driver_count_65_74yr,driver_count_75plus,est_hrs_closed,fatal_count,heavy_truck_count,horse_buggy_count,hour_of_day,illumination,injury_count,intersection_related_x,intersect_type,lane_closed,latitude,ln_close_dir,location_type,longitude,max_severity_level,mcycle_death_count,mcycle_susp_serious_inj_count,motorcycle_count,municipality,nonmotr_count,nonmotr_death_count,nonmotr_susp_serious_inj_count,ntfy_hiwy_maint,ped_count,ped_death_count,ped_susp_serious_inj_count,person_count,police_agcy,possible_inj_count,rdwy_surf_type_cd,relation_to_road,roadway_cleared,road_condition,sch_bus_ind,sch_zone_ind,secondary_crash,small_truck_count,spec_juris_cd,susp_minor_inj_count,susp_serious_inj_count,suv_count,tcd_func_cd,tcd_type,tfc_detour_ind,time_of_day,total_units,tot_inj_count,unbelted_occ_count,unb_death_count,unb_susp_serious_inj_count,unk_inj_deg_count,unk_inj_per_count,urban_rural,van_count,vehicle_count,weather1,weather2,workers_pres,work_zone_ind,work_zone_loc,work_zone_type,wz_close_detour,wz_flagger,wz_law_offcr_ind,wz_ln_closure,wz_moving,wz_other,wz_shlder_mdn,wz_workers_inj_killed,aggressive_driving,alcohol_related,angle_crash,atv,atv_route,backup_congestion,backup_nonrecurring,backup_prior,bicycle,cell_phone,child_passenger,comm_vehicle,core_network,cross_median,curved_road,curve_dvr_error,deer_related,distracted,drinking_driver,driver_16yr,driver_17yr,driver_18yr,driver_19yr,driver_20yr,driver_50_64yr,driver_65_74yr,driver_75plus,drugged_driver,drug_related,fatal,fatal_or_susp_serious_inj,fatigue_asleep,federal_aid_route,fire_in_vehicle,hazardous_truck,hit_barrier,hit_bridge,hit_deer,hit_embankment,hit_fixed_object,hit_gdrail,hit_gdrail_end,hit_parked_vehicle,hit_pole,hit_roadway_equipment,hit_run,hit_temp_construction_barrier,hit_traffic_island,hit_tree_shrub,hit_utility_pole,horse_buggy,ho_oppdir_sdswp,hvy_truck_related,icy_road,illegal_drug_related,illumination_dark,impaired_driver,impaired_nonmotorist,injury,injury_or_fatal,intersection,intersection_related_y,interstate,lane_departure,left_turn,limit_65mph,limit_70mph,local_road,local_road_only,marijuana_drugged_driver,marijuana_related,mature_driver,mc_drinking_driver,motorcycle,multiple_vehicle,nhtsa_agg_driving,non_intersection,no_clearance,opioid_related,other_freeway_expressway,overturned,pedestrian,phantom_vehicle,possible_injury,property_damage_only,psp_reported,ramp,ramp_segment,ramp_terminal,rear_end,roundabout,running_red_lt,running_stop_sign,rural,school_bus,school_bus_related,school_bus_unit,school_zone,shldr_related,signalized_int,single_vehicle,snowmobile,snow_slush_road,speeding,speeding_related,speed_change_lane,state_road,stop_controlled_int,sudden_deer,suspected_minor_injury,suspected_serious_injury,sv_run_off_rd,tailgating,train,train_trolley,trolley,turnpike,unbelted,underage_drnk_drv,unlicensed,unsignalized_int,urban,vehicle_failure,vehicle_towed,vulnerable_road_user,vulnerable_road_user_fatal,wet_road,work_zone,young_driver
-8369487.31791975,4864477.45466768,14362,2021110874,0445,0,0,0,0,0,0,0,0,0,4,0,,67,10,2021,1,39.989911,-75.184382,0428,6,0,0,0,0,0,0,0,0,,0,0,0,,,3,,1,,39 59:23.678,7,0,75 11:03.775,8,0,0,0,67301,0,0,0,N,0,0,0,3,67301,0,,1,600,1,N,N,N,0,,0,0,2,3,2,Y,,2,3,0,0,0,3,0,2,0,2,,03,,N,,,,,,,,,,,0,0,1,0,0,0,0,0,0,0,0,0,0,0,0,0,0,0,0,0,0,0,0,0,0,0,0,0,0,0,0,0,0,0,0,0,0,0,0,0,0,0,0,0,0,0,0,0,0,0,0,0,0,0,0,1,0,0,1,1,1,0,0,0,0,0,0,1,0,0,0,0,0,0,1,0,0,0,0,0,0,0,0,0,0,0,0,0,0,0,0,0,0,0,0,0,0,0,0,1,0,0,0,0,0,0,1,0,0,0,0,0,0,0,0,0,0,0,0,0,0,1,0,1,0,0,0,0,0
-8367362.22802044,4860134.20430667,14363,2021110647,1647,2,0,0,0,0,0,0,0,0,4,0,,67,11,2021,2,39.960012,-75.165292,1647,6,0,0,0,0,0,0,0,0,,0,0,0,,,1,,1,,39 57:36.042,,0,75 09:55.050,3,0,0,0,67301,0,0,0,N,0,0,0,2,67301,0,,1,,1,N,N,N,0,,1,0,0,3,2,,,2,1,0,0,0,0,0,2,0,2,,03,,N,,,,,,,,,,,1,0,1,0,0,0,0,0,0,0,0,0,0,0,0,0,0,0,0,0,0,0,0,0,0,0,0,0,0,0,0,0,0,0,0,0,0,0,0,0,0,0,0,0,0,0,0,0,0,0,0,0,0,0,0,0,0,0,1,1,1,0,0,0,0,0,0,1,1,0,0,0,0,0,1,0,0,0,0,0,0,0,0,0,0,0,0,0,0,0,0,1,0,0,0,0,0,0,0,1,0,0,0,0,0,0,0,0,0,1,0,0,0,0,0,0,0,0,0,0,0,1,0,1,0,0,0,0,0
-8369925.80583352,4868413.28275347,14364,2021078589,0215,1,0,0,0,0,0,0,0,0,4,0,,67,8,2021,1,40.016994,-75.188321,0209,6,0,0,0,0,0,0,0,0,,0,0,0,,,3,,1,,40 01:01.180,,0,75 11:17.957,3,0,0,0,67301,0,0,0,N,0,0,0,4,67301,1,,1,,9,N,N,N,0,,1,0,1,3,2,,,2,3,2,0,0,1,1,2,0,2,,07,,N,,,,,,,,,,,1,0,1,0,0,0,0,0,0,0,0,0,0,0,0,0,0,0,0,0,0,0,0,0,0,0,0,0,0,0,0,0,0,0,0,0,0,0,0,0,0,0,0,0,0,0,0,0,0,0,0,0,0,0,0,1,0,0,1,1,1,0,0,0,0,0,0,0,0,0,0,0,0,0,1,0,0,0,0,0,0,0,0,1,0,0,0,0,0,0,0,1,0,0,0,0,0,0,0,1,0,0,0,0,0,0,1,0,0,1,0,0,0,0,0,0,0,1,0,0,0,1,0,1,0,0,1,0,0
-8373333.29590159,4856695.11752072,14365,2021112977,2307,0,0,0,0,0,0,0,0,0,8,0,,67,11,2021,5,39.936328,-75.218931,2306,6,0,0,0,0,0,0,0,0,,0,0,0,,,1,N,0,,39 56:10.780,,0,75 13:08.150,3,0,0,0,67301,1,0,0,N,1,0,0,1,67301,0,,1,,9,N,N,N,0,,1,0,0,3,2,,,2,1,0,0,0,0,0,2,0,1,,07,,N,,,,,,,,,,,0,0,0,0,0,0,0,0,0,0,0,0,0,0,0,0,0,0,0,0,0,0,0,0,0,0,0,0,0,0,0,0,0,0,0,0,0,0,0,0,0,0,0,0,0,1,0,0,0,0,0,0,0,0,0,1,0,0,1,1,0,0,0,0,0,0,0,1,1,0,0,0,0,0,0,0,1,0,0,0,0,1,0,0,0,0,0,0,0,0,0,0,0,0,0,0,0,0,0,0,1,0,0,0,0,0,0,0,0,1,0,0,0,0,0,0,0,0,0,0,0,1,0,0,1,0,1,0,0
-8358913.74447678,4871359.74559607,14366,2021110815,0850,0,0,0,0,0,0,0,0,0,4,0,,67,11,2021,6,40.037262,-75.089398,0840,6,0,0,0,1,0,0,0,0,,0,0,0,,,1,,1,,40 02:14.142,,0,75 05:21.833,3,0,0,0,67301,0,0,0,N,0,0,0,2,67301,0,,1,,9,N,N,N,0,,1,0,2,3,3,,,2,1,0,0,0,0,0,2,0,2,,07,,N,,,,,,,,,,,0,0,1,0,0,0,0,0,0,0,0,0,0,0,0,0,0,0,0,0,0,0,1,0,0,0,0,0,0,0,0,0,0,0,0,0,0,0,0,0,0,0,0,0,0,0,0,0,0,0,0,0,0,0,0,0,0,0,1,1,1,0,0,0,0,0,0,1,1,0,0,0,0,0,1,0,0,0,0,0,0,0,0,0,0,0,0,0,0,0,0,0,0,0,0,0,0,0,0,0,0,0,0,0,0,0,0,1,0,1,0,0,0,0,0,0,0,0,0,0,1,1,0,0,0,0,1,0,1
-8372723.15381239,4862713.28375926,14367,2021111805,2145,1,0,0,0,0,0,1,0,0,4,1,,67,11,2021,4,39.977768,-75.21345,2140,6,0,0,0,0,0,1,0,0,,0,0,0,,,1,,1,,39 58:39.965,,0,75 12:48.419,8,0,0,0,67301,0,0,0,N,0,0,0,2,67508,0,,1,,1,N,N,Y,0,,0,0,0,3,2,,,2,1,0,0,0,1,0,2,0,2,,03,,N,,,,,,,,,,,0,0,1,0,0,0,0,0,0,0,0,1,0,0,0,0,0,0,0,0,0,0,0,0,1,0,0,0,0,0,0,0,0,0,0,0,0,0,0,0,0,0,0,0,0,0,0,0,0,0,0,0,0,0,0,1,0,0,1,1,1,0,0,0,0,0,0,0,0,0,0,0,0,0,1,0,0,0,0,0,0,0,0,0,0,0,0,0,0,0,0,0,0,0,0,0,0,0,0,1,0,0,0,0,0,0,1,0,0,0,0,0,0,0,0,0,0,0,0,0,0,1,0,1,0,0,0,0,0
-8362183.30994856,4865007.79900865,14368,2021110711,2138,0,0,0,0,0,0,0,0,0,8,0,,67,9,2021,3,39.993561,-75.118769,2135,6,0,0,0,0,0,1,0,0,,0,0,0,,,1,N,0,,39 59:36.820,,0,75 07:07.570,3,0,0,0,67301,1,0,0,N,1,0,0,2,67301,0,,1,,1,N,N,N,1,,1,0,0,3,2,,,2,1,0,0,0,0,0,2,0,1,,03,,N,,,,,,,,,,,0,0,0,0,0,0,0,0,0,0,0,0,0,0,0,0,0,0,0,0,0,0,0,0,1,0,0,0,0,0,0,0,0,0,0,0,0,0,0,0,0,0,0,0,0,0,0,0,0,0,0,0,0,0,0,1,0,0,1,1,0,0,0,0,0,0,0,1,1,0,0,0,0,0,0,0,1,0,0,0,0,1,0,0,0,0,0,0,0,0,0,0,0,0,0,0,0,0,0,0,1,0,0,0,0,0,0,0,0,1,0,0,0,0,0,0,0,0,0,0,0,1,0,0,1,0,0,0,0
-8359901.14829458,4863709.74151989,14369,2021110432,2345,0,0,0,0,0,0,0,0,0,1,0,,67,10,2021,6,39.984627,-75.098268,2335,6,0,0,0,0,0,0,0,0,,0,0,0,,,0,N,0,,39 59:04.656,,0,75 05:53.766,9,0,0,0,67301,0,0,0,N,0,0,0,1,67301,0,,6,,1,N,N,N,0,,0,0,2,0,0,,,2,0,0,0,0,0,1,2,0,2,,03,,N,,,,,,,,,,,0,0,0,0,0,0,0,0,0,0,0,0,0,0,0,0,0,0,0,0,0,0,0,0,0,0,0,0,0,0,0,0,0,0,0,0,0,0,0,0,0,0,1,1,0,1,0,0,0,1,0,0,0,0,0,1,0,0,0,0,0,0,0,0,0,0,0,0,0,0,0,0,0,0,1,0,1,0,0,0,0,0,0,0,0,0,0,0,0,1,0,0,0,0,0,0,0,0,0,0,0,0,0,0,0,0,1,0,0,0,0,0,0,0,0,0,0,0,0,0,0,1,0,1,0,0,0,0,0
-8365600.59716536,4874123.68562536,14370,2021121597,1414,1,0,0,0,0,0,1,0,0,5,1,,67,12,2021,4,40.056269,-75.149467,1414,6,0,0,0,0,0,0,0,0,,0,0,0,,,4,N,0,,40 03:22.570,,0,75 08:58.080,8,0,0,0,67301,0,0,0,N,0,0,0,5,67301,0,,1,,1,N,N,N,0,,0,0,0,3,2,,,2,4,0,0,0,4,1,2,0,2,,03,,N,,,,,,,,,,,0,0,0,0,0,0,0,0,0,0,0,1,0,0,0,0,0,1,0,0,0,0,0,0,0,0,0,0,0,0,0,0,0,0,0,0,0,0,0,0,0,0,0,0,0,0,0,0,0,0,0,0,0,0,0,0,0,0,1,1,0,0,0,0,0,0,0,1,1,0,0,0,0,0,1,0,1,0,0,0,0,0,0,0,0,0,0,0,0,0,0,0,0,0,0,0,0,0,0,0,0,0,0,0,0,0,0,0,0,0,0,0,0,0,0,0,0,0,0,0,0,1,0,1,0,0,0,0,0
-8373023.49372715,4859168.89175344,14371,2021082481,1825,2,0,0,0,0,0,0,0,0,4,0,,67,8,2021,1,39.953365,-75.216148,1822,6,0,0,0,0,0,1,0,0,,0,0,0,,,2,,1,,39 57:12.114,,0,75 12:58.132,3,0,0,0,67301,0,0,0,N,0,0,0,3,67301,0,,1,,1,N,N,N,0,,2,0,1,2,2,,,3,2,2,0,0,0,0,2,0,3,,03,,N,,,,,,,,,,,0,0,1,0,0,0,0,0,0,0,0,0,0,0,0,0,0,1,0,0,0,0,0,0,1,0,0,0,0,0,0,0,0,0,0,0,0,0,0,0,0,0,1,0,0,1,0,0,0,0,0,0,0,0,0,0,0,0,1,1,1,0,0,0,0,0,0,1,1,0,0,0,0,0,1,0,0,0,0,0,0,0,0,0,0,0,0,0,0,0,0,0,0,0,0,0,0,0,0,1,0,0,0,0,0,0,0,0,0,1,0,0,0,0,0,0,0,1,0,0,0,1,0,1,0,0,0,0,0
-8364309.2907336,4874662.98161804,14372,2021079152,0157,4,0,0,0,0,0,0,0,0,5,0,,67,8,2021,1,40.059977,-75.137867,0155,6,0,0,0,0,0,0,0,0,,0,0,0,,,0,N,0,,40 03:35.918,,0,75 08:16.322,0,0,0,0,67301,0,0,0,N,0,0,0,1,67301,0,,6,,9,N,N,N,0,,0,0,2,0,0,,,6,0,0,0,0,0,0,2,0,6,,07,,N,,,,,,,,,,,1,0,0,0,0,0,0,0,0,0,0,0,0,0,0,0,0,0,0,0,0,0,0,0,0,0,0,0,0,0,0,0,0,0,0,0,0,0,0,0,0,0,1,0,0,0,0,0,0,0,0,0,0,0,0,1,0,0,0,0,0,0,0,0,0,0,0,0,0,0,0,0,0,0,1,0,1,0,0,0,0,0,0,0,1,0,0,0,0,0,0,0,0,0,0,0,0,0,0,0,0,0,0,0,1,0,1,0,0,0,0,0,0,0,0,0,0,0,0,0,0,1,0,1,0,0,1,0,0
-8367033.83587801,4870285.32188514,14373,2021110231,1022,0,0,0,0,0,0,0,0,0,5,0,,67,11,2021,7,40.029872,-75.162342,1018,6,0,0,0,0,0,0,0,0,,0,0,0,,,0,N,0,,40 01:47.540,,0,75 09:44.430,0,0,0,0,67301,0,0,0,N,0,0,0,0,67301,0,,1,,99,N,N,N,0,,0,0,2,0,0,,,2,0,0,0,0,0,0,2,0,2,,98,,N,,,,,,,,,,,0,0,0,0,0,0,0,0,0,0,0,0,0,0,0,0,0,0,0,0,0,0,0,0,0,0,0,0,0,0,0,0,0,0,0,0,0,0,0,0,0,0,1,0,0,1,0,0,0,0,0,0,0,0,0,1,0,0,0,0,0,0,0,0,0,0,0,1,1,0,0,0,0,0,1,0,1,0,0,0,0,0,0,0,1,0,0,0,0,0,0,0,0,0,0,0,0,0,0,0,0,0,0,0,0,0,0,0,0,0,0,0,0,0,0,0,0,0,0,0,0,1,0,1,0,0,0,0,0
-8358122.37374579,4866554.67686204,14374,2021110787,0305,0,0,0,0,0,0,0,0,0,1,0,,67,11,2021,2,40.004206,-75.082289,0305,6,0,0,0,0,0,0,0,0,,0,0,0,,,0,N,0,,40 00:15.140,,0,75 04:56.240,0,0,0,0,67301,0,0,0,N,0,0,0,0,67301,0,,6,,1,N,N,N,1,,0,0,1,0,0,,,2,0,0,0,0,0,0,2,0,2,,,,N,,,,,,,,,,,0,0,0,0,0,0,0,0,0,0,0,0,0,0,0,0,0,0,0,0,0,0,0,0,0,0,0,0,0,0,0,0,0,0,0,0,0,0,0,0,0,0,1,0,0,1,0,0,0,0,0,0,0,0,0,1,0,0,0,0,0,0,0,0,0,0,0,1,1,0,0,0,0,0,1,0,1,0,0,0,0,0,0,0,1,0,0,0,0,1,0,0,0,0,0,0,0,0,0,0,0,0,0,0,0,0,0,0,0,0,0,0,0,0,0,0,0,0,0,0,0,1,0,1,0,0,0,0,0
-8373997.20563075,4858712.19106315,14375,2021112698,1141,1,0,0,0,0,0,0,0,0,7,0,,67,11,2021,5,39.95022,-75.224895,1141,6,0,0,0,0,0,0,0,0,,0,0,0,,,0,,1,,39 57:00.791,7,0,75 13:29.621,9,0,0,0,67301,0,0,0,N,0,0,0,3,67301,0,,5,1250,1,N,N,Y,0,,0,0,0,3,3,Y,,1,0,0,0,0,0,3,2,0,1,,03,,N,,,,,,,,,,,1,0,0,0,0,0,0,0,0,0,0,0,0,0,0,0,0,0,0,0,0,0,0,0,0,0,0,0,0,0,0,0,0,0,0,0,0,0,0,1,0,0,0,0,0,0,0,0,0,0,0,0,0,0,0,0,0,0,0,0,1,0,0,0,1,0,0,1,1,0,0,0,0,0,0,1,0,0,0,0,0,0,0,0,0,0,0,0,0,0,0,0,1,0,0,0,0,0,0,0,1,0,0,0,0,0,0,1,0,0,0,1,0,0,0,0,0,0,0,0,1,1,0,1,0,0,0,0,1
-8366107.32336568,4868299.76249603,14376,2021110211,2345,3,0,0,0,0,0,0,0,0,2,0,,67,11,2021,6,40.016213,-75.154019,2331,6,0,0,0,0,0,0,0,0,,0,0,0,,,2,N,0,,40 00:58.365,1,0,75 09:14.469,3,0,0,0,67301,0,0,0,N,0,0,0,3,67301,0,,1,45,9,N,N,N,0,,2,0,1,0,0,Y,,4,2,0,0,0,0,1,2,0,4,,03,,N,,,,,,,,,,,1,0,0,0,0,0,0,0,0,0,0,0,0,0,0,0,0,0,0,0,0,0,0,0,0,0,0,0,0,0,0,0,0,0,0,0,0,0,0,0,0,0,1,0,0,0,0,0,0,0,0,1,0,0,0,1,0,0,1,1,0,0,0,1,0,0,0,0,0,0,0,0,0,0,1,0,1,0,0,0,0,0,0,0,0,0,0,0,0,0,0,0,0,0,0,0,0,0,0,0,0,0,0,0,0,0,1,0,0,1,0,0,0,0,0,0,0,0,0,0,0,1,0,1,0,0,1,0,0
-8367098.06723554,4870583.35733309,14377,2021078416,1637,0,0,0,0,0,0,0,0,0,4,0,,67,8,2021,6,40.031922,-75.162919,1637,6,0,0,0,0,0,0,0,1,,0,0,0,,,1,,1,,40 01:54.919,,0,75 09:46.508,4,0,0,0,67301,0,0,0,N,0,0,0,2,67301,1,,1,,1,N,N,N,0,,0,0,1,3,3,,,2,1,0,0,0,0,0,2,0,2,,03,,N,,,,,,,,,,,0,0,1,0,0,0,0,0,0,0,0,0,0,0,0,0,0,0,0,0,0,0,0,0,0,0,1,0,0,0,0,0,0,0,0,0,0,0,0,0,0,0,0,0,0,1,0,0,0,0,0,0,0,0,0,0,0,0,1,1,1,0,0,0,0,0,0,1,1,0,0,1,0,0,1,0,0,0,0,0,0,0,0,1,0,0,0,0,0,0,0,0,0,0,0,0,0,0,0,0,0,0,0,0,0,0,0,1,0,0,0,0,0,0,0,0,0,0,0,0,1,1,1,0,0,0,0,0,0
-8363292.052818,4874226.07404063,14378,2021067373,1440,1,0,0,0,0,0,0,0,0,1,0,,67,7,2021,5,40.056973,-75.128729,1431,6,0,0,0,0,1,2,0,0,,0,0,0,,,1,Y,0,,40 03:25.102,4,0,75 07:43.426,8,0,0,0,67301,0,0,0,N,0,0,0,5,46102,0,,1,1445,1,N,N,N,0,,0,0,2,3,2,N,,4,1,0,0,0,1,0,2,1,4,,,,N,,,,,,,,,,,0,1,0,0,0,0,0,0,0,0,0,0,0,0,0,0,0,0,1,0,0,0,0,1,1,0,0,0,0,0,0,0,0,0,0,0,0,0,0,0,0,0,0,0,0,1,0,0,0,0,0,0,0,0,0,0,1,0,1,1,0,0,0,0,0,0,0,0,0,0,0,0,0,0,1,0,1,0,0,0,0,0,0,0,0,0,0,0,0,1,0,0,0,0,0,0,0,0,0,0,0,0,0,0,0,0,1,0,0,0,0,0,0,0,0,0,0,0,0,0,0,1,0,1,0,0,0,0,1
-8368700.95654212,4858821.24567586,14379,2021110528,1746,0,0,0,0,0,0,0,0,0,8,1,,67,11,2021,6,39.950971,-75.177318,1736,6,0,0,0,0,0,0,0,0,,0,1,0,,,1,,1,,39 57:03.495,4,0,75 10:38.343,4,0,0,0,67301,1,0,0,N,1,0,0,2,67301,1,,1,1645,1,N,N,N,0,,0,0,0,3,2,N,,2,1,0,0,0,0,0,2,0,1,,,,N,,,,,,,,,,,1,0,0,0,0,0,0,0,0,0,0,1,0,0,0,0,0,0,0,0,0,0,0,0,0,0,0,0,0,0,0,0,0,0,0,0,0,0,0,0,0,0,0,0,0,0,0,0,0,0,0,0,1,0,0,0,0,0,1,1,1,0,0,0,1,0,0,1,0,0,0,0,0,0,0,0,0,0,0,0,0,1,0,1,0,0,0,0,0,0,0,0,0,0,0,0,0,0,0,1,1,0,0,0,0,0,1,0,0,0,0,0,0,0,0,0,0,0,0,0,0,1,0,1,1,0,0,0,0
-8362705.39850031,4864184.25228369,14380,2021110713,1740,1,0,0,0,0,0,0,0,0,4,0,,67,9,2021,1,39.987893,-75.123459,1740,6,0,0,0,0,0,0,0,0,,0,0,0,,,0,,1,,39 59:16.416,,0,75 07:24.452,0,0,0,0,67301,0,0,0,N,0,0,0,1,67301,0,,1,,1,N,N,N,1,,0,0,0,3,2,,,2,0,0,0,0,0,0,2,0,2,,03,,N,,,,,,,,,,,0,0,1,0,0,0,0,0,0,0,0,0,0,0,0,0,0,0,0,0,0,0,0,0,0,0,0,0,0,0,0,0,0,0,0,0,0,0,0,0,0,0,0,0,0,1,0,0,0,0,0,0,0,0,0,0,0,0,0,0,1,0,0,0,0,0,0,1,0,0,0,0,0,0,1,0,0,0,0,0,0,0,0,0,1,0,0,0,0,0,0,0,0,0,0,0,0,0,0,1,0,0,0,0,0,0,1,0,0,0,0,0,0,0,0,0,0,0,0,0,0,1,0,1,0,0,0,0,0
-8365523.89756057,4865192.62681964,14381,2021087341,0205,2,0,0,0,0,0,0,0,0,6,0,,67,8,2021,6,39.994833,-75.148778,0200,6,0,0,0,0,0,0,0,0,,0,0,0,,,0,N,0,,39 59:41.400,,0,75 08:55.600,0,0,0,0,67301,0,0,0,N,0,0,0,1,67301,0,,6,,1,N,N,N,0,,0,0,1,0,0,,,3,0,0,0,0,0,0,2,0,3,,,,N,,,,,,,,,,,0,1,0,0,0,0,0,0,0,0,0,0,0,0,0,0,0,0,1,0,0,0,0,0,0,0,0,1,1,0,0,0,0,0,0,0,0,0,0,0,0,0,1,0,0,0,0,0,0,0,0,1,0,0,1,1,1,0,0,0,0,0,0,0,0,0,0,1,1,0,0,0,0,0,1,0,1,0,0,0,0,0,0,0,1,0,0,0,0,0,0,0,0,0,0,0,0,0,0,0,0,0,0,0,0,0,0,0,0,0,0,0,0,0,0,0,0,0,0,0,0,1,0,1,0,0,0,0,0
-8353932.64094003,4870483.62409944,14382,2021123065,2019,2,0,0,0,0,0,0,0,0,2,0,,67,12,2021,2,40.031236,-75.044652,1958,6,0,0,0,0,0,0,0,0,,0,0,0,,,3,,1,,40 01:52.449,,0,75 02:40.748,8,0,0,0,67301,0,0,0,N,0,0,0,3,67301,0,,1,,1,N,N,N,0,,0,0,0,3,3,,,2,3,0,0,0,3,0,2,0,2,,,,N,,,,,,,,,,,1,0,0,0,0,0,0,0,0,0,0,0,0,0,0,0,0,0,0,0,0,0,0,0,0,0,0,0,0,0,0,0,0,0,0,0,0,0,0,0,0,0,0,0,0,0,0,0,0,0,0,1,0,0,0,1,0,0,1,1,1,0,0,0,0,0,0,1,1,0,0,0,0,0,1,0,0,1,0,0,0,0,0,0,0,0,0,0,0,0,0,0,0,0,0,0,0,0,0,0,0,0,0,0,0,0,0,1,0,0,0,0,0,0,0,0,0,0,0,0,1,1,0,1,0,0,0,0,0
-8368219.49992276,4864947.78851586,14383,2021110508,1320,4,0,0,0,0,0,0,0,0,4,0,,67,11,2021,7,39.993148,-75.172993,1310,6,0,0,0,0,0,0,0,0,,0,0,0,,,0,,1,,39 59:35.332,1,0,75 10:22.774,9,0,0,0,67301,0,0,0,N,0,0,0,2,67301,0,,1,1400,1,N,N,N,0,,0,0,0,3,3,Y,,5,0,1,0,0,0,1,2,0,5,,04,,N,,,,,,,,,,,1,0,1,0,0,0,0,0,0,0,0,0,0,0,0,0,0,0,0,0,0,0,0,0,0,0,0,0,0,0,0,0,0,0,0,0,0,0,0,0,0,0,1,0,0,1,0,0,0,0,0,0,0,0,0,0,0,0,0,0,1,0,0,0,0,0,0,1,1,0,0,0,0,0,1,0,0,0,0,0,0,0,0,0,0,0,0,0,0,0,0,0,1,0,0,0,0,0,0,0,0,0,0,0,0,0,0,1,0,0,0,0,0,0,0,0,0,1,0,0,1,1,0,1,0,0,0,0,0
-8363901.5268126,4865146.71022516,14384,2021104304,1211,0,0,0,0,0,0,0,0,0,8,0,,67,7,2021,2,39.994517,-75.134204,1206,6,0,0,0,0,0,0,0,0,,0,0,0,,,1,,1,,39 59:40.261,,0,75 08:03.134,8,0,0,0,67301,1,0,0,N,1,0,0,2,67301,0,,1,,1,N,N,N,1,,0,0,0,3,2,,,2,1,0,0,0,1,0,2,0,1,,03,,N,,,,,,,,,,,0,0,0,0,0,0,0,0,0,0,0,0,0,0,0,0,0,0,0,0,0,0,0,0,0,0,0,0,0,0,0,0,0,0,0,0,0,0,0,0,0,0,0,0,0,1,0,0,0,0,0,0,0,0,0,0,0,0,1,1,1,0,0,0,0,0,0,1,1,0,0,0,0,0,0,0,0,0,0,0,0,1,0,0,0,0,0,0,0,0,0,0,0,0,0,0,0,0,0,1,1,0,0,0,0,0,0,0,0,0,0,0,0,0,0,0,0,0,0,0,0,1,0,0,1,0,0,0,0
-8357846.4127942,4871320.48861284,14385,2021112584,2333,0,0,0,0,0,0,0,0,0,4,0,,67,9,2021,7,40.036992,-75.07981,2330,6,0,0,0,0,0,0,0,0,,0,0,0,,,1,,1,,40 02:13.172,5,0,75 04:47.317,2,0,1,1,67301,0,0,0,N,0,0,0,2,67301,0,,1,200,1,N,N,N,0,,0,1,0,3,2,Y,,2,1,0,0,0,0,0,2,0,2,,,,N,,,,,,,,,,,0,0,1,0,0,0,0,0,0,0,0,0,0,0,0,0,0,0,0,0,0,0,0,0,0,0,0,0,0,0,1,0,0,0,0,0,0,0,0,0,0,0,0,0,0,1,0,0,0,0,0,0,0,0,0,1,0,0,1,1,1,0,0,0,0,0,0,1,0,0,0,0,0,1,1,0,0,0,0,0,0,0,0,0,0,0,0,0,0,0,0,0,0,0,0,0,0,0,0,1,0,0,0,0,0,0,1,0,0,0,1,0,0,0,0,0,0,0,0,0,0,1,0,1,0,0,0,0,0
-8355333.04066751,4874741.52265498,14386,2021112583,0422,0,0,0,0,0,0,0,0,0,8,0,,67,9,2021,7,40.060517,-75.057232,0416,6,0,0,0,0,0,0,0,0,,0,0,0,,,1,,1,,40 03:37.862,,0,75 03:26.035,2,0,0,0,67301,1,0,1,N,1,0,1,1,67301,0,,1,,1,N,N,N,0,,0,1,0,0,0,,,2,1,0,0,0,0,0,2,0,1,,03,,N,,,,,,,,,,,0,0,0,0,0,0,0,0,0,0,0,0,0,0,0,0,0,0,0,0,0,0,0,0,0,0,0,0,0,0,1,0,0,0,0,0,0,0,0,0,0,0,0,0,0,1,0,0,0,0,0,0,0,0,0,1,0,0,1,1,1,0,0,0,0,0,0,1,0,0,0,0,0,0,0,0,0,0,0,0,0,1,0,0,0,0,0,0,0,0,0,0,0,0,0,0,0,0,0,0,1,0,0,0,0,0,1,0,0,0,1,0,0,0,0,0,0,0,0,0,1,1,0,0,1,0,0,0,0
-8367127.34435088,4872787.49823691,14387,2021081229,1800,1,0,0,0,0,0,0,0,0,4,0,,67,8,2021,5,40.047081,-75.163182,1751,6,0,0,0,0,0,0,0,0,,0,0,0,,,3,,1,,40 02:49.491,6,0,75 09:47.455,3,0,0,0,67301,0,0,0,N,0,0,0,4,67301,0,,1,1900,1,N,N,N,0,,3,0,1,3,2,Y,,2,3,0,0,0,0,1,2,0,2,,03,,N,,,,,,,,,,,1,0,1,0,0,0,0,0,0,0,1,0,0,0,0,0,0,0,0,0,0,0,0,0,0,0,0,0,0,0,0,0,0,0,0,0,0,0,0,0,0,0,0,0,0,1,0,0,0,0,0,0,0,0,0,0,0,0,1,1,1,0,0,0,1,0,0,1,1,0,0,0,0,0,1,0,0,0,0,0,0,0,0,0,0,0,0,0,0,0,0,0,0,0,0,0,0,0,0,1,0,0,0,0,0,0,0,0,0,1,0,0,0,0,0,0,0,0,0,0,0,1,0,1,0,0,0,0,0