X,Y,objectid,crn,arrival_tm,automobile_count,belted_death_count,belted_susp_serious_inj_count,bicycle_count,bicycle_death_count,bicycle_susp_serious_inj_count,bus_count,chldpas_death_count,chldpas_susp_serious_inj_count,collision_type,comm_veh_count,cons_zone_spd_lim,county,crash_month,crash_year,day_of_week,dec_latitude,dec_longitude,dispatch_tm,district,driver_count_16yr,driver_count_17yr,driver_count_18yr,driver_count_19yr,driver_count_20yr,driver_count_50_64yr,driver_count_65_74yr,driver_count_75plus,est_hrs_closed,fatal_count,heavy_truck_count,horse_buggy_count,hour_of_day,illumination,injury_count,intersection_related_x,intersect_type,lane_closed,latitude,ln_close_dir,location_type,longitude,max_severity_level,mcycle_death_count,mcycle_susp_serious_inj_count,motorcycle_count,municipality,nonmotr_count,nonmotr_death_count,nonmotr_susp_serious_inj_count,ntfy_hiwy_maint,ped_count,ped_death_count,ped_susp_serious_inj_count,person_count,police_agcy,possible_inj_count,rdwy_surf_type_cd,relation_to_road,roadway_cleared,road_condition,sch_bus_ind,sch_zone_ind,secondary_crash,small_truck_count,spec_juris_cd,susp_minor_inj_count,susp_serious_inj_count,suv_count,tcd_func_cd,tcd_type,tfc_detour_ind,time_of_day,total_units,tot_inj_count,unbelted_occ_count,unb_death_count,unb_susp_serious_inj_count,unk_inj_deg_count,unk_inj_per_count,urban_rural,van_count,vehicle_count,weather1,weather2,workers_pres,work_zone_ind,work_zone_loc,work_zone_type,wz_close_detour,wz_flagger,wz_law_offcr_ind,wz_ln_closure,wz_moving,wz_other,wz_shlder_mdn,wz_workers_inj_killed,aggressive_driving,alcohol_related,angle_crash,atv,atv_route,backup_congestion,backup_nonrecurring,backup_prior,bicycle,cell_phone,child_passenger,comm_vehicle,core_network,cross_median,curved_road,curve_dvr_error,deer_related,distracted,drinking_driver,driver_16yr,driver_17yr,driver_18yr,driver_19yr,driver_20yr,driver_50_64yr,driver_65_74yr,driver_75plus,drugged_driver,drug_related,fatal,fatal_or_susp_serious_inj,fatigue_asleep,federal_aid_route,fire_in_vehicle,hazardous_truck,hit_barrier,hit_bridge,hit_deer,hit_embankment,hit_fixed_object,hit_gdrail,hit_gdrail_end,hit_parked_vehicle,hit_pole,hit_roadway_equipment,hit_run,hit_temp_construction_barrier,hit_traffic_island,hit_tree_shrub,hit_utility_pole,horse_buggy,ho_oppdir_sdswp,hvy_truck_related,icy_road,illegal_drug_related,illumination_dark,impaired_driver,impaired_nonmotorist,injury,injury_or_fatal,intersection,intersection_related_y,interstate,lane_departure,left_turn,limit_65mph,limit_70mph,local_road,local_road_only,marijuana_drugged_driver,marijuana_related,mature_driver,mc_drinking_driver,motorcycle,multiple_vehicle,nhtsa_agg_driving,non_intersection,no_clearance,opioid_related,other_freeway_expressway,overturned,pedestrian,phantom_vehicle,possible_injury,property_damage_only,psp_reported,ramp,ramp_segment,ramp_terminal,rear_end,roundabout,running_red_lt,running_stop_sign,rural,school_bus,school_bus_related,school_bus_unit,school_zone,shldr_related,signalized_int,single_vehicle,snowmobile,snow_slush_road,speeding,speeding_related,speed_change_lane,state_road,stop_controlled_int,sudden_deer,suspected_minor_injury,suspected_serious_injury,sv_run_off_rd,tailgating,train,train_trolley,trolley,turnpike,unbelted,underage_drnk_drv,unlicensed,unsignalized_int,urban,vehicle_failure,vehicle_towed,vulnerable_road_user,vulnerable_road_user_fatal,wet_road,work_zone,young_driver
-8374064.77664219,4859691.40054474,15258,2021109377,1317,1,0,0,0,0,0,0,0,0,4,0,,67,11,2021,6,39.956963,-75.225502,1315,6,0,0,0,0,0,0,0,1,,0,0,0,,,0,,1,,39 57:25.067,,0,75 13:31.807,0,0,0,0,67301,0,0,0,N,0,0,0,2,67301,0,,1,,1,N,N,N,0,,0,0,1,,2,,,2,0,1,0,0,0,0,2,0,2,,,,N,,,,,,,,,,,0,0,1,0,0,0,0,0,0,0,0,0,0,0,0,0,0,0,0,0,0,0,0,0,0,0,1,0,0,0,0,0,0,0,0,0,0,0,0,0,0,0,0,0,0,0,0,0,0,0,0,0,0,0,0,0,0,0,0,0,1,0,0,0,0,0,0,0,0,0,0,1,0,0,1,0,0,0,0,0,0,0,0,0,1,0,0,0,0,0,0,0,0,0,0,0,0,0,0,1,0,0,0,0,0,0,1,0,0,0,0,0,0,0,0,0,0,1,0,0,0,1,0,1,0,0,0,0,0
-8374601.44778686,4853032.994812,15259,2021128662,2145,1,0,0,0,0,0,0,0,0,4,0,,67,12,2021,5,39.911099,-75.230323,2145,6,0,0,0,0,0,1,0,0,,0,0,0,,,1,,1,,39 54:39.956,,0,75 13:49.162,3,0,0,0,67301,0,0,0,N,0,0,0,2,67301,0,,1,,1,N,N,N,0,,1,0,1,,2,,,2,1,0,0,0,0,0,2,0,2,,04,,N,,,,,,,,,,,1,0,1,0,0,0,0,0,0,0,0,0,0,0,0,0,0,0,0,0,0,0,0,0,1,0,0,0,0,0,0,0,0,0,0,0,0,0,0,0,0,0,0,0,0,0,0,0,0,0,0,0,0,0,0,1,0,0,1,1,1,0,0,0,1,0,0,1,1,0,0,0,0,0,1,0,0,0,0,0,0,0,0,0,0,0,0,0,0,0,0,1,0,0,0,0,0,0,0,1,0,0,0,0,0,0,0,0,0,1,0,0,0,0,0,0,0,0,0,0,0,1,0,1,0,0,0,0,0
-8371143.1957202,4858867.2782306,15260,2021107189,1040,1,0,0,0,0,0,0,0,0,1,0,,67,11,2021,6,39.951288,-75.199257,1036,6,0,0,0,0,0,0,0,0,,0,0,0,,,0,,1,,39 57:04.636,,0,75 11:57.326,0,0,0,0,67301,0,0,0,N,0,0,0,2,67504,0,,1,,1,N,N,N,0,,0,0,1,,2,,,2,0,0,0,0,0,0,2,0,2,,03,,N,,,,,,,,,,,0,0,0,0,0,0,0,0,0,0,0,0,0,0,0,0,0,1,0,0,0,0,0,0,0,0,0,0,0,0,0,0,0,0,0,0,0,0,0,0,0,0,0,0,0,0,0,0,0,0,0,0,0,0,0,0,0,0,0,0,1,0,0,0,0,0,0,1,0,0,0,0,0,0,1,0,0,0,0,0,0,0,0,0,1,0,0,0,0,1,0,0,0,0,0,0,0,0,0,1,0,0,0,0,0,0,1,0,0,0,0,0,0,0,0,0,0,0,0,0,0,1,0,1,0,0,0,0,0
-8355466.29010527,4871795.36383224,15261,2021107994,1251,1,0,0,0,0,0,0,0,0,4,0,,67,11,2021,3,40.040258,-75.058429,1251,6,0,0,0,0,0,0,1,0,,0,0,0,,,2,,1,,40 02:24.930,,0,75 03:30.344,8,0,0,0,67301,0,0,0,N,0,0,0,3,67301,0,,1,,1,N,N,N,0,,0,0,1,,2,,,2,2,0,0,0,2,0,2,0,2,,,,N,,,,,,,,,,,1,0,1,0,0,0,0,0,0,0,0,0,0,0,0,0,0,0,0,0,0,0,0,0,0,1,0,0,0,0,0,0,0,0,0,0,0,0,0,0,0,0,0,0,0,0,0,0,0,0,0,0,0,0,0,0,0,0,1,1,1,0,0,0,0,0,0,1,0,0,0,1,0,0,1,1,0,0,0,0,0,0,0,0,0,0,0,0,0,0,0,1,0,0,0,0,0,0,0,1,0,0,0,0,1,0,1,0,0,0,0,0,0,0,0,0,0,0,0,0,0,1,0,1,0,0,0,0,0
-8350337.24327256,4880366.65550591,15262,2021106350,0843,2,0,0,0,0,0,0,0,0,4,0,,67,11,2021,4,40.099181,-75.012354,0825,6,0,0,0,0,1,1,0,0,,0,0,0,,,1,,1,,40 05:57.051,,0,75 00:44.474,3,0,0,0,67301,0,0,0,N,0,0,0,2,67301,0,,1,,1,N,N,N,0,,1,0,0,,2,,,2,1,0,0,0,0,0,2,0,2,,03,,N,,,,,,,,,,,0,0,1,0,0,0,0,0,0,0,0,0,0,0,0,0,0,0,0,0,0,0,0,1,1,0,0,0,0,0,0,0,0,0,0,0,0,0,0,0,0,0,0,0,0,0,0,0,0,0,0,0,0,0,0,0,0,0,1,1,1,0,0,0,1,0,0,1,1,0,0,0,0,0,1,0,0,0,0,0,0,0,0,0,0,0,0,0,0,0,0,0,0,0,0,0,0,0,0,1,0,0,0,0,0,0,0,0,0,1,0,0,0,0,0,0,0,0,0,0,0,1,0,0,0,0,0,0,1
-8366891.23516193,4861642.99208082,15263,2021107808,2331,0,0,0,0,0,0,0,0,0,8,0,,67,11,2021,1,39.9704,-75.161061,2325,6,0,0,0,0,0,0,0,0,,0,0,0,,,1,N,0,,39 58:13.440,,0,75 09:39.820,3,0,0,0,67301,1,0,0,N,1,0,0,2,67301,0,,1,,1,N,N,N,0,,1,0,1,,0,,,2,1,0,0,0,0,0,2,0,1,,03,,N,,,,,,,,,,,0,1,0,0,0,0,0,0,0,0,0,0,0,0,0,0,0,0,0,0,0,0,0,0,0,0,0,0,0,0,0,0,0,0,0,0,0,0,0,0,0,0,0,0,0,1,0,0,0,0,0,0,0,0,0,1,0,1,1,1,0,0,0,0,0,0,0,1,1,0,0,0,0,0,0,0,1,0,0,0,0,1,0,0,0,0,0,0,0,0,0,0,0,0,0,0,0,0,0,0,1,0,0,0,0,0,0,0,0,1,0,0,0,0,0,0,0,0,0,0,0,1,0,0,1,0,0,0,0
-8364526.02954066,4869073.79128082,15264,2021121252,0110,2,0,0,0,0,0,0,0,0,4,0,,67,12,2021,7,40.021538,-75.139814,0105,6,0,0,0,0,0,0,0,0,,0,0,0,,,2,,1,,40 01:17.537,,0,75 08:23.331,4,0,0,0,67301,0,0,0,N,0,0,0,5,67301,2,,1,,8,N,N,N,0,,0,0,0,,2,,,2,2,0,0,0,0,0,2,0,2,,07,,N,,,,,,,,,,,1,0,1,0,0,0,0,0,0,0,1,0,1,0,0,0,0,0,0,0,0,0,0,0,0,0,0,0,0,0,0,0,0,0,0,0,0,0,0,0,0,0,0,0,0,0,0,0,0,0,0,0,0,0,0,1,0,0,1,1,1,0,0,0,1,0,0,1,0,0,0,0,0,0,1,0,0,0,0,0,0,0,0,1,0,0,0,0,0,0,0,0,0,0,0,0,0,0,0,1,0,0,0,0,0,0,1,0,0,0,0,0,0,0,0,0,0,0,0,0,0,1,0,1,0,0,1,0,0
-8371918.53620617,4859664.5338713,15265,2021107188,0354,2,0,0,0,0,0,0,0,0,2,0,,67,11,2021,6,39.956778,-75.206222,0354,6,0,0,0,0,0,0,0,0,,0,0,0,,,0,N,0,,39 57:24.400,,0,75 12:22.400,0,0,0,0,67301,0,0,0,N,0,0,0,1,67504,0,,6,,1,N,N,N,1,,0,0,0,,0,,,3,0,1,0,0,0,0,2,0,3,,,,N,,,,,,,,,,,1,1,0,0,0,0,0,0,0,0,0,0,0,0,0,0,0,0,1,0,0,0,0,0,0,0,0,0,0,0,0,0,0,0,0,0,0,0,0,0,0,0,1,0,0,0,0,0,0,0,0,1,0,0,0,1,1,0,0,0,0,0,0,0,0,0,0,1,1,0,0,0,0,0,1,0,1,0,0,0,0,0,0,0,1,0,0,0,0,0,0,0,0,0,0,0,0,0,0,0,0,0,0,1,1,0,0,0,0,0,0,0,0,0,0,0,0,1,0,0,0,1,0,1,0,0,0,0,0
-8366363.24674214,4862394.42135258,15266,2021128672,1648,1,0,0,0,0,0,0,0,0,4,0,,67,12,2021,6,39.975573,-75.156318,1646,6,0,0,0,0,0,1,0,0,,0,0,0,,,0,,1,,39 58:32.062,,0,75 09:22.744,0,0,0,0,67301,0,0,0,N,0,0,0,2,67301,0,,1,,1,N,N,N,1,,0,0,0,,2,,,2,0,0,0,0,0,0,2,0,2,,03,,N,,,,,,,,,,,0,0,1,0,0,0,0,0,0,0,0,0,0,0,0,0,0,0,0,0,0,0,0,0,1,0,0,0,0,0,0,0,0,0,0,0,0,0,0,0,0,0,0,0,0,0,0,0,0,0,0,0,0,0,0,0,0,0,0,0,1,0,0,0,0,0,0,1,1,0,0,0,0,0,1,0,0,0,0,0,0,0,0,0,1,0,0,0,0,0,0,0,0,0,0,0,0,0,0,1,0,0,0,0,0,0,0,0,0,0,0,0,0,0,0,0,0,0,0,0,0,1,0,1,0,0,0,0,0
-8374824.97762203,4857717.83235526,15267,2021128663,0800,2,0,0,0,0,0,0,0,0,1,0,,67,12,2021,6,39.943372,-75.232331,0751,6,0,0,0,0,0,0,0,0,,0,0,0,,,0,,1,,39 56:36.138,,0,75 13:56.392,0,0,0,0,67301,0,0,0,N,0,0,0,2,67301,0,,1,,9,N,N,N,0,,0,0,0,,2,,,2,0,0,0,0,0,0,2,0,2,,,,N,,,,,,,,,,,0,0,0,0,0,0,0,0,0,0,0,0,0,0,0,0,0,0,0,0,0,0,0,0,0,0,0,0,0,0,0,0,0,0,0,0,0,0,0,0,0,0,0,0,0,0,0,0,0,0,0,0,0,0,0,1,0,0,0,0,1,0,0,0,0,0,0,1,0,0,0,0,0,0,1,0,0,0,0,0,0,0,0,0,1,0,0,0,0,1,0,0,0,0,0,0,0,0,0,1,0,0,0,0,0,0,1,0,0,0,0,0,0,0,0,0,0,0,0,0,0,1,0,1,0,0,1,0,0
-8375695.6073207,4851946.76706712,15268,2021120947,0815,2,0,0,0,0,0,0,0,0,5,0,,67,12,2021,6,39.903614,-75.240152,0757,6,0,0,0,0,0,0,0,0,,0,0,0,,,0,N,0,,39 54:13.010,,0,75 14:24.547,0,0,0,0,67301,0,0,0,N,0,0,0,2,67301,0,,1,,1,N,N,N,0,,0,0,0,,0,,,3,0,0,0,0,0,0,2,0,2,,03,,N,,,,,,,,,,,0,0,0,0,0,0,0,0,0,0,0,0,0,0,0,0,0,0,0,0,0,0,0,0,0,0,0,0,0,0,0,0,0,0,0,0,0,0,0,0,0,0,0,0,0,0,0,0,0,0,0,0,0,0,0,0,0,0,0,0,0,0,0,0,0,0,0,0,0,0,0,0,0,0,1,0,1,0,0,0,0,0,1,0,1,0,0,0,0,0,0,0,0,0,0,0,0,0,0,0,0,0,0,0,0,0,1,0,0,0,0,0,0,0,0,0,0,0,0,0,0,1,0,1,0,0,0,0,0
-8375313.22472852,4850640.54839751,15269,2021121651,0420,1,0,0,0,0,0,0,0,0,7,0,,67,12,2021,6,39.894612,-75.236717,0416,6,0,0,0,0,0,0,0,0,,0,0,0,,,0,N,1,,39 53:40.603,,0,75 14:12.181,0,0,0,0,67301,0,0,0,N,0,0,0,1,67301,0,,4,,1,N,N,N,0,,0,0,0,,2,,,1,0,1,0,0,0,0,2,0,1,,04,,N,,,,,,,,,,,0,0,0,0,0,0,0,0,0,0,0,0,0,0,0,0,0,0,0,0,0,0,0,0,0,0,0,0,0,0,0,0,0,0,0,0,0,0,0,1,0,0,0,1,0,0,0,0,0,0,0,0,0,0,0,1,0,0,0,0,1,0,0,0,0,0,0,0,0,0,0,0,0,0,0,0,0,0,0,0,0,0,0,0,1,0,0,0,0,0,0,0,0,0,0,0,0,0,0,1,1,0,0,0,0,0,1,0,0,0,0,1,0,0,0,0,0,1,0,0,0,1,0,1,0,0,0,0,0
-8350900.9650411,4872467.73077494,15270,2021128126,,0,0,0,0,0,0,0,0,0,4,0,,67,10,2021,7,40.044882,-75.017418,,6,0,0,0,0,0,0,0,0,,0,0,0,,,1,,1,,40 02:41.574,,0,75 01:02.705,8,0,0,0,67301,0,0,0,N,0,0,0,2,00000,0,,1,,1,N,N,N,0,,0,0,2,,3,,,2,1,0,0,0,1,0,2,0,2,,,,N,,,,,,,,,,,1,0,1,0,0,0,0,0,0,0,0,0,0,0,0,0,0,0,0,0,0,0,0,0,0,0,0,0,0,0,0,0,0,0,0,0,0,0,0,0,0,0,0,0,0,0,0,0,0,0,0,0,0,0,0,0,0,0,1,1,1,0,0,0,0,0,0,1,0,0,0,0,0,0,1,0,0,0,0,0,0,0,0,0,0,0,0,0,0,0,0,0,1,0,0,0,0,0,0,0,0,0,0,0,0,0,1,1,0,0,0,0,0,0,0,0,0,0,0,0,1,1,0,0,0,0,0,0,0
-8360171.65483883,4867024.38234936,15271,2021124518,2127,0,0,0,0,0,0,0,0,0,4,0,,67,12,2021,4,40.007438,-75.100698,2124,6,0,0,0,0,0,0,0,0,,0,0,0,,,1,,1,,40 00:26.778,7,0,75 06:02.514,8,0,0,0,67301,0,0,0,N,0,0,0,3,67301,0,,1,2230,1,N,N,N,0,,0,0,2,,2,Y,,3,1,0,0,0,1,2,2,1,3,,03,,N,,,,,,,,,,,0,0,1,0,0,0,0,0,0,0,0,0,0,0,0,0,0,0,0,0,0,0,0,0,0,0,0,0,0,0,0,0,0,0,0,0,0,0,0,0,0,0,1,0,0,0,0,0,0,0,0,0,0,0,0,1,0,0,1,1,1,0,0,0,0,0,0,1,1,0,0,0,0,0,1,0,0,0,0,0,0,0,0,0,0,0,0,0,0,0,0,0,0,0,0,0,0,0,0,1,0,0,0,0,0,0,0,0,0,0,0,0,0,0,0,0,0,0,0,0,0,1,0,1,0,0,0,0,0
-8365664.82775492,4857974.39913027,15272,2021128097,0245,1,0,0,0,0,0,0,0,0,4,0,,67,12,2021,5,39.945139,-75.150044,0240,6,0,0,0,0,0,1,0,0,,0,0,0,,,0,,1,,39 56:42.500,,0,75 09:00.158,0,0,0,0,67301,0,0,0,N,0,0,0,3,67301,0,,1,,9,N,N,N,0,,0,0,1,,2,,,2,0,0,0,0,0,0,2,0,2,,07,,N,,,,,,,,,,,1,0,1,0,0,0,0,0,0,0,0,0,0,0,0,0,0,0,0,0,0,0,0,0,1,0,0,0,0,0,0,0,0,0,0,0,0,0,0,0,0,0,0,0,0,0,0,0,0,0,0,0,0,0,0,1,0,0,0,0,1,0,0,0,0,0,0,1,1,0,0,0,0,0,1,1,0,0,0,0,0,0,0,0,1,0,0,0,0,0,0,1,0,0,0,0,0,0,0,1,0,0,0,0,0,0,0,0,0,0,0,0,0,0,0,0,0,0,0,0,0,1,0,1,0,0,1,0,0
-8354942.75414223,4868925.37701785,15273,2021106369,1607,1,0,0,0,0,0,0,0,0,8,0,,67,11,2021,3,40.020517,-75.053726,1607,6,0,0,0,0,0,0,0,0,,0,0,0,,,1,,1,,40 01:13.862,,0,75 03:13.412,4,0,0,0,67301,1,0,0,N,1,0,0,2,67301,1,,1,,9,N,N,N,0,,0,0,0,,2,,,2,1,0,0,0,0,0,2,0,1,,07,,N,,,,,,,,,,,0,0,0,0,0,0,1,0,0,0,0,0,0,0,0,0,0,0,0,0,0,0,0,0,0,0,0,0,0,0,0,0,0,0,0,0,0,0,0,0,0,0,0,0,0,1,0,0,0,0,0,0,0,0,0,1,0,0,1,1,1,0,0,0,0,0,0,0,0,0,0,0,0,0,0,0,0,0,0,0,0,1,0,1,0,0,0,0,0,0,0,0,0,0,0,0,0,0,0,1,1,0,0,0,0,0,1,0,0,0,0,0,0,0,0,0,0,0,0,0,0,1,0,0,1,0,1,0,0
-8366613.3815551,4858704.49519707,15274,2021127220,1518,0,0,0,0,0,0,0,0,0,8,0,,67,12,2021,5,39.950167,-75.158565,1508,6,0,0,0,0,0,0,0,0,,0,0,0,,,1,,1,,39 57:00.602,,0,75 09:30.834,4,0,0,0,67301,1,0,0,N,1,0,0,2,67301,1,,1,,1,N,N,N,0,,0,0,1,,2,,,2,1,1,0,0,0,0,2,0,1,,03,,N,,,,,,,,,,,1,0,0,0,0,0,0,0,0,0,0,0,0,0,0,0,0,0,0,0,0,0,0,0,0,0,0,0,0,0,0,0,0,0,0,0,0,0,0,0,0,0,0,0,0,0,0,0,0,0,0,0,0,0,0,0,0,0,1,1,1,0,0,0,1,0,0,1,0,0,0,0,0,0,0,0,0,0,0,0,0,1,0,1,0,0,0,0,0,0,0,0,0,0,0,0,0,0,0,1,1,0,0,0,0,0,1,0,0,0,0,0,0,0,0,0,0,1,0,0,0,1,0,0,1,0,0,0,0
-8369419.74679262,4859164.68058813,15275,2021109376,0220,2,0,0,0,0,0,0,0,0,4,0,,67,11,2021,5,39.953336,-75.183775,0214,6,0,0,0,0,0,0,0,0,,0,0,0,,,0,,1,,39 57:12.011,,0,75 11:01.589,0,0,0,0,67301,0,0,0,N,0,0,0,3,67301,0,,1,,1,N,N,N,0,,0,0,0,,2,,,2,0,0,0,0,0,0,2,0,2,,03,,N,,,,,,,,,,,1,0,1,0,0,0,0,0,0,0,0,0,0,0,0,0,0,0,0,0,0,0,0,0,0,0,0,0,0,0,0,0,0,0,0,0,0,0,0,0,0,0,0,0,0,0,0,0,0,0,0,0,0,0,0,1,0,0,0,0,1,0,0,0,0,0,0,1,0,0,0,0,0,0,1,0,0,0,0,0,0,0,0,0,1,0,0,0,0,0,0,1,0,0,0,0,0,0,0,1,0,0,0,0,0,0,1,0,0,0,0,0,0,0,0,0,0,0,0,0,0,1,0,1,0,0,0,0,0
-8358776.04207306,4870316.86994142,15276,2021115275,2045,2,0,0,0,0,0,0,0,0,4,0,,67,11,2021,2,40.030089,-75.088161,2035,6,0,0,0,0,2,0,0,0,,0,0,0,,,2,,1,,40 01:48.320,2,0,75 05:17.380,3,0,0,0,67301,0,0,0,N,0,0,0,4,67301,1,,1,2100,1,N,N,N,0,,1,0,1,,2,Y,,3,2,0,0,0,0,0,2,0,3,,03,,N,,,,,,,,,,,1,0,1,0,0,0,0,0,0,0,0,0,1,0,0,0,0,0,0,0,0,0,0,1,0,0,0,0,0,0,0,0,0,0,0,0,0,0,0,0,0,0,0,0,0,1,0,0,0,0,0,0,0,0,0,1,0,0,1,1,1,0,0,0,0,0,0,1,0,0,0,0,0,0,1,0,0,0,0,0,0,0,0,1,0,0,0,0,0,0,0,1,0,0,0,0,0,0,0,1,0,0,0,0,0,0,1,0,0,1,0,0,0,0,0,0,0,0,0,0,0,1,0,1,0,0,0,0,1
-8356942.05281884,4867134.69100749,15277,2021123526,1040,1,0,0,0,0,0,0,0,0,8,0,,67,12,2021,4,40.008197,-75.071686,1026,6,0,0,0,0,0,0,0,0,,0,0,0,,,1,,2,,40 00:29.508,,0,75 04:18.071,3,0,0,0,67301,1,0,0,N,1,0,0,3,67301,0,,1,,1,N,N,N,0,,1,0,0,,3,,,2,1,2,0,0,0,0,2,0,1,,03,,N,,,,,,,,,,,1,0,0,0,0,0,0,0,0,0,0,0,0,0,0,0,0,0,0,0,0,0,0,0,0,0,0,0,0,0,0,0,0,0,0,0,0,0,0,0,0,0,0,0,0,0,0,0,0,0,0,0,0,0,0,0,0,0,1,1,1,0,0,0,1,0,0,1,0,0,0,0,0,0,0,0,0,0,0,0,0,1,0,0,0,0,0,0,0,0,0,0,0,0,0,0,0,0,0,0,1,0,0,0,0,0,1,1,0,1,0,0,0,0,0,0,0,1,0,0,1,1,0,0,1,0,0,0,0
-8363047.5950924,4874036.71465766,15278,2021106784,1744,0,0,0,0,0,0,0,0,0,3,0,,67,11,2021,4,40.055671,-75.126533,1738,6,0,0,0,0,0,2,0,0,,0,0,0,,,0,N,0,,40 03:20.417,,0,75 07:35.517,0,0,0,0,67301,0,0,0,N,0,0,0,3,46102,0,,1,,1,N,N,Y,0,,0,0,1,,0,,,2,0,0,0,0,0,0,2,1,2,,03,,N,,,,,,,,,,,0,0,0,0,0,0,0,0,0,0,0,0,0,0,0,0,0,0,0,0,0,0,0,0,1,0,0,0,0,0,0,0,0,0,0,0,0,0,0,0,0,0,0,0,0,0,0,0,0,0,0,0,0,0,0,0,0,0,0,0,0,0,0,0,0,0,0,0,0,0,0,0,0,0,1,0,1,0,0,0,0,0,0,0,1,0,0,0,0,0,0,0,0,0,0,0,0,0,0,0,0,0,0,0,0,0,1,0,0,0,0,0,0,0,0,0,0,0,0,0,0,1,0,1,0,0,0,0,0
-8369032.35537867,4872309.6672382,15279,2021128590,0803,2,0,0,0,0,0,0,0,0,6,0,,67,12,2021,6,40.043795,-75.180295,0759,6,0,0,0,0,0,0,0,0,,0,0,0,,,1,N,0,,40 02:37.662,,0,75 10:49.063,8,0,0,0,67301,0,0,0,N,0,0,0,2,67301,0,,6,,9,N,N,Y,0,,0,0,2,,0,,,4,1,1,0,0,1,0,2,0,4,,04,,N,,,,,,,,,,,0,0,0,0,0,0,0,0,0,0,0,0,0,1,0,0,0,0,0,0,0,0,0,0,0,0,0,0,0,0,0,0,0,0,0,0,0,0,0,0,0,0,1,0,0,1,0,0,0,0,0,1,0,0,0,1,0,0,1,1,0,0,0,0,0,0,0,0,0,0,0,0,0,0,1,0,1,0,0,0,0,0,0,0,0,0,0,0,0,0,0,0,0,0,0,0,0,0,0,0,0,0,0,0,0,0,1,0,0,0,0,0,0,0,0,0,0,1,0,0,0,1,0,1,0,0,1,0,0
-8361449.38038508,4867697.58822675,15280,2021107770,0758,1,0,0,0,0,0,0,0,0,4,0,,67,11,2021,3,40.01207,-75.112176,0758,6,0,0,1,0,0,0,0,0,,0,0,0,,,3,,1,,40 00:43.452,1,0,75 06:43.833,3,0,0,0,67301,0,0,0,N,0,0,0,3,67301,0,,1,820,1,N,N,N,0,,3,0,1,,2,Y,,2,3,0,0,0,0,0,2,0,2,,03,,N,,,,,,,,,,,0,0,1,0,0,0,0,0,0,0,0,0,0,0,0,0,0,0,0,0,0,1,0,0,0,0,0,0,0,0,0,0,0,0,0,0,0,0,0,0,0,0,0,0,0,0,0,0,0,0,0,0,0,0,0,0,0,0,1,1,1,0,0,0,1,0,0,1,1,0,0,0,0,0,1,0,0,0,0,0,0,0,0,0,0,0,0,0,0,0,0,0,0,0,0,0,0,0,0,1,0,0,0,0,0,0,0,0,0,1,0,0,0,0,0,0,0,0,0,0,0,1,0,1,0,0,0,0,1
-8371794.52621166,4859324.85740037,15281,2021122667,0055,2,0,0,0,0,0,0,0,0,1,0,,67,12,2021,2,39.954439,-75.205108,0053,6,0,0,0,0,0,1,0,0,,0,0,0,,,1,,1,,39 57:15.980,,0,75 12:18.387,3,0,0,0,67301,0,0,0,N,0,0,0,2,67301,0,,1,,1,N,N,N,0,,1,0,0,,2,,,2,1,0,0,0,0,0,2,0,2,,03,,N,,,,,,,,,,,1,0,0,0,0,0,0,0,0,0,0,0,0,0,0,0,0,0,0,0,0,0,0,0,1,0,0,0,0,0,0,0,0,0,0,0,0,0,0,0,0,0,0,0,0,1,0,0,0,0,0,0,0,0,0,1,0,0,1,1,1,0,0,0,0,0,0,1,0,0,0,0,0,0,1,0,0,0,0,0,0,0,0,0,0,0,0,0,0,1,0,0,0,0,0,0,0,0,0,1,0,0,0,0,0,0,1,0,0,1,0,0,0,0,0,0,0,0,0,0,0,1,0,0,0,0,0,0,0
-8368384.80975223,4872379.6101307,15282,2021128676,1844,2,0,0,0,0,0,0,0,0,4,0,,67,12,2021,6,40.044276,-75.174478,1839,6,0,0,0,0,0,0,0,0,,0,0,0,,,1,,2,,40 02:39.393,,0,75 10:28.120,8,0,0,0,67301,0,0,0,N,0,0,0,3,67301,0,,1,,1,N,N,N,0,,0,0,0,,3,,,2,1,0,0,0,1,0,2,0,2,,03,,N,,,,,,,,,,,0,1,1,0,0,0,0,0,0,0,0,0,0,0,0,0,0,0,1,0,0,0,0,0,0,0,0,1,1,0,0,0,0,0,0,0,0,0,0,0,0,0,0,0,0,0,0,0,0,0,0,0,0,0,1,1,1,0,1,1,1,0,0,0,1,0,0,1,1,0,0,0,0,0,1,0,0,0,0,0,0,0,0,0,0,0,0,0,0,0,0,0,0,0,0,0,0,0,0,0,0,0,0,0,0,0,0,1,0,0,0,0,0,0,0,0,0,0,0,0,1,1,0,1,0,0,0,0,0
-8358364.60510393,4869343.29849675,15283,2021106628,1330,0,0,0,0,0,0,0,0,0,1,0,,67,11,2021,4,40.023392,-75.084465,1323,6,0,0,0,0,0,0,1,0,,0,0,0,,,2,,5,,40 01:24.211,5,0,75 05:04.074,8,0,0,0,67301,2,0,0,N,2,0,0,4,67301,0,,1,1430,1,N,N,N,1,,0,0,0,,2,Y,,4,2,0,0,0,2,0,2,1,2,,,,N,,,,,,,,,,,1,0,0,0,0,0,0,0,0,0,0,0,0,0,0,0,0,0,0,0,0,0,0,0,0,1,0,0,0,0,0,0,0,0,0,0,0,0,0,0,0,0,0,0,0,0,0,0,0,0,0,0,0,0,0,0,0,0,1,1,1,0,0,0,0,0,0,1,1,0,0,1,0,0,1,0,0,0,0,0,0,1,0,0,0,0,0,0,0,1,0,0,0,0,0,0,0,0,0,1,0,0,0,0,0,0,0,0,0,0,0,0,1,0,0,0,0,0,0,0,0,1,0,0,1,0,0,0,0