X,Y,objectid,crn,arrival_tm,automobile_count,belted_death_count,belted_susp_serious_inj_count,bicycle_count,bicycle_death_count,bicycle_susp_serious_inj_count,bus_count,chldpas_death_count,chldpas_susp_serious_inj_count,collision_type,comm_veh_count,cons_zone_spd_lim,county,crash_month,crash_year,day_of_week,dec_latitude,dec_longitude,dispatch_tm,district,driver_count_16yr,driver_count_17yr,driver_count_18yr,driver_count_19yr,driver_count_20yr,driver_count_50_64yr,driver_count_65_74yr,driver_count_75plus,est_hrs_closed,fatal_count,heavy_truck_count,horse_buggy_count,hour_of_day,illumination,injury_count,intersection_related_x,intersect_type,lane_closed,latitude,ln_close_dir,location_type,longitude,max_severity_level,mcycle_death_count,mcycle_susp_serious_inj_count,motorcycle_count,municipality,nonmotr_count,nonmotr_death_count,nonmotr_susp_serious_inj_count,ntfy_hiwy_maint,ped_count,ped_death_count,ped_susp_serious_inj_count,person_count,police_agcy,possible_inj_count,rdwy_surf_type_cd,relation_to_road,roadway_cleared,road_condition,sch_bus_ind,sch_zone_ind,secondary_crash,small_truck_count,spec_juris_cd,susp_minor_inj_count,susp_serious_inj_count,suv_count,tcd_func_cd,tcd_type,tfc_detour_ind,time_of_day,total_units,tot_inj_count,unbelted_occ_count,unb_death_count,unb_susp_serious_inj_count,unk_inj_deg_count,unk_inj_per_count,urban_rural,van_count,vehicle_count,weather1,weather2,workers_pres,work_zone_ind,work_zone_loc,work_zone_type,wz_close_detour,wz_flagger,wz_law_offcr_ind,wz_ln_closure,wz_moving,wz_other,wz_shlder_mdn,wz_workers_inj_killed,aggressive_driving,alcohol_related,angle_crash,atv,atv_route,backup_congestion,backup_nonrecurring,backup_prior,bicycle,cell_phone,child_passenger,comm_vehicle,core_network,cross_median,curved_road,curve_dvr_error,deer_related,distracted,drinking_driver,driver_16yr,driver_17yr,driver_18yr,driver_19yr,driver_20yr,driver_50_64yr,driver_65_74yr,driver_75plus,drugged_driver,drug_related,fatal,fatal_or_susp_serious_inj,fatigue_asleep,federal_aid_route,fire_in_vehicle,hazardous_truck,hit_barrier,hit_bridge,hit_deer,hit_embankment,hit_fixed_object,hit_gdrail,hit_gdrail_end,hit_parked_vehicle,hit_pole,hit_roadway_equipment,hit_run,hit_temp_construction_barrier,hit_traffic_island,hit_tree_shrub,hit_utility_pole,horse_buggy,ho_oppdir_sdswp,hvy_truck_related,icy_road,illegal_drug_related,illumination_dark,impaired_driver,impaired_nonmotorist,injury,injury_or_fatal,intersection,intersection_related_y,interstate,lane_departure,left_turn,limit_65mph,limit_70mph,local_road,local_road_only,marijuana_drugged_driver,marijuana_related,mature_driver,mc_drinking_driver,motorcycle,multiple_vehicle,nhtsa_agg_driving,non_intersection,no_clearance,opioid_related,other_freeway_expressway,overturned,pedestrian,phantom_vehicle,possible_injury,property_damage_only,psp_reported,ramp,ramp_segment,ramp_terminal,rear_end,roundabout,running_red_lt,running_stop_sign,rural,school_bus,school_bus_related,school_bus_unit,school_zone,shldr_related,signalized_int,single_vehicle,snowmobile,snow_slush_road,speeding,speeding_related,speed_change_lane,state_road,stop_controlled_int,sudden_deer,suspected_minor_injury,suspected_serious_injury,sv_run_off_rd,tailgating,train,train_trolley,trolley,turnpike,unbelted,underage_drnk_drv,unlicensed,unsignalized_int,urban,vehicle_failure,vehicle_towed,vulnerable_road_user,vulnerable_road_user_fatal,wet_road,work_zone,young_driver
-8357659.95248989,4869191.97250935,18233,2022043928,1115,0,0,0,0,0,0,0,0,0,8,0,,67,2,2022,4,40.022351,-75.078135,1115,6,0,0,0,0,0,0,0,0,,0,0,0,,,1,,1,,40 01:20.463,,0,75 04:41.285,8,0,0,0,67301,1,0,0,N,1,0,0,2,67301,0,,4,,1,N,N,N,0,,0,0,0,,2,,,2,1,0,0,0,1,1,2,0,1,,03,,N,,,,,,,,,,,1,0,0,0,0,0,0,0,0,0,0,0,0,0,0,0,0,0,0,0,0,0,0,0,0,0,0,0,0,0,0,0,0,0,0,0,0,0,0,0,0,0,0,0,0,1,0,0,0,0,0,0,0,0,0,0,0,0,1,1,1,0,0,0,0,0,0,1,0,0,0,0,0,0,0,0,0,0,0,0,0,1,0,0,0,0,0,0,0,0,0,0,0,0,0,0,0,0,0,1,1,0,0,0,0,0,1,0,0,0,0,1,0,0,0,0,0,0,0,0,0,1,0,0,1,0,0,0,0
-8370054.9360673,4859494.62167058,18234,2022037571,1322,0,0,0,1,0,0,0,0,0,8,0,,67,4,2022,5,39.955608,-75.189481,1320,6,0,0,0,0,0,1,0,0,,0,0,0,,,1,,1,,39 57:20.190,,0,75 11:22.130,3,0,0,0,67301,1,0,0,N,0,0,0,2,67507,0,,1,,1,N,N,N,0,,1,0,1,,2,,,2,1,0,0,0,0,0,2,0,1,,,,N,,,,,,,,,,,0,0,0,0,0,0,0,0,1,0,0,0,0,0,0,0,0,0,0,0,0,0,0,0,1,0,0,0,0,0,0,0,0,0,0,0,0,0,0,0,0,0,0,0,0,0,0,0,0,0,0,0,0,0,0,0,0,0,1,1,1,0,0,0,0,0,0,0,0,0,0,0,0,0,0,0,0,0,0,0,0,0,0,0,0,0,0,0,0,0,0,0,0,0,0,0,0,0,0,1,1,0,0,0,0,0,1,0,0,1,0,0,0,0,0,0,0,0,0,0,0,1,0,0,1,0,0,0,0
-8356908.9910338,4870912.51564985,18235,2022024249,2059,1,0,0,0,0,0,0,0,0,4,0,,67,3,2022,4,40.034186,-75.071389,2035,6,0,0,0,0,0,1,0,0,,0,0,0,,,0,,1,,40 02:03.071,,0,75 04:17.001,0,0,0,0,67301,0,0,0,N,0,0,0,2,67301,0,,1,,1,N,N,N,0,,0,0,1,,2,,,2,0,2,0,0,0,0,2,0,2,,03,,N,,,,,,,,,,,0,0,1,0,0,0,0,0,0,0,0,0,0,0,1,0,0,1,0,0,0,0,0,0,1,0,0,0,0,0,0,0,0,0,0,0,0,0,0,0,0,0,0,0,0,0,0,0,0,0,0,0,0,0,0,1,0,0,0,0,1,0,0,0,1,0,0,0,0,0,0,0,0,0,1,0,0,0,0,0,0,0,0,0,1,0,0,0,0,0,0,0,0,0,0,0,0,0,0,1,0,0,0,0,0,0,1,0,0,0,0,0,0,0,0,0,0,1,0,0,0,1,0,1,0,0,0,0,0
-8360859.72111424,4871934.66070149,18236,2022031372,2145,2,0,0,0,0,0,0,0,0,2,0,,67,3,2022,4,40.041216,-75.106879,2145,6,0,0,0,0,0,0,0,0,,0,0,0,,,0,N,0,,40 02:28.377,1,0,75 06:24.766,0,0,0,0,67301,0,0,0,N,0,0,0,2,67301,0,,1,30,1,N,N,N,0,,0,0,0,,0,N,,2,0,2,0,0,0,0,2,0,2,,03,,N,,,,,,,,,,,0,0,0,0,0,0,0,0,0,0,0,0,0,0,0,0,0,0,0,0,0,0,0,0,0,0,0,0,0,0,0,0,0,0,0,0,0,0,0,0,0,0,0,0,0,0,0,0,0,0,0,1,0,0,0,1,0,0,0,0,0,0,0,1,0,0,0,0,0,0,0,0,0,0,1,0,1,0,0,0,0,0,0,0,1,0,0,0,0,0,0,0,0,0,0,0,0,0,0,0,0,0,0,0,0,0,1,0,0,0,0,0,0,0,0,0,0,1,0,0,0,1,0,1,0,0,0,0,0
-8374098.28406728,4864705.86208589,18237,2022049539,1535,0,0,0,0,0,0,0,0,0,7,1,,67,5,2022,5,39.991483,-75.225803,1516,6,0,0,0,0,0,0,0,0,,0,1,0,,,0,N,0,,39 59:29.340,3,1,75 13:32.890,0,0,0,0,67301,0,0,0,N,0,0,0,2,67301,0,,1,1800,1,N,N,N,0,,0,0,0,,8,N,,1,0,0,0,0,0,0,2,0,1,,04,,N,,,,,,,,,,,0,0,0,0,0,0,0,0,0,0,0,1,0,0,0,0,0,0,0,0,0,0,0,0,0,0,0,0,0,0,0,0,0,0,0,0,1,0,0,1,0,0,0,0,0,0,0,0,0,0,0,0,1,0,0,0,0,0,0,0,0,0,0,0,0,0,0,1,1,0,0,0,0,0,0,0,1,0,0,0,0,0,0,0,1,0,0,0,0,0,0,0,0,0,0,0,0,0,0,0,1,0,0,0,0,0,0,0,0,0,0,1,0,0,0,0,0,0,0,0,0,1,0,1,0,0,0,0,0
-8369032.91178592,4867345.71869382,18238,2022019673,1645,2,0,0,0,0,0,0,0,0,1,0,,67,2,2022,7,40.009649,-75.1803,1645,6,0,0,0,0,0,1,0,0,,0,0,0,,,1,,2,,40 00:34.737,1,0,75 10:49.079,3,0,0,0,67301,0,0,0,N,0,0,0,2,67301,0,,1,1715,1,N,Y,N,0,,1,0,0,,2,N,,2,1,0,0,0,0,0,2,0,2,,03,,N,,,,,,,,,,,0,0,0,0,0,0,0,0,0,0,0,0,0,0,0,0,0,0,0,0,0,0,0,0,1,0,0,1,1,0,0,0,0,0,0,0,0,0,0,0,0,0,0,0,0,0,0,0,0,0,0,0,0,0,1,0,1,0,1,1,1,0,0,0,0,0,0,0,0,0,0,0,0,0,1,0,0,0,0,0,0,0,0,0,0,0,0,0,0,1,0,0,0,0,0,0,0,1,0,1,0,0,0,0,0,0,1,0,0,1,0,0,0,0,0,0,0,0,0,0,0,1,0,0,0,0,0,0,0
-8370162.47119112,4871281.23127742,18239,2022050620,0516,1,0,0,0,0,0,0,0,0,7,0,,67,5,2022,1,40.036722,-75.190447,0514,6,0,0,0,0,0,0,0,0,,1,0,0,,,1,N,0,,40 02:12.200,,0,75 11:25.610,1,0,0,0,67301,0,0,0,N,0,0,0,2,67301,0,2,4,,1,N,N,N,0,0,0,1,0,,0,,,1,1,0,0,0,0,0,2,0,1,,,,N,,,,,,,,,,,1,0,0,0,0,0,0,0,0,0,0,0,0,0,1,0,0,0,0,0,0,0,0,0,0,0,0,0,0,1,1,0,0,1,0,0,0,0,0,1,0,0,0,0,0,0,0,0,1,0,0,0,0,0,0,0,0,0,1,1,0,0,0,1,0,0,0,1,1,0,0,0,0,0,0,0,1,0,0,0,0,0,0,0,0,0,0,0,0,0,0,0,0,0,0,0,0,0,0,0,1,0,0,1,1,0,0,0,0,0,1,1,0,0,0,0,0,0,0,0,0,1,0,1,0,0,0,0,0
-8365913.18152404,4854926.37738224,18240,2022044303,2137,3,0,0,0,0,0,0,0,0,2,0,,67,4,2022,1,39.924144,-75.152275,2131,6,0,0,0,0,0,0,0,0,,0,0,0,,,2,N,0,,39 55:26.920,,0,75 09:08.190,3,0,0,0,67301,0,0,0,N,0,0,0,3,67301,0,,1,,1,N,N,N,1,,2,0,4,,0,,,9,2,0,0,0,0,0,2,1,9,,,,N,,,,,,,,,,,1,0,0,0,0,0,0,0,0,0,0,0,0,0,0,0,0,0,0,0,0,0,0,0,0,0,0,0,0,0,0,0,0,0,0,0,0,0,0,0,0,0,1,0,0,1,0,0,0,0,0,1,0,0,0,1,0,0,1,1,0,0,0,1,0,0,0,1,1,0,0,0,0,0,1,0,1,0,0,0,0,0,0,0,0,0,0,0,0,0,0,0,0,0,0,0,0,0,0,0,0,0,0,0,0,0,0,0,0,1,0,0,0,0,0,0,0,0,0,0,0,1,0,1,0,0,0,0,0
-8356392.57982351,4871641.96479241,18241,2022031370,2008,0,0,0,0,0,0,0,0,0,4,0,,67,3,2022,1,40.039203,-75.06675,2008,6,0,0,0,0,0,1,0,0,,0,0,0,,,1,,1,,40 02:21.129,,0,75 04:00.301,3,0,0,0,67301,0,0,0,N,0,0,0,2,67301,0,,1,,1,N,N,N,0,,1,0,2,,2,,,2,1,2,0,0,0,0,2,0,2,,03,,N,,,,,,,,,,,0,0,1,0,0,0,0,0,0,0,0,0,0,0,0,0,0,0,0,0,0,0,0,0,1,0,0,0,0,0,0,0,0,0,0,0,0,0,0,0,0,0,0,0,0,0,0,0,0,0,0,0,0,0,0,1,0,0,1,1,1,0,0,0,1,0,0,1,0,0,0,0,0,0,1,0,0,0,0,0,0,0,0,0,0,0,0,0,0,0,0,0,0,0,0,0,0,0,0,1,0,0,0,0,0,0,1,0,0,1,0,0,0,0,0,0,0,1,0,0,0,1,0,1,0,0,0,0,0
-8375691.37720915,4852009.31073819,18242,2022025546,0342,1,0,0,0,0,0,0,0,0,1,0,,67,3,2022,1,39.904045,-75.240114,0339,6,0,0,0,0,0,0,0,0,,0,0,0,,,2,,5,,39 54:14.563,,0,75 14:24.409,3,0,0,0,67301,0,0,0,N,0,0,0,3,67301,0,,1,,1,N,N,N,0,,2,0,1,,2,,,2,2,0,0,0,0,0,2,0,2,,,,N,,,,,,,,,,,0,0,0,0,0,0,0,0,0,0,0,0,0,0,0,0,0,0,0,0,0,0,0,0,0,0,0,0,0,0,0,0,0,0,0,0,0,0,0,0,0,0,0,0,0,1,0,0,0,0,0,0,0,0,0,1,0,0,1,1,1,0,0,0,0,0,0,1,0,0,0,0,0,0,1,0,0,0,0,0,0,0,0,0,0,0,0,0,0,1,0,0,0,0,0,0,0,0,0,1,0,0,0,0,0,0,1,0,0,1,0,0,0,0,0,0,0,0,0,0,0,1,0,1,0,0,0,0,0
-8362466.84060006,4862312.05641681,18243,2022044083,1618,1,0,0,0,0,0,0,0,0,7,0,,67,5,2022,6,39.975006,-75.121316,1616,6,0,0,0,0,0,0,0,0,,0,0,0,,,1,N,0,,39 58:30.020,,0,75 07:16.739,3,0,0,0,67301,0,0,0,N,0,0,0,1,67301,0,,5,,9,N,N,N,0,,1,0,0,,0,,,1,1,0,0,0,0,0,2,0,1,,,,N,,,,,,,,,,,0,0,0,0,0,0,0,0,0,0,0,0,0,0,1,0,0,1,0,0,0,0,0,0,0,0,0,1,1,0,0,0,0,0,0,0,0,0,0,1,0,0,0,1,0,0,0,0,0,1,0,0,0,0,1,0,1,0,1,1,0,0,0,1,0,0,0,0,0,0,0,0,0,0,0,0,1,0,0,0,0,0,0,0,0,0,0,0,0,0,0,0,0,0,0,0,0,0,0,0,1,0,0,0,0,0,1,0,0,1,0,1,0,0,0,0,0,0,0,0,0,1,0,1,0,0,1,0,0
-8345770.2483191,4878671.82544589,18244,2022026783,1547,1,0,0,0,0,0,0,0,0,4,0,,67,3,2022,3,40.087534,-74.971328,1547,6,0,0,0,0,0,2,0,0,,0,0,0,,,2,,1,,40 05:15.121,,2,74 58:16.779,8,0,0,0,67301,0,0,0,N,0,0,0,3,67301,0,,1,,1,N,N,N,0,,0,0,1,,2,,,2,2,0,0,0,2,1,2,0,2,,03,,N,,,,,,,,,,,1,0,1,0,0,0,0,0,0,0,0,0,0,0,0,0,0,0,0,0,0,0,0,0,1,0,0,0,0,0,0,0,0,0,0,0,0,0,0,0,0,0,0,0,0,0,0,0,0,0,0,0,0,0,0,0,0,0,1,1,1,0,0,0,0,0,0,1,0,0,0,0,0,0,1,0,0,0,0,0,0,0,0,0,0,0,1,0,1,0,0,0,0,0,0,0,0,0,0,1,0,0,0,0,0,0,1,0,0,0,0,0,0,0,0,0,0,0,0,0,0,1,0,0,0,0,0,0,0
-8366184.68997541,4859167.29469477,18245,2022023719,1045,0,0,0,0,0,0,0,0,0,8,0,,67,3,2022,7,39.953354,-75.154714,1040,6,0,0,0,0,0,0,0,0,,0,0,0,,,1,,1,,39 57:12.074,,0,75 09:16.972,3,0,0,0,67301,1,0,0,N,1,0,0,2,67301,0,,1,,1,N,N,N,1,,1,0,0,,2,,,2,1,0,0,0,0,1,2,0,1,,03,,N,,,,,,,,,,,1,0,0,0,0,0,0,0,0,0,0,0,0,0,0,0,0,0,0,0,0,0,0,0,0,0,0,0,0,0,0,0,0,0,0,0,0,0,0,0,0,0,0,0,0,0,0,0,0,0,0,0,0,0,0,0,0,0,1,1,1,0,0,0,1,0,0,1,0,0,0,0,0,0,0,0,0,0,0,0,0,1,0,0,0,0,0,0,0,0,0,0,0,0,0,0,0,0,0,1,1,0,0,0,0,0,1,0,0,1,0,0,0,0,0,0,0,0,0,0,0,1,0,0,1,0,0,0,0
-8362963.77119905,4865423.37608527,18246,2022032926,1843,1,0,0,0,0,0,0,0,0,4,0,,67,3,2022,3,39.996421,-75.12578,1843,6,0,0,0,0,0,1,0,0,,0,0,0,,,0,,1,,39 59:47.115,,0,75 07:32.807,0,0,0,0,67301,0,0,0,N,0,0,0,2,67301,0,,1,,1,N,N,N,0,,0,0,1,,3,,,2,0,0,0,0,0,0,2,0,2,,03,,N,,,,,,,,,,,1,0,1,0,0,0,0,0,0,0,0,0,0,0,0,0,0,0,0,0,0,0,0,0,1,0,0,0,0,0,0,0,0,0,0,0,0,0,0,0,0,0,0,0,0,0,0,0,0,0,0,0,0,0,0,0,0,0,0,0,1,0,0,0,0,0,0,1,1,0,0,0,0,0,1,0,0,0,0,0,0,0,0,0,1,0,0,0,0,0,0,0,1,0,0,0,0,0,0,0,0,0,0,0,0,0,0,1,0,0,0,0,0,0,0,0,0,0,0,0,1,1,0,1,0,0,0,0,0
-8365706.57314933,4868420.11454762,18247,2022051779,1241,0,0,0,0,0,0,0,0,0,4,1,,67,6,2022,4,40.017041,-75.150419,1240,6,0,0,0,0,0,1,0,0,,0,1,0,,,2,,2,,40 01:01.347,,0,75 09:01.508,3,0,0,0,67301,0,0,0,N,0,0,0,3,67301,0,,1,,1,N,N,N,1,,2,0,1,,0,,,3,2,0,0,0,0,0,2,0,3,,03,,N,,,,,,,,,,,0,0,1,0,0,0,0,0,0,0,0,1,0,0,0,0,0,0,0,0,0,0,0,0,1,0,0,0,0,0,0,0,0,0,0,0,0,0,0,0,0,0,1,0,0,0,0,0,0,0,0,0,1,0,0,0,0,0,1,1,1,0,0,0,1,0,0,1,1,0,0,0,0,0,1,0,0,0,0,0,0,0,0,0,0,0,0,0,0,0,0,0,0,0,0,0,0,0,0,0,0,0,0,0,0,0,0,0,0,1,0,0,0,0,0,0,0,0,0,0,1,1,0,1,0,0,0,0,0
-8365710.91410405,4859861.17140902,18248,2022029181,0207,2,0,0,0,0,0,0,0,0,4,0,,67,3,2022,1,39.958132,-75.150458,0202,6,0,0,1,0,0,0,0,0,,0,0,0,,,0,,1,,39 57:29.275,4,0,75 09:01.648,0,0,0,0,67301,0,0,0,N,0,0,0,2,67301,0,,1,320,1,N,N,N,0,,0,0,0,,2,Y,,2,0,0,0,0,0,0,2,0,2,,,,N,,,,,,,,,,,0,0,1,0,0,0,0,0,0,0,0,0,0,0,0,0,0,0,0,0,0,1,0,0,0,0,0,0,0,0,0,0,0,0,0,0,0,0,0,0,0,0,0,0,0,0,0,0,0,0,0,0,0,0,0,1,0,0,0,0,1,0,0,0,0,0,0,1,1,0,0,0,0,0,1,0,0,0,0,0,0,0,0,0,1,0,0,0,0,0,0,0,0,0,0,0,0,0,0,1,0,0,0,0,0,0,0,0,0,0,0,0,0,0,0,0,0,0,0,0,0,1,0,1,0,0,0,0,1
-8366334.86038028,4866234.23713032,18249,2022023962,2330,2,0,2,0,0,0,0,0,0,6,0,,67,3,2022,3,40.002001,-75.156063,2326,6,0,0,0,0,0,0,0,0,,0,0,0,,,2,,1,,40 00:07.205,,0,75 09:21.826,2,0,0,0,67301,0,0,0,N,0,0,0,3,67301,0,,1,,1,N,N,N,0,,0,2,0,,2,,,2,2,0,0,0,0,0,2,0,2,,,,N,,,,,,,,,,,0,1,0,0,0,0,0,0,0,0,0,0,0,0,0,0,0,0,1,0,0,0,0,0,0,0,0,0,0,0,1,0,0,0,0,0,0,0,0,0,0,0,0,0,0,1,0,0,0,0,0,1,0,0,0,1,1,0,1,1,1,0,0,0,0,0,0,1,0,0,0,0,0,0,1,0,0,0,0,0,0,0,0,0,0,0,0,0,0,0,0,0,0,0,0,0,0,0,0,1,0,0,0,0,0,0,1,0,0,0,1,0,0,0,0,0,0,0,0,0,0,1,0,1,0,0,0,0,0
-8370403.92277916,4860227.44373957,18250,2022019513,0845,1,0,0,0,0,0,0,0,0,4,0,,67,2,2022,4,39.960654,-75.192616,0840,6,0,0,0,0,0,0,0,0,,0,0,0,,,0,,1,,39 57:38.354,,0,75 11:33.417,0,0,0,0,67301,0,0,0,N,0,0,0,2,67507,0,,1,,9,N,N,N,0,,0,0,0,,3,,,2,0,0,0,0,0,0,2,1,2,,,,N,,,,,,,,,,,1,0,1,0,0,0,0,0,0,0,0,0,0,0,0,0,0,0,0,0,0,0,0,0,0,0,0,0,0,0,0,0,0,0,0,0,0,0,0,0,0,0,0,0,0,0,0,0,0,0,0,0,0,0,0,0,0,0,0,0,1,0,0,0,0,0,0,1,1,0,0,0,0,0,1,0,0,1,0,0,0,0,0,0,1,0,0,0,0,0,0,0,0,0,0,0,0,0,0,0,0,0,0,0,0,0,0,1,0,0,0,0,0,0,0,0,0,0,0,0,1,1,0,1,0,0,1,0,0
-8365570.54056518,4865735.21547146,18251,2022044050,2018,0,0,0,0,0,0,0,0,0,8,0,,67,4,2022,3,39.998567,-75.149197,2016,6,0,0,0,0,0,1,0,0,,0,0,0,,,1,N,0,,39 59:54.840,,0,75 08:57.110,2,0,0,0,67301,1,0,1,N,1,0,1,2,67301,0,,1,,9,N,N,N,0,,0,1,1,,2,,,2,1,0,0,0,0,0,2,0,1,,04,,N,,,,,,,,,,,0,0,0,0,0,0,0,0,0,0,0,0,0,0,0,0,0,0,0,0,0,0,0,0,1,0,0,0,0,0,1,0,0,0,0,0,0,0,0,0,0,0,0,0,0,0,0,0,0,0,0,0,0,0,0,1,0,0,1,1,0,0,0,0,0,0,0,1,1,0,0,0,0,0,0,0,1,0,0,0,0,1,0,0,0,0,0,0,0,0,0,0,0,0,0,0,0,0,0,0,1,0,0,0,0,0,0,0,0,0,1,0,0,0,0,0,0,0,0,0,0,1,0,0,1,0,1,0,0
-8370377.65180802,4868923.48658452,18252,2022041593,2027,0,0,0,0,0,0,1,0,0,8,1,,67,4,2022,2,40.020504,-75.19238,2017,6,0,0,0,0,0,0,0,0,,0,0,0,,,1,,1,,40 01:13.816,,0,75 11:32.569,8,0,0,0,67301,1,0,0,N,1,0,0,2,67508,0,,1,,1,N,N,Y,0,,0,0,0,,2,,,2,1,0,0,0,1,0,2,0,1,,03,,N,,,,,,,,,,,0,0,0,0,0,0,0,0,0,0,0,1,0,0,0,0,0,0,0,0,0,0,0,0,0,0,0,0,0,0,0,0,0,0,0,0,0,0,0,0,0,0,0,0,0,0,0,0,0,0,0,0,0,0,0,1,0,0,1,1,1,0,0,0,0,0,0,1,0,0,0,0,0,0,0,0,0,0,0,0,0,1,0,0,0,0,0,0,0,0,0,0,0,0,0,0,0,0,0,1,1,0,0,0,0,0,1,0,0,0,0,0,0,0,0,0,0,0,0,0,0,1,0,0,1,0,0,0,0
-8370930.24183954,4869294.01863142,18253,2022015354,0720,2,0,0,0,0,0,0,0,0,6,0,,67,2,2022,4,40.023053,-75.197344,0712,6,0,0,0,0,0,1,0,0,,0,0,0,,,0,N,0,,40 01:22.990,2,0,75 11:50.440,9,0,0,0,67301,0,0,0,N,0,0,0,2,67301,0,,1,15,2,N,N,N,0,,0,0,0,,0,N,,2,0,2,0,0,0,2,2,0,2,,,,N,,,,,,,,,,,0,0,0,0,0,0,0,0,0,0,0,0,0,0,0,0,0,0,0,0,0,0,0,0,1,0,0,0,0,0,0,0,0,0,0,0,0,0,0,0,0,0,0,0,0,0,0,0,0,0,0,1,0,1,0,0,0,0,0,0,0,0,0,1,0,0,0,1,1,0,0,0,0,0,1,0,1,0,0,0,0,0,0,0,0,0,0,0,0,0,0,0,0,0,0,0,0,0,0,0,0,0,0,0,0,0,0,0,0,0,0,0,0,0,0,0,0,1,0,0,0,1,0,1,0,0,0,0,0
-8376038.91730334,4864361.654231,18254,2022032910,1050,1,0,0,0,0,0,0,0,0,4,0,,67,3,2022,1,39.989114,-75.243236,1037,6,0,0,0,0,0,1,0,1,,0,0,0,,,0,,1,,39 59:20.810,,0,75 14:35.649,0,0,0,0,67301,0,0,0,N,0,0,0,2,67301,0,,1,,1,N,N,N,0,,0,0,1,,3,,,2,0,0,0,0,0,0,2,0,2,,,,N,,,,,,,,,,,0,0,1,0,0,0,0,0,0,0,0,0,0,0,0,0,0,0,0,0,0,0,0,0,1,0,1,0,0,0,0,0,0,0,0,0,0,0,0,0,0,0,0,0,0,0,0,0,0,0,0,0,0,0,0,0,0,0,0,0,1,0,0,0,0,0,0,1,1,0,0,1,0,0,1,0,0,0,0,0,0,0,0,0,1,0,0,0,0,0,0,0,0,0,0,0,0,0,0,0,0,0,0,0,0,0,0,1,0,0,0,0,0,0,0,0,0,0,0,0,1,1,0,1,0,0,0,0,0
-8363607.8658897,4864171.46650984,18255,2022044060,1517,3,0,0,0,0,0,0,0,0,4,0,,67,4,2022,6,39.987805,-75.131566,1515,6,0,0,0,0,0,0,0,0,,1,0,0,,,1,,1,,39 59:16.097,,0,75 07:53.637,1,0,0,0,67301,0,0,0,N,0,0,0,2,67301,0,2,1,,1,N,N,N,0,0,1,0,0,,3,,,3,1,0,0,0,0,0,2,0,3,,,,N,,,,,,,,,,,1,0,1,0,0,0,0,0,0,0,0,0,0,0,0,0,0,0,0,0,0,0,0,0,0,0,0,1,1,1,1,0,0,0,0,0,0,0,0,0,0,0,1,0,0,1,0,0,0,0,0,0,0,0,1,0,1,0,1,1,1,0,0,0,0,0,0,1,1,0,0,0,0,0,1,1,0,0,0,0,0,0,0,0,0,0,0,0,0,0,0,0,1,0,0,0,0,0,0,0,0,0,0,1,1,0,0,1,0,1,0,0,0,0,0,0,0,0,0,1,1,1,0,1,0,0,0,0,1
-8349066.19699978,4881288.76984436,18256,2022023724,0932,1,0,0,0,0,0,0,0,0,1,0,,67,3,2022,4,40.105517,-75.000936,0928,6,0,0,0,0,0,1,0,0,,0,0,0,,,1,Y,0,,40 06:19.860,,0,75 00:03.368,3,0,0,0,67301,0,0,0,N,0,0,0,3,67301,0,,1,,1,N,N,N,1,,1,0,0,,2,,,3,1,2,0,0,0,1,2,1,3,,,,N,,,,,,,,,,,0,0,0,0,0,0,0,0,0,0,0,0,0,0,0,0,0,0,0,0,0,0,0,0,1,0,0,0,0,0,0,0,0,0,0,0,0,0,0,0,0,0,0,0,0,1,0,0,0,0,0,0,0,0,0,0,0,0,1,1,0,0,0,0,0,0,0,0,0,0,0,0,0,0,1,0,1,0,0,0,0,0,0,0,0,0,0,0,0,1,0,0,0,0,0,0,0,0,0,0,0,0,0,0,0,0,1,0,0,1,0,0,0,0,0,0,0,1,0,0,0,1,0,1,0,0,0,0,0
-8366936.6534775,4860477.24894417,18257,2022021605,0405,0,0,0,0,0,0,0,0,0,1,0,,67,2,2022,6,39.962374,-75.161469,0400,6,0,0,0,0,0,2,0,0,,0,0,0,,,2,,1,,39 57:44.547,,0,75 09:41.289,8,0,0,0,67301,0,0,0,N,0,0,0,2,67301,0,,1,,2,N,N,N,0,,0,0,2,,2,,,2,2,0,0,0,2,0,2,0,2,,06,,N,,,,,,,,,,,0,0,0,0,0,0,0,0,0,0,0,0,0,0,0,0,0,0,0,0,0,0,0,0,1,0,0,0,0,0,0,0,0,0,0,0,0,0,0,0,0,0,0,0,0,0,0,0,0,0,0,0,0,1,0,1,0,0,1,1,1,0,0,0,0,0,0,0,0,0,0,0,0,0,1,0,0,0,0,0,0,0,0,0,0,0,0,0,0,1,0,0,0,0,0,0,0,0,0,1,0,0,0,0,0,0,1,0,0,0,0,0,0,0,0,0,0,0,0,0,0,1,0,0,0,0,0,0,0
-8371502.20094515,4854289.3071186,18258,2022024526,1827,2,0,0,0,0,0,0,0,0,6,0,,67,3,2022,4,39.919755,-75.202482,1821,6,0,0,0,2,0,0,0,0,,0,0,0,,,0,N,0,,39 55:11.119,,3,75 12:08.935,9,0,0,0,67301,0,0,0,N,0,0,0,6,67301,0,,1,,9,N,N,N,0,,0,0,1,,0,,,3,0,0,0,0,0,4,2,0,3,,07,,N,,,,,,,,,,,0,0,0,0,0,0,0,0,0,0,1,0,0,0,0,0,0,0,0,0,0,0,1,0,0,0,0,0,0,0,0,0,0,0,0,0,0,0,0,0,0,0,0,0,0,0,0,0,0,0,0,1,0,0,0,1,0,0,0,0,0,0,0,0,0,0,0,0,0,0,0,0,0,0,1,0,1,0,0,0,0,0,0,0,0,0,0,0,0,0,0,0,0,0,0,0,0,0,0,0,0,0,0,0,0,0,1,0,0,0,0,0,0,0,0,0,0,0,0,0,0,1,1,1,0,0,1,0,1