X,Y,objectid,crn,arrival_tm,automobile_count,belted_death_count,belted_susp_serious_inj_count,bicycle_count,bicycle_death_count,bicycle_susp_serious_inj_count,bus_count,chldpas_death_count,chldpas_susp_serious_inj_count,collision_type,comm_veh_count,cons_zone_spd_lim,county,crash_month,crash_year,day_of_week,dec_latitude,dec_longitude,dispatch_tm,district,driver_count_16yr,driver_count_17yr,driver_count_18yr,driver_count_19yr,driver_count_20yr,driver_count_50_64yr,driver_count_65_74yr,driver_count_75plus,est_hrs_closed,fatal_count,heavy_truck_count,horse_buggy_count,hour_of_day,illumination,injury_count,intersection_related_x,intersect_type,lane_closed,latitude,ln_close_dir,location_type,longitude,max_severity_level,mcycle_death_count,mcycle_susp_serious_inj_count,motorcycle_count,municipality,nonmotr_count,nonmotr_death_count,nonmotr_susp_serious_inj_count,ntfy_hiwy_maint,ped_count,ped_death_count,ped_susp_serious_inj_count,person_count,police_agcy,possible_inj_count,rdwy_surf_type_cd,relation_to_road,roadway_cleared,road_condition,sch_bus_ind,sch_zone_ind,secondary_crash,small_truck_count,spec_juris_cd,susp_minor_inj_count,susp_serious_inj_count,suv_count,tcd_func_cd,tcd_type,tfc_detour_ind,time_of_day,total_units,tot_inj_count,unbelted_occ_count,unb_death_count,unb_susp_serious_inj_count,unk_inj_deg_count,unk_inj_per_count,urban_rural,van_count,vehicle_count,weather1,weather2,workers_pres,work_zone_ind,work_zone_loc,work_zone_type,wz_close_detour,wz_flagger,wz_law_offcr_ind,wz_ln_closure,wz_moving,wz_other,wz_shlder_mdn,wz_workers_inj_killed,aggressive_driving,alcohol_related,angle_crash,atv,atv_route,backup_congestion,backup_nonrecurring,backup_prior,bicycle,cell_phone,child_passenger,comm_vehicle,core_network,cross_median,curved_road,curve_dvr_error,deer_related,distracted,drinking_driver,driver_16yr,driver_17yr,driver_18yr,driver_19yr,driver_20yr,driver_50_64yr,driver_65_74yr,driver_75plus,drugged_driver,drug_related,fatal,fatal_or_susp_serious_inj,fatigue_asleep,federal_aid_route,fire_in_vehicle,hazardous_truck,hit_barrier,hit_bridge,hit_deer,hit_embankment,hit_fixed_object,hit_gdrail,hit_gdrail_end,hit_parked_vehicle,hit_pole,hit_roadway_equipment,hit_run,hit_temp_construction_barrier,hit_traffic_island,hit_tree_shrub,hit_utility_pole,horse_buggy,ho_oppdir_sdswp,hvy_truck_related,icy_road,illegal_drug_related,illumination_dark,impaired_driver,impaired_nonmotorist,injury,injury_or_fatal,intersection,intersection_related_y,interstate,lane_departure,left_turn,limit_65mph,limit_70mph,local_road,local_road_only,marijuana_drugged_driver,marijuana_related,mature_driver,mc_drinking_driver,motorcycle,multiple_vehicle,nhtsa_agg_driving,non_intersection,no_clearance,opioid_related,other_freeway_expressway,overturned,pedestrian,phantom_vehicle,possible_injury,property_damage_only,psp_reported,ramp,ramp_segment,ramp_terminal,rear_end,roundabout,running_red_lt,running_stop_sign,rural,school_bus,school_bus_related,school_bus_unit,school_zone,shldr_related,signalized_int,single_vehicle,snowmobile,snow_slush_road,speeding,speeding_related,speed_change_lane,state_road,stop_controlled_int,sudden_deer,suspected_minor_injury,suspected_serious_injury,sv_run_off_rd,tailgating,train,train_trolley,trolley,turnpike,unbelted,underage_drnk_drv,unlicensed,unsignalized_int,urban,vehicle_failure,vehicle_towed,vulnerable_road_user,vulnerable_road_user_fatal,wet_road,work_zone,young_driver
-8374862.60379664,4861404.4868787,19490,2022063087,0248,2,0,0,0,0,0,0,0,0,5,0,,67,6,2022,5,39.968758,-75.232669,0245,6,0,0,0,0,0,0,0,0,,0,0,0,,,0,N,0,,39 58:07.530,,0,75 13:57.610,0,0,0,0,67301,0,0,0,N,0,0,0,1,67301,0,,6,,1,N,N,N,0,,0,0,0,,0,,,2,0,0,0,0,0,0,2,0,2,,03,,N,,,,,,,,,,,0,0,0,0,0,0,0,0,0,0,0,0,0,0,0,0,0,0,0,0,0,0,0,0,0,0,0,0,0,0,0,0,0,0,0,0,0,0,0,0,0,0,1,0,0,0,0,0,0,0,0,0,0,0,0,1,0,0,0,0,0,0,0,0,0,0,0,1,1,0,0,0,0,0,1,0,1,0,0,0,0,0,0,0,1,0,0,0,0,0,0,0,0,0,0,0,0,0,0,0,0,0,0,0,0,0,0,0,0,0,0,0,0,0,0,0,0,0,0,0,0,1,0,1,0,0,0,0,0
-8375691.37720915,4852009.31073819,19491,2022043893,0150,1,0,0,0,0,0,0,0,0,7,0,,67,5,2022,7,39.904045,-75.240114,0145,6,0,0,0,0,0,0,0,0,,0,0,0,,,1,,1,,39 54:14.563,,0,75 14:24.409,3,0,0,0,67301,0,0,0,N,0,0,0,1,67301,0,,3,,9,N,N,N,0,,1,0,0,,2,,,1,1,0,0,0,0,0,2,0,1,,07,,N,,,,,,,,,,,0,0,0,0,0,0,0,0,0,0,0,0,0,0,0,0,0,0,0,0,0,0,0,0,0,0,0,0,0,0,0,0,0,0,0,0,0,0,0,1,0,0,0,1,0,0,0,0,0,0,0,0,0,0,0,1,0,0,1,1,1,0,0,0,0,0,0,1,0,0,0,0,0,0,0,0,0,0,0,0,0,0,0,0,0,0,0,0,0,0,0,0,0,0,0,0,0,0,0,1,1,0,0,0,0,0,1,0,0,1,0,1,0,0,0,0,0,0,0,0,0,1,0,1,0,0,1,0,0
-8346945.00337635,4879341.02096437,19492,2022072216,0930,2,0,0,0,0,0,0,0,0,4,0,,67,7,2022,7,40.092133,-74.981881,0925,6,1,0,0,0,0,0,0,0,,0,0,0,,,1,,2,,40 05:31.677,,0,74 58:54.773,4,0,0,0,67301,0,0,0,N,0,0,0,3,67301,1,,1,,1,N,N,N,0,,0,0,0,,2,,,2,1,0,0,0,0,0,2,0,2,,03,,N,,,,,,,,,,,1,0,1,0,0,0,0,0,0,0,0,0,0,0,1,0,0,0,0,1,0,0,0,0,0,0,0,0,0,0,0,0,0,0,0,0,0,0,0,0,0,0,0,0,0,0,0,0,0,0,0,0,0,0,0,0,0,0,1,1,1,0,0,0,1,0,0,1,0,0,0,0,0,0,1,0,0,0,0,0,0,0,0,1,0,0,0,0,0,0,0,0,0,0,0,0,0,0,0,1,0,0,0,0,0,0,1,0,0,0,0,0,0,0,0,0,0,0,0,0,0,1,0,1,0,0,0,0,1
-8366277.19673891,4864399.14063302,19493,2022060153,1421,1,0,0,0,0,0,0,0,0,8,0,,67,6,2022,3,39.989372,-75.155545,1419,6,0,0,0,0,0,0,0,0,,0,0,0,,,4,,1,,39 59:21.740,4,0,75 09:19.962,8,0,0,0,67301,4,0,0,N,4,0,0,5,67301,0,,1,1510,1,N,N,N,0,,0,0,0,,2,Y,,5,4,0,0,0,4,0,2,0,1,,03,,N,,,,,,,,,,,0,0,0,0,0,0,0,0,0,0,0,0,0,0,0,0,0,0,0,0,0,0,0,0,0,0,0,0,0,0,0,0,0,0,0,0,0,0,0,0,0,0,0,0,0,0,0,0,0,0,0,0,0,0,0,0,0,0,1,1,1,0,0,0,0,0,0,1,0,0,0,0,0,0,0,0,0,0,0,0,0,1,0,0,0,0,0,0,0,0,0,0,0,0,0,0,0,0,0,1,1,0,0,0,0,0,1,0,0,0,0,0,0,0,0,0,0,0,0,0,0,1,0,1,1,0,0,0,0
-8356974.22420837,4867808.19518057,19494,2022044178,2205,3,0,0,0,0,0,0,0,0,2,0,,67,5,2022,1,40.012831,-75.071975,2151,6,0,0,0,0,0,0,0,0,,0,0,0,,,0,N,0,,40 00:46.190,,0,75 04:19.109,9,0,0,0,67301,0,0,0,N,0,0,0,1,67301,0,,6,,1,N,N,N,0,,0,0,0,,0,,,3,0,0,0,0,0,1,2,0,3,,04,,N,,,,,,,,,,,0,0,0,0,0,0,0,0,0,0,0,0,0,0,0,0,0,0,0,0,0,0,0,0,0,0,0,0,0,0,0,0,0,0,0,0,0,0,0,0,0,0,1,0,0,1,0,0,0,0,0,1,0,0,0,1,0,0,0,0,0,0,0,0,0,0,0,0,0,0,0,0,0,0,1,0,1,0,0,0,0,0,0,0,0,0,0,0,0,0,0,0,0,0,0,0,0,0,0,0,0,0,0,0,0,0,1,0,0,0,0,0,0,0,0,0,0,0,0,0,0,1,0,1,0,0,0,0,0
-8376407.05093824,4863168.71549495,19495,2022070064,0940,0,0,0,0,0,0,0,0,0,4,1,,67,7,2022,3,39.980903,-75.246543,0938,6,0,0,0,0,0,0,0,0,,0,1,0,,,2,,5,,39 58:51.249,,0,75 14:47.555,2,0,0,0,67301,0,0,0,N,0,0,0,7,67301,1,,1,,1,N,N,N,0,,0,1,1,,2,,,3,2,2,0,1,0,0,2,0,3,,,,N,,,,,,,,,,,1,0,1,0,0,0,0,0,0,0,0,1,0,0,0,0,0,0,0,0,0,0,0,0,0,0,0,0,0,0,1,0,0,0,0,0,0,0,0,0,0,0,0,0,0,0,0,0,0,0,0,0,1,0,0,0,0,0,1,1,1,0,0,0,0,0,0,1,0,0,0,0,0,0,1,0,0,0,0,0,0,0,0,1,0,0,0,0,0,0,0,1,0,0,0,0,0,0,0,1,0,0,0,0,0,0,1,0,0,0,1,0,0,0,1,1,0,1,0,0,0,1,0,1,0,0,0,0,0
-8375186.7662093,4859360.0005894,19496,2022061413,0653,1,0,0,0,0,0,0,0,0,2,1,,67,6,2022,1,39.954681,-75.235581,0653,6,0,0,0,0,0,0,0,0,,0,1,0,,,1,N,0,,39 57:16.850,,0,75 14:08.090,3,0,0,0,67301,0,0,0,N,0,0,0,1,67301,0,,6,,1,N,N,N,0,,1,0,0,,0,,,2,1,1,0,0,0,0,2,0,2,,03,,N,,,,,,,,,,,0,1,0,0,0,0,0,0,0,0,0,1,0,0,0,0,0,0,1,0,0,0,0,0,0,0,0,0,0,0,0,0,0,0,0,0,0,0,0,0,0,0,1,0,0,0,0,0,0,0,0,1,1,0,0,0,1,0,1,1,0,0,0,0,0,0,0,1,1,0,0,0,0,0,1,0,1,0,0,0,0,0,0,0,0,0,0,0,0,0,0,0,0,0,0,0,0,0,0,0,0,0,0,0,0,0,0,0,0,1,0,0,0,0,0,0,0,1,0,0,0,1,0,1,0,0,0,0,0
-8370267.11113639,4860557.4200153,19497,2022042089,0032,0,0,0,0,0,0,0,0,0,4,0,,67,5,2022,6,39.962926,-75.191387,0030,6,0,0,0,0,0,1,0,0,,0,0,0,,,0,,1,,39 57:46.535,,0,75 11:28.992,0,0,0,0,67301,0,0,0,N,0,0,0,2,67507,0,,1,,1,N,N,N,0,,0,0,2,,2,,,2,0,0,0,0,0,0,2,0,2,,03,,N,,,,,,,,,,,1,0,1,0,0,0,0,0,0,0,0,0,0,0,0,0,0,0,0,0,0,0,0,0,1,0,0,0,0,0,0,0,0,0,0,0,0,0,0,0,0,0,0,0,0,0,0,0,0,0,0,0,0,0,0,1,0,0,0,0,1,0,0,0,0,0,0,1,0,0,0,0,0,0,1,0,0,0,0,0,0,0,0,0,1,0,0,0,0,0,0,1,0,0,0,0,0,0,0,1,0,0,0,0,0,0,1,0,0,0,0,0,0,0,0,0,0,0,0,0,0,1,0,1,0,0,0,0,0
-8359184.25089126,4870616.6509584,19498,2022055548,0840,0,0,0,0,0,0,1,0,0,5,1,,67,6,2022,2,40.032151,-75.091828,0840,6,0,0,0,0,0,0,0,0,,0,0,0,,,1,,1,,40 01:55.743,2,0,75 05:30.580,3,0,0,0,67301,0,0,0,N,0,0,0,4,67301,0,,1,900,1,Y,N,N,0,,1,0,0,,2,N,,2,1,0,0,0,0,0,2,1,2,,03,,N,,,,,,,,,,,0,0,0,0,0,0,0,0,0,0,0,1,0,0,0,0,0,0,0,0,0,0,0,0,0,0,0,0,0,0,0,0,0,0,0,0,0,0,0,0,0,0,0,0,0,0,0,0,0,0,0,0,0,0,0,0,0,0,1,1,1,0,0,0,0,0,0,1,1,0,0,0,0,0,1,0,0,0,0,0,0,0,0,0,0,0,0,0,0,0,0,0,0,0,1,1,1,0,0,1,0,0,0,0,0,0,0,0,0,1,0,0,0,0,0,0,0,0,0,0,0,1,0,0,0,0,0,0,0
-8369416.18453879,4859164.24494637,19499,2022064075,1836,0,0,0,0,0,0,0,0,0,8,0,,67,6,2022,6,39.953333,-75.183743,1829,6,0,0,0,0,0,0,0,0,,0,0,0,,,1,,1,,39 57:11.997,,0,75 11:01.475,8,0,0,0,67301,1,0,0,N,1,0,0,2,67301,0,,1,,1,N,N,N,1,,0,0,0,,2,,,2,1,0,0,0,1,0,2,0,1,,03,,N,,,,,,,,,,,1,0,0,0,0,0,0,0,0,0,0,0,0,0,0,0,0,0,0,0,0,0,0,0,0,0,0,0,0,0,0,0,0,0,0,0,0,0,0,0,0,0,0,0,0,1,0,0,0,0,0,0,0,0,0,0,0,0,1,1,1,0,0,0,1,0,0,1,0,0,0,0,0,0,0,0,0,0,0,0,0,1,0,0,0,0,0,0,0,0,0,0,0,0,0,0,0,0,0,1,1,0,0,0,0,0,1,0,0,0,0,0,0,0,0,0,0,0,0,0,0,1,0,0,1,0,0,0,0
-8369493.32951257,4871625.82463574,19500,2022072239,0613,1,0,0,0,0,0,0,0,0,7,0,,67,8,2022,1,40.039092,-75.184436,0609,6,0,0,0,0,0,0,0,0,,0,0,0,,,1,N,0,,40 02:20.730,,0,75 11:03.970,2,0,0,0,67301,0,0,0,N,0,0,0,1,67301,0,,4,,1,N,N,N,0,,0,1,0,,0,,,1,1,1,0,1,0,0,2,0,1,,,,N,,,,,,,,,,,0,0,0,0,0,0,0,0,0,0,0,0,0,0,0,0,0,0,0,0,0,0,0,0,0,0,0,0,0,0,1,0,0,0,0,0,0,0,0,1,0,0,0,0,0,0,0,0,1,0,0,0,0,0,0,0,0,0,1,1,0,0,0,1,0,0,0,1,1,0,0,0,0,0,0,0,1,0,0,0,1,0,0,0,0,0,0,0,0,0,0,0,0,0,0,0,0,0,0,0,1,0,0,0,0,0,0,0,0,0,1,1,0,0,0,0,0,1,0,0,0,1,0,1,0,0,0,0,0
-8374312.79665899,4862174.63699652,19501,2022050558,1413,1,0,1,0,0,0,0,0,0,4,0,,67,5,2022,1,39.97406,-75.22773,1412,6,0,0,0,0,0,0,0,0,,0,0,0,,,1,,1,,39 58:26.616,6,0,75 13:39.827,2,0,0,0,67301,0,0,0,N,0,0,0,2,67301,0,,1,1600,1,N,N,N,0,,0,1,1,,3,N,,2,1,0,0,0,0,1,2,0,2,,03,,N,,,,,,,,,,,0,0,1,0,0,0,0,0,0,0,0,0,0,0,0,0,0,0,0,0,0,0,0,0,0,0,0,0,0,0,1,0,0,0,0,0,0,0,0,0,0,0,0,0,0,0,0,0,0,0,0,0,0,0,0,0,0,0,1,1,1,0,0,0,0,0,0,1,1,0,0,0,0,0,1,0,0,0,0,0,0,0,0,0,0,0,0,0,0,0,0,0,0,0,0,0,0,0,0,0,0,0,0,0,0,0,0,1,0,0,1,0,0,0,0,0,0,0,0,0,1,1,0,1,0,0,0,0,0
-8370751.79624036,4860488.2868056,19502,2022043954,1610,1,0,0,0,0,0,0,0,0,4,0,,67,5,2022,3,39.96245,-75.195741,1605,6,0,0,0,0,0,0,1,0,,0,0,0,,,0,,1,,39 57:44.821,,0,75 11:44.667,9,0,0,0,67301,0,0,0,N,0,0,0,2,67301,0,,1,,1,N,N,N,1,,0,0,0,,3,,,2,0,0,0,0,0,2,2,0,2,,,,N,,,,,,,,,,,1,0,1,0,0,0,0,0,0,0,0,0,0,0,0,0,0,0,0,0,0,0,0,0,0,1,0,0,0,0,0,0,0,0,0,0,0,0,0,0,0,0,0,0,0,0,0,0,0,0,0,0,0,0,0,0,0,0,0,0,1,0,0,0,0,0,0,1,0,0,0,1,0,0,1,0,0,0,0,0,0,0,0,0,0,0,0,0,0,0,0,0,1,0,0,0,0,0,0,0,0,0,0,0,0,0,1,1,0,0,0,0,0,0,0,0,0,0,0,0,1,1,0,1,0,0,0,0,0
-8349497.00315397,4873901.60611067,19503,2022043861,2330,0,0,0,0,0,0,0,0,0,4,0,,67,5,2022,1,40.054742,-75.004806,2330,6,0,0,0,0,0,0,0,0,,0,0,0,,,1,,1,,40 03:17.072,,0,75 00:17.300,2,0,0,0,67301,0,0,0,N,0,0,0,4,67301,0,,1,,99,N,N,N,1,,0,1,1,,2,,,2,1,0,0,0,0,1,2,0,2,,03,,N,,,,,,,,,,,1,0,1,0,0,0,0,0,0,0,0,0,0,0,0,0,0,0,0,0,0,0,0,0,0,0,0,0,0,0,1,0,0,0,0,0,0,0,0,0,0,0,0,0,0,0,0,0,0,0,0,0,0,0,0,1,0,0,1,1,1,0,0,0,1,0,0,0,0,0,0,0,0,0,1,0,0,0,0,0,0,0,0,0,0,0,0,0,0,0,0,0,0,0,0,0,0,0,0,1,0,0,0,0,1,0,1,0,0,0,1,0,0,0,0,0,0,0,0,0,0,1,0,1,0,0,0,0,0
-8368036.04579795,4874960.13029509,19504,2022061390,0259,5,0,1,0,0,0,0,0,0,5,0,,67,7,2022,2,40.06202,-75.171345,0253,6,0,0,0,0,0,1,0,0,,0,0,0,,,1,N,0,,40 03:43.273,4,0,75 10:16.842,2,0,0,0,67301,0,0,0,N,0,0,0,1,67301,0,,4,400,1,N,N,N,0,,0,1,0,,0,N,,5,1,0,0,0,0,0,2,0,5,,,,N,,,,,,,,,,,1,0,0,0,0,0,0,0,0,0,0,0,0,0,0,0,0,0,0,0,0,0,0,0,1,0,0,0,0,0,1,1,0,0,0,0,0,0,0,0,0,0,1,0,0,0,0,0,0,0,0,0,0,0,0,1,0,0,1,1,0,0,0,1,0,0,0,0,0,0,0,0,0,0,1,0,1,0,0,0,0,0,0,0,0,0,0,0,0,0,0,0,0,0,0,0,0,0,0,0,0,0,0,0,1,0,1,0,0,0,1,1,0,0,0,0,0,0,0,0,0,1,0,1,0,0,0,0,0
-8372232.67959141,4854076.08854521,19505,2022043881,1047,3,0,0,0,0,0,0,0,0,1,0,,67,5,2022,2,39.918286,-75.209044,1035,6,0,0,0,0,0,0,0,0,,0,0,0,,,1,,2,,39 55:05.829,,0,75 12:32.558,3,0,0,0,67301,0,0,0,N,0,0,0,3,67301,0,,1,,1,N,N,N,0,,1,0,0,,2,,,3,1,1,0,0,0,0,2,0,3,,03,,N,,,,,,,,,,,0,0,0,0,0,0,0,0,0,0,0,0,0,0,0,0,0,0,0,0,0,0,0,0,0,0,0,0,0,0,0,0,0,0,0,0,0,0,0,0,0,0,0,0,0,0,0,0,0,0,0,0,0,0,0,0,0,0,1,1,1,0,0,0,0,0,0,1,0,0,0,0,0,0,1,0,0,0,0,0,0,0,0,0,0,0,0,0,0,1,0,0,0,0,0,0,0,0,0,1,0,0,0,0,0,0,1,0,0,1,0,0,0,0,0,0,0,1,0,0,0,1,0,0,0,0,0,0,0
-8361364.8887764,4865593.82590999,19506,2022069936,1744,0,0,0,0,0,0,0,0,0,2,0,,67,6,2022,2,39.997594,-75.111417,1744,6,0,0,0,0,0,0,0,0,,0,0,0,,,1,N,0,,39 59:51.340,,1,75 06:41.100,2,0,1,1,67301,0,0,0,N,0,0,0,2,67301,0,,1,,1,N,N,N,0,,0,1,1,,0,,,2,1,0,0,0,0,0,2,0,2,,03,,N,,,,,,,,,,,1,0,0,0,0,0,0,0,0,0,0,0,0,0,0,0,0,1,0,0,0,0,0,0,0,0,0,0,0,0,1,0,0,0,0,0,0,0,0,0,0,0,0,0,0,0,0,0,0,0,0,1,0,0,0,0,0,0,1,1,0,0,0,1,0,0,0,1,1,0,0,0,0,1,1,0,1,0,0,0,0,0,0,0,0,0,0,0,0,0,0,0,0,0,0,0,0,0,0,0,0,0,0,0,0,0,0,0,0,0,1,0,0,0,0,0,0,0,0,0,0,1,0,1,0,0,0,0,0
-8371313.40372032,4868855.0217986,19507,2022048299,2200,0,0,0,0,0,0,0,0,0,7,0,,67,5,2022,2,40.020033,-75.200786,2159,6,0,0,0,0,0,0,0,0,,0,0,0,,,1,N,0,,40 01:12.120,,0,75 12:02.830,8,0,0,1,67301,0,0,0,N,0,0,0,1,67301,0,,4,,1,N,N,N,0,,0,0,0,,0,,,1,1,0,0,0,1,0,2,0,1,,03,,N,,,,,,,,,,,0,0,0,0,0,0,0,0,0,0,0,0,0,0,0,0,0,0,0,0,0,0,0,0,0,0,0,0,0,0,0,0,0,0,0,0,0,0,1,1,0,0,0,0,0,0,0,0,0,0,0,0,0,0,0,1,0,0,1,1,0,0,0,1,0,0,0,1,1,0,0,0,0,1,0,0,1,0,0,0,0,0,0,0,0,0,0,0,0,0,0,0,0,0,0,0,0,0,0,0,1,0,0,0,0,0,0,0,0,0,0,1,0,0,0,0,0,0,0,0,0,1,0,0,0,0,0,0,0
-8365655.03228271,4872184.46971761,19508,2022061053,2003,2,0,0,0,0,0,0,0,0,4,0,,67,6,2022,4,40.042934,-75.149956,2003,6,0,0,0,0,0,1,0,0,,0,0,0,,,0,,1,,40 02:34.562,2,0,75 08:59.841,0,0,0,0,67301,0,0,0,N,0,0,0,3,67301,0,,1,2200,1,N,N,N,0,,0,0,0,,3,N,,2,0,0,0,0,0,0,2,0,2,,03,,N,,,,,,,,,,,0,0,1,0,0,0,0,0,0,0,0,0,0,1,0,0,0,0,0,0,0,0,0,0,1,0,0,0,0,0,0,0,0,0,0,0,0,0,0,0,0,0,0,0,0,1,0,0,0,0,0,0,0,0,0,0,0,0,0,0,1,0,0,0,1,0,0,1,1,0,0,0,0,0,1,0,0,0,0,0,0,0,0,0,1,0,0,0,0,0,0,0,0,0,0,0,0,0,0,0,0,0,0,0,0,0,0,1,0,0,0,0,0,0,0,0,0,0,0,0,1,1,0,1,0,0,0,0,0
-8362703.06095985,4866992.26362757,19509,2022057148,2349,1,0,0,0,0,0,0,0,0,4,0,,67,6,2022,1,40.007217,-75.123438,2346,6,0,0,0,0,0,1,0,0,,0,0,0,,,1,,1,,40 00:25.981,,0,75 07:24.378,3,0,0,0,67301,0,0,0,N,0,0,0,4,67301,0,,1,,1,N,N,N,0,,1,0,1,,2,,,2,1,0,0,0,0,3,2,0,2,,03,,N,,,,,,,,,,,0,0,1,0,0,0,0,0,0,0,0,0,0,0,0,0,0,0,0,0,0,0,0,0,1,0,0,0,0,0,0,0,0,0,0,0,0,0,0,0,0,0,0,0,0,0,0,0,0,0,0,0,0,0,0,1,0,0,1,1,1,0,0,0,1,0,0,0,0,0,0,0,0,0,1,0,0,0,0,0,0,0,0,0,0,0,0,0,0,0,0,0,0,0,0,0,0,0,0,1,0,0,0,0,0,0,1,0,0,1,0,0,0,0,0,0,0,0,0,0,0,1,0,0,0,0,0,0,0
-8352618.40301847,4881236.95667219,19510,2022046402,,1,0,0,0,0,0,0,0,0,1,0,,67,5,2022,6,40.105161,-75.032846,,6,0,0,0,0,0,0,0,0,,0,0,0,,,1,,1,,40 06:18.580,,0,75 01:58.246,8,0,0,0,67301,0,0,0,N,0,0,0,2,00000,0,,1,,1,,,N,0,,0,0,1,,2,,,2,1,0,0,0,1,0,2,0,2,,,,N,,,,,,,,,,,1,0,0,0,0,0,0,0,0,0,0,0,0,0,0,0,0,0,0,0,0,0,0,0,0,0,0,0,0,0,0,0,0,0,0,0,0,0,0,0,0,0,0,0,0,0,0,0,0,0,0,0,0,0,0,0,0,0,1,1,1,0,0,0,0,0,0,1,0,0,0,0,0,0,1,0,0,0,0,0,0,0,0,0,0,0,0,0,0,1,0,0,0,0,0,0,0,0,0,1,0,0,0,0,0,0,1,0,0,0,0,0,0,0,0,0,0,0,0,0,0,1,0,0,0,0,0,0,0
-8364869.7844764,4872849.01018632,19511,2022060113,1400,2,0,0,0,0,0,0,0,0,1,0,,67,6,2022,7,40.047504,-75.142902,1400,6,0,0,0,0,0,0,0,0,,0,0,0,,,1,,1,,40 02:51.013,,0,75 08:34.447,8,0,0,0,67301,0,0,0,N,0,0,0,3,67301,0,,1,,99,N,N,N,0,,0,0,0,,2,,,2,1,1,0,0,1,2,2,0,2,,,,N,,,,,,,,,,,0,0,0,0,0,0,0,0,0,0,0,0,0,0,0,0,0,0,0,0,0,0,0,0,0,0,0,0,0,0,0,0,0,0,0,0,0,0,0,0,0,0,0,0,0,0,0,0,0,0,0,0,0,0,0,1,0,0,1,1,1,0,0,0,0,0,0,0,0,0,0,0,0,0,1,0,0,0,0,0,0,0,0,0,0,0,0,0,0,1,0,0,0,0,0,0,0,0,0,1,0,0,0,0,0,0,1,0,0,0,0,0,0,0,0,0,0,1,0,0,0,1,0,0,0,0,0,0,0
-8362983.14054392,4861847.94828953,19512,2022056038,2041,2,0,0,0,0,0,0,0,0,4,0,,67,6,2022,3,39.971811,-75.125954,2040,6,0,0,0,0,0,0,0,0,,0,0,0,,,0,,1,,39 58:18.518,,0,75 07:33.433,0,0,0,0,67301,0,0,0,N,0,0,0,2,67301,0,,1,,1,N,N,N,0,,0,0,0,,2,,,2,0,0,0,0,0,0,2,0,2,,,,N,,,,,,,,,,,1,0,1,0,0,0,0,0,0,0,0,0,0,0,0,0,0,0,0,0,0,0,0,0,0,0,0,0,0,0,0,0,0,0,0,0,0,0,0,0,0,0,0,0,0,0,0,0,0,0,0,0,0,0,0,0,0,0,0,0,1,0,0,0,1,0,0,1,0,0,0,0,0,0,1,0,0,0,0,0,0,0,0,0,1,0,0,0,0,0,0,0,0,0,0,0,0,0,0,1,0,0,0,0,0,0,1,0,0,0,0,0,0,0,0,0,0,0,0,0,0,1,0,1,0,0,0,0,0
-8356955.30004369,4870835.31375734,19513,2022044078,,1,0,0,0,0,0,0,0,0,5,0,,67,5,2022,5,40.033655,-75.071805,,6,0,0,0,0,0,0,0,0,,0,0,0,,,1,N,0,,40 02:01.157,,0,75 04:18.499,8,0,0,1,67301,0,0,0,N,0,0,0,2,00000,0,,1,,1,,,N,0,,0,0,0,,0,,,2,1,0,0,0,1,0,2,0,2,,,,N,,,,,,,,,,,0,0,0,0,0,0,0,0,0,0,0,0,0,0,0,0,0,0,0,0,0,0,0,0,0,0,0,0,0,0,0,0,0,0,0,0,0,0,0,0,0,0,0,0,0,1,0,0,0,0,0,0,0,0,0,0,0,0,1,1,0,0,0,0,0,0,0,0,0,0,0,0,0,1,1,0,1,0,0,0,0,0,0,0,0,0,0,0,0,0,0,0,0,0,0,0,0,0,0,0,0,0,0,0,0,0,1,0,0,0,0,0,0,0,0,0,0,0,0,0,0,1,0,1,0,0,0,0,0
-8369481.30650257,4860726.76967444,19514,2022057144,0147,1,0,0,0,0,0,0,0,0,7,0,,67,6,2022,2,39.964092,-75.184328,0147,6,0,0,0,0,0,0,0,0,,0,0,0,,,0,N,0,,39 57:50.731,3,3,75 11:03.579,0,0,0,0,67301,0,0,0,N,0,0,0,0,67301,0,,5,347,1,N,N,N,0,,0,0,0,,0,N,,1,0,0,0,0,0,0,2,0,1,,03,,N,,,,,,,,,,,0,0,0,0,0,0,0,0,0,0,0,0,0,0,0,0,0,0,0,0,0,0,0,0,0,0,0,0,0,0,0,0,0,0,0,0,0,0,0,1,0,0,0,1,0,1,0,0,0,1,0,0,0,0,0,1,0,0,0,0,0,0,0,1,0,0,0,0,0,0,0,0,0,0,0,0,1,0,0,0,0,0,0,0,1,0,0,0,0,0,0,0,0,0,0,0,0,0,0,0,1,0,0,0,0,0,1,0,0,0,0,1,0,0,0,0,0,0,0,0,0,1,0,1,0,0,0,0,0
-8350025.21440412,4875043.47405511,19515,2022060695,1150,1,0,0,0,0,0,0,0,0,4,0,,67,6,2022,2,40.062593,-75.009551,1142,6,0,0,0,0,0,0,0,0,,0,0,0,,,1,,1,,40 03:45.334,,0,75 00:34.383,3,0,0,0,67301,0,0,0,N,0,0,0,2,67301,0,,1,,1,N,N,N,0,,1,0,1,,2,,,2,1,0,0,0,0,0,2,0,2,,04,,N,,,,,,,,,,,0,0,1,0,0,0,0,0,0,0,0,0,0,0,0,0,0,0,0,0,0,0,0,0,0,0,0,0,0,0,0,0,0,0,0,0,0,0,0,0,0,0,0,0,0,0,0,0,0,0,0,0,0,0,0,0,0,0,1,1,1,0,0,0,0,0,0,1,0,0,0,0,0,0,1,0,0,0,0,0,0,0,0,0,0,0,0,0,0,0,0,0,0,0,0,0,0,0,0,1,0,0,0,0,0,0,1,0,0,1,0,0,0,0,0,0,0,0,0,0,0,1,0,1,0,0,0,0,0