X,Y,objectid,crn,arrival_tm,automobile_count,belted_death_count,belted_susp_serious_inj_count,bicycle_count,bicycle_death_count,bicycle_susp_serious_inj_count,bus_count,chldpas_death_count,chldpas_susp_serious_inj_count,collision_type,comm_veh_count,cons_zone_spd_lim,county,crash_month,crash_year,day_of_week,dec_latitude,dec_longitude,dispatch_tm,district,driver_count_16yr,driver_count_17yr,driver_count_18yr,driver_count_19yr,driver_count_20yr,driver_count_50_64yr,driver_count_65_74yr,driver_count_75plus,est_hrs_closed,fatal_count,heavy_truck_count,horse_buggy_count,hour_of_day,illumination,injury_count,intersection_related_x,intersect_type,lane_closed,latitude,ln_close_dir,location_type,longitude,max_severity_level,mcycle_death_count,mcycle_susp_serious_inj_count,motorcycle_count,municipality,nonmotr_count,nonmotr_death_count,nonmotr_susp_serious_inj_count,ntfy_hiwy_maint,ped_count,ped_death_count,ped_susp_serious_inj_count,person_count,police_agcy,possible_inj_count,rdwy_surf_type_cd,relation_to_road,roadway_cleared,road_condition,sch_bus_ind,sch_zone_ind,secondary_crash,small_truck_count,spec_juris_cd,susp_minor_inj_count,susp_serious_inj_count,suv_count,tcd_func_cd,tcd_type,tfc_detour_ind,time_of_day,total_units,tot_inj_count,unbelted_occ_count,unb_death_count,unb_susp_serious_inj_count,unk_inj_deg_count,unk_inj_per_count,urban_rural,van_count,vehicle_count,weather1,weather2,workers_pres,work_zone_ind,work_zone_loc,work_zone_type,wz_close_detour,wz_flagger,wz_law_offcr_ind,wz_ln_closure,wz_moving,wz_other,wz_shlder_mdn,wz_workers_inj_killed,aggressive_driving,alcohol_related,angle_crash,atv,atv_route,backup_congestion,backup_nonrecurring,backup_prior,bicycle,cell_phone,child_passenger,comm_vehicle,core_network,cross_median,curved_road,curve_dvr_error,deer_related,distracted,drinking_driver,driver_16yr,driver_17yr,driver_18yr,driver_19yr,driver_20yr,driver_50_64yr,driver_65_74yr,driver_75plus,drugged_driver,drug_related,fatal,fatal_or_susp_serious_inj,fatigue_asleep,federal_aid_route,fire_in_vehicle,hazardous_truck,hit_barrier,hit_bridge,hit_deer,hit_embankment,hit_fixed_object,hit_gdrail,hit_gdrail_end,hit_parked_vehicle,hit_pole,hit_roadway_equipment,hit_run,hit_temp_construction_barrier,hit_traffic_island,hit_tree_shrub,hit_utility_pole,horse_buggy,ho_oppdir_sdswp,hvy_truck_related,icy_road,illegal_drug_related,illumination_dark,impaired_driver,impaired_nonmotorist,injury,injury_or_fatal,intersection,intersection_related_y,interstate,lane_departure,left_turn,limit_65mph,limit_70mph,local_road,local_road_only,marijuana_drugged_driver,marijuana_related,mature_driver,mc_drinking_driver,motorcycle,multiple_vehicle,nhtsa_agg_driving,non_intersection,no_clearance,opioid_related,other_freeway_expressway,overturned,pedestrian,phantom_vehicle,possible_injury,property_damage_only,psp_reported,ramp,ramp_segment,ramp_terminal,rear_end,roundabout,running_red_lt,running_stop_sign,rural,school_bus,school_bus_related,school_bus_unit,school_zone,shldr_related,signalized_int,single_vehicle,snowmobile,snow_slush_road,speeding,speeding_related,speed_change_lane,state_road,stop_controlled_int,sudden_deer,suspected_minor_injury,suspected_serious_injury,sv_run_off_rd,tailgating,train,train_trolley,trolley,turnpike,unbelted,underage_drnk_drv,unlicensed,unsignalized_int,urban,vehicle_failure,vehicle_towed,vulnerable_road_user,vulnerable_road_user_fatal,wet_road,work_zone,young_driver
-8360937.64474474,4870658.37664617,19567,2022044733,0640,0,0,0,0,0,0,0,0,0,4,0,,67,5,2022,2,40.032438,-75.107579,0635,6,0,0,0,0,0,0,0,0,,0,0,0,,,0,,2,,40 01:56.776,,0,75 06:27.284,0,0,0,0,67301,0,0,0,N,0,0,0,2,67301,0,,1,,1,N,N,N,0,,0,0,1,,3,,,2,0,0,0,0,0,0,2,1,2,,03,,N,,,,,,,,,,,1,0,1,0,0,0,0,0,0,0,0,0,0,0,0,0,0,0,0,0,0,0,0,0,0,0,0,0,0,0,0,0,0,0,0,0,0,0,0,0,0,0,0,0,0,0,0,0,0,0,0,0,0,0,0,0,0,0,0,0,1,0,0,0,0,0,0,1,1,0,0,0,0,0,1,0,0,0,0,0,0,0,0,0,1,0,0,0,0,0,0,0,0,0,0,0,0,0,0,0,0,0,0,0,0,0,0,1,0,0,0,0,0,0,0,0,0,0,0,0,1,1,0,1,0,0,0,0,0
-8366999.9949885,4876221.40332936,19568,2022048485,0810,3,0,0,0,0,0,0,0,0,4,0,,67,5,2022,3,40.070691,-75.162038,0805,6,0,0,0,0,0,0,0,0,,0,0,0,,,1,,1,,40 04:14.487,,0,75 09:43.335,3,0,0,0,67301,0,0,0,N,0,0,0,5,67301,0,,1,,1,N,N,N,0,,1,0,0,,3,,,3,1,2,0,0,0,3,2,0,3,,04,,N,,,,,,,,,,,0,0,1,0,0,0,0,0,0,0,1,0,0,0,0,0,0,0,0,0,0,0,0,0,0,0,0,0,0,0,0,0,0,0,0,0,0,0,0,0,0,0,1,0,0,0,0,0,0,0,0,0,0,0,0,0,0,0,1,1,1,0,0,0,0,0,0,1,0,0,0,0,0,0,1,0,0,0,0,0,0,0,0,0,0,0,0,0,0,0,0,0,0,0,0,0,0,0,0,0,0,0,0,0,0,0,1,1,0,1,0,0,0,0,0,0,0,1,0,0,1,1,0,1,0,0,0,0,0
-8372816.88519909,4868972.90936901,19569,2022043821,1947,2,0,0,0,0,0,0,0,0,5,0,,67,5,2022,1,40.020844,-75.214292,1941,6,0,0,0,0,0,0,0,0,,0,0,0,,,1,N,0,,40 01:15.040,,0,75 12:51.450,8,0,0,0,67301,0,0,0,N,0,0,0,2,67301,0,,6,,1,N,N,Y,0,,0,0,2,,0,,,5,1,1,0,0,1,1,2,1,5,,03,,N,,,,,,,,,,,0,1,0,0,0,0,0,0,0,0,0,0,0,0,0,0,0,1,1,0,0,0,0,0,0,0,0,0,0,0,0,0,0,0,0,0,0,0,0,0,0,0,1,0,0,0,0,0,0,0,0,0,0,0,0,0,1,0,1,1,0,0,0,0,0,0,0,1,1,0,0,0,0,0,1,0,1,0,0,0,1,0,0,0,0,0,0,0,0,0,0,0,0,0,0,0,0,0,0,0,0,0,0,0,0,0,0,0,0,0,0,0,0,0,0,0,0,1,0,0,0,1,0,1,0,0,0,0,0
-8366621.84180187,4859783.47443709,19570,2022047166,1640,0,0,0,0,0,0,0,0,0,0,0,,67,5,2022,4,39.957597,-75.158641,1640,6,0,0,0,0,0,0,0,0,,0,0,0,,,1,,1,,39 57:27.348,,3,75 09:31.109,8,0,0,1,67301,0,0,0,N,0,0,0,1,67301,0,,1,,1,N,N,N,0,,0,0,0,,2,,,2,1,0,0,0,1,0,2,0,1,,,,N,,,,,,,,,,,1,0,0,0,0,0,0,0,0,0,0,0,0,0,0,0,0,0,0,0,0,0,0,0,0,0,0,0,0,0,0,0,0,0,0,0,0,0,0,0,0,0,0,0,0,0,0,0,0,0,0,0,0,0,0,0,0,0,1,1,1,0,0,0,0,0,0,1,0,0,0,0,0,1,0,0,0,0,0,0,0,0,1,0,0,0,0,0,0,0,0,0,0,0,0,0,0,0,0,1,1,0,0,0,0,0,1,0,0,0,0,1,0,0,0,0,0,0,0,0,0,1,0,0,0,0,0,0,0
-8362316.22547651,4864821.37615574,19571,2022044041,1229,0,0,0,0,0,0,0,0,0,8,0,,67,4,2022,6,39.992278,-75.119963,1228,6,0,0,0,0,0,0,0,0,,0,0,0,,,1,,1,,39 59:32.200,,0,75 07:11.866,3,0,0,0,67301,1,0,0,N,1,0,0,2,67301,0,,1,,1,N,N,N,0,,1,0,0,,3,,,2,1,0,0,0,0,0,2,1,1,,03,,N,,,,,,,,,,,1,0,0,0,0,0,0,0,0,0,0,0,0,0,0,0,0,0,0,0,0,0,0,0,0,0,0,0,0,0,0,0,0,0,0,0,0,0,0,0,0,0,0,0,0,0,0,0,0,0,0,0,0,0,0,0,0,0,1,1,1,0,0,0,1,0,0,1,1,0,0,0,0,0,0,0,0,0,0,0,0,1,0,0,0,0,0,0,0,0,0,0,0,0,0,0,0,0,0,0,1,0,0,0,0,0,0,1,0,1,0,0,0,0,0,0,0,0,0,0,1,1,0,0,1,0,0,0,0
-8366014.37144115,4865915.69737613,19572,2022055651,1736,3,0,0,0,0,0,0,0,0,1,0,,67,4,2022,1,39.999809,-75.153184,1730,6,0,0,0,1,0,1,1,0,,0,0,0,,,1,N,0,,39 59:59.311,,0,75 09:11.464,8,0,0,0,67301,0,0,0,N,0,0,0,4,67301,0,,1,,1,N,N,N,0,,0,0,0,,2,,,3,1,0,0,0,1,0,2,0,3,,03,,N,,,,,,,,,,,1,0,0,0,0,0,0,0,0,0,0,0,0,0,0,0,0,0,0,0,0,0,1,0,1,1,0,0,0,0,0,0,0,0,0,0,0,0,0,0,0,0,0,0,0,0,0,0,0,0,0,0,0,0,0,0,0,0,1,1,0,0,0,0,0,0,0,0,0,0,0,1,0,0,1,0,1,0,0,0,0,0,0,0,0,0,0,0,0,1,0,0,0,0,0,0,0,0,0,0,0,0,0,0,0,0,1,0,0,0,0,0,0,0,0,0,0,0,0,0,0,1,0,0,0,0,0,0,1
-8364307.95479682,4872753.61615362,19573,2022044097,1312,2,0,0,0,0,0,0,0,0,1,0,,67,5,2022,2,40.046848,-75.137855,1312,6,0,0,0,0,0,0,0,0,,0,0,0,,,1,N,0,,40 02:48.653,3,0,75 08:16.278,3,0,0,0,67301,0,0,0,N,0,0,0,2,67301,0,,1,30,1,N,N,N,0,,1,0,0,,0,Y,,2,1,0,0,0,0,0,2,0,2,,,,N,,,,,,,,,,,0,0,0,0,0,0,0,0,0,0,0,0,0,0,0,0,0,0,0,0,0,0,0,0,0,0,0,0,0,0,0,0,0,0,0,0,0,0,0,0,0,0,0,1,0,1,0,0,0,1,0,0,0,0,0,0,0,0,1,1,0,0,0,1,0,0,0,0,0,0,0,0,0,0,1,0,1,0,0,0,0,0,0,0,0,0,0,0,0,1,0,0,0,0,0,0,0,0,0,0,0,0,0,0,0,0,1,0,0,1,0,0,0,0,0,0,0,0,0,0,0,1,0,1,0,0,0,0,0
-8365656.36766742,4861666.08755057,19574,2022055665,1100,2,0,0,0,0,0,0,0,0,4,0,,67,6,2022,5,39.970559,-75.149968,1057,6,0,0,0,0,1,0,0,0,,0,0,0,,,1,,1,,39 58:14.012,,0,75 08:59.883,4,0,0,0,67301,0,0,0,N,0,0,0,4,67301,1,,1,,1,N,N,N,0,,0,0,0,,2,,,2,1,0,0,0,0,0,2,0,2,,03,,N,,,,,,,,,,,1,0,1,0,0,0,0,0,0,0,0,0,0,0,0,0,0,0,0,0,0,0,0,1,0,0,0,0,0,0,0,0,0,0,0,0,0,0,0,0,0,0,0,0,0,0,0,0,0,0,0,0,0,0,0,0,0,0,1,1,1,0,0,0,1,0,0,1,0,0,0,0,0,0,1,0,0,0,0,0,0,0,0,1,0,0,0,0,0,0,0,0,0,0,0,0,0,0,0,1,0,0,0,0,0,0,1,0,0,0,0,0,0,0,0,0,0,0,0,0,0,1,0,0,0,0,0,0,1
-8367392.72986567,4866646.52296087,19575,2022044133,2126,1,0,0,0,0,0,0,0,0,4,0,,67,5,2022,7,40.004838,-75.165566,2126,6,0,0,1,0,0,0,0,0,,0,0,0,,,3,,1,,40 00:17.416,5,1,75 09:56.037,3,0,0,0,67301,0,0,0,N,0,0,0,5,67301,0,,1,2230,9,N,N,N,0,,3,0,1,,3,Y,,2,3,0,0,0,0,0,2,0,2,,,,N,,,,,,,,,,,1,0,1,0,0,0,0,0,0,0,0,0,0,0,0,0,0,0,0,0,0,1,0,0,0,0,0,0,0,0,0,0,0,0,0,0,0,0,0,0,0,0,0,0,0,1,0,0,0,0,0,0,0,0,0,1,0,0,1,1,1,0,0,0,0,0,0,1,1,0,0,0,0,0,1,0,0,0,0,0,0,0,0,0,0,0,0,0,0,0,0,0,1,0,0,0,0,0,0,0,0,0,0,0,0,0,0,1,0,1,0,0,0,0,0,0,0,0,0,0,1,1,0,1,0,0,1,0,1
-8362983.14054392,4861847.94828953,19576,2022044084,0045,1,0,0,0,0,0,0,0,0,4,0,,67,5,2022,6,39.971811,-75.125954,0036,6,0,0,0,0,0,0,0,0,,0,0,0,,,1,,1,,39 58:18.518,,0,75 07:33.433,3,0,0,0,67301,0,0,0,N,0,0,0,5,67301,0,,1,,9,N,N,N,0,,1,0,1,,2,,,2,1,0,0,0,0,0,2,0,2,,07,,N,,,,,,,,,,,1,0,1,0,0,0,0,0,0,0,0,0,0,0,0,0,0,0,0,0,0,0,0,0,0,0,0,0,0,0,0,0,0,0,0,0,0,0,0,0,0,0,0,0,0,0,0,0,0,0,0,0,0,0,0,1,0,0,1,1,1,0,0,0,1,0,0,1,0,0,0,0,0,0,1,0,0,0,0,0,0,0,0,0,0,0,0,0,0,0,0,0,0,0,0,0,0,0,0,1,0,0,0,0,0,0,1,0,0,1,0,0,0,0,0,0,0,0,0,0,0,1,0,1,0,0,1,0,0
-8375493.78550124,4862007.00575311,19577,2022047197,1944,0,0,0,0,0,0,0,0,0,8,0,,67,5,2022,1,39.972906,-75.238339,1944,6,0,0,0,0,0,0,0,0,,0,0,0,,,1,N,0,,39 58:22.460,,0,75 14:18.020,8,0,0,0,67301,1,0,0,N,1,0,0,2,67301,0,,1,,1,N,N,N,0,,0,0,0,,0,,,2,1,1,0,0,1,1,2,1,1,,,,N,,,,,,,,,,,0,0,0,0,0,0,0,0,0,0,0,0,0,0,0,0,0,0,0,0,0,0,0,0,0,0,0,0,0,0,0,0,0,0,0,0,0,0,0,0,0,0,0,0,0,1,0,0,0,0,0,0,0,0,0,0,0,0,1,1,0,0,0,0,0,0,0,1,1,0,0,0,0,0,0,0,1,0,0,0,0,1,0,0,0,0,0,0,0,0,0,0,0,0,0,0,0,0,0,0,1,0,0,0,0,0,0,0,0,0,0,0,0,0,0,0,0,1,0,0,0,1,0,0,1,0,0,0,0
-8361067.88835136,4865808.30893227,19578,2022044044,1200,1,0,0,0,0,0,0,0,0,8,0,,67,5,2022,7,39.99907,-75.108749,1157,6,0,0,0,0,0,0,0,0,,0,0,0,,,1,,5,,39 59:56.651,,1,75 06:31.496,8,0,0,0,67301,1,0,0,N,1,0,0,2,67301,0,,1,,9,N,N,N,0,,0,0,0,,2,,,2,1,0,0,0,1,0,2,0,1,,04,,N,,,,,,,,,,,0,0,0,0,0,0,0,0,0,0,0,0,0,0,0,0,0,0,0,0,0,0,0,0,0,0,0,0,0,0,0,0,0,0,0,0,0,0,0,0,0,0,0,0,0,1,0,0,0,0,0,0,0,0,0,0,0,0,1,1,1,0,0,0,0,0,0,1,1,0,0,0,0,0,0,0,0,0,0,0,0,1,0,0,0,0,0,0,0,0,0,0,0,0,0,0,0,0,0,1,1,0,0,0,0,0,0,0,0,0,0,0,0,0,0,0,0,0,0,0,0,1,0,0,1,0,1,0,0
-8369320.784204,4869821.85816723,19579,2022045258,1710,1,0,0,0,0,0,0,0,0,4,0,,67,5,2022,5,40.026684,-75.182886,1655,6,0,0,1,0,0,0,0,0,,0,0,0,,,3,N,0,,40 01:36.061,7,7,75 10:58.389,3,0,0,0,67301,0,0,0,N,0,0,0,3,67301,0,,1,1935,1,N,N,N,1,,1,0,0,,0,N,,3,3,0,0,0,2,0,2,1,3,,,,N,,,,,,,,,,,0,0,1,0,0,0,0,0,0,0,0,0,0,0,0,0,0,0,0,0,0,1,0,0,0,0,0,0,0,0,0,0,0,0,0,0,0,0,0,0,0,0,0,0,0,0,0,0,0,0,0,0,0,0,0,0,0,0,1,1,0,0,0,0,1,0,0,0,0,0,0,0,0,0,1,0,1,0,0,0,0,0,0,0,0,0,0,0,0,0,0,0,0,0,0,0,0,0,0,0,0,0,0,0,0,0,1,0,0,1,0,0,0,0,0,0,0,0,0,0,0,1,1,1,0,0,0,0,1
-8357679.32200256,4867949.03502267,19580,2022050544,1926,2,0,0,0,0,0,0,0,0,4,0,,67,5,2022,3,40.0138,-75.078309,1926,6,0,0,0,0,0,1,0,0,,0,0,0,,,1,,1,,40 00:49.681,,0,75 04:41.912,8,0,0,0,67301,0,0,0,N,0,0,0,2,67301,0,,1,,1,N,N,N,0,,0,0,0,,3,,,2,1,0,0,0,1,0,2,0,2,,03,,N,,,,,,,,,,,0,0,1,0,0,0,0,0,0,0,0,0,0,0,0,0,0,1,0,0,0,0,0,0,1,0,0,0,0,0,0,0,0,0,0,0,0,0,0,0,0,0,0,0,0,1,0,0,0,0,0,0,0,0,0,0,0,0,1,1,1,0,0,0,0,0,0,1,1,0,0,0,0,0,1,0,0,0,0,0,0,0,0,0,0,0,0,0,0,0,0,0,0,0,0,0,0,0,0,0,0,0,0,0,0,0,0,1,0,0,0,0,0,0,0,0,0,0,0,0,1,1,0,1,0,0,0,0,0
-8375443.1346259,4850927.54773933,19581,2022044980,0528,0,0,0,0,0,0,0,0,0,1,0,,67,5,2022,4,39.89659,-75.237884,0523,6,0,0,0,0,0,0,0,0,,0,0,0,,,1,N,0,,39 53:47.725,2,0,75 14:16.383,3,0,0,1,67301,0,0,0,N,0,0,0,2,67301,0,,1,630,1,N,N,N,0,,1,0,1,,0,N,,2,1,0,0,0,0,0,2,0,2,,03,,N,,,,,,,,,,,1,0,0,0,0,0,0,0,0,0,0,0,0,0,0,0,0,0,0,0,0,0,0,0,0,0,0,0,0,0,0,0,0,0,0,0,0,0,0,0,0,0,0,0,0,0,0,0,0,0,0,0,0,0,0,0,0,0,1,1,0,0,0,0,0,0,0,0,0,0,0,0,0,1,1,0,1,0,0,0,0,0,0,0,0,0,0,0,0,1,0,0,0,0,0,0,0,0,0,0,0,0,0,0,0,0,1,0,0,1,0,0,0,0,0,0,0,0,0,0,0,1,0,1,0,0,0,0,0
-8352403.66718185,4869539.25562278,19582,2022057756,0925,2,0,0,0,0,0,0,0,0,1,0,,67,6,2022,3,40.02474,-75.030917,0919,6,0,0,0,0,0,1,0,0,,0,0,0,,,1,,2,,40 01:29.065,,0,75 01:51.302,3,0,0,0,67301,0,0,0,N,0,0,0,2,67301,0,,1,,1,N,N,N,0,,1,0,0,,0,,,2,1,0,0,0,0,0,2,0,2,,03,,N,,,,,,,,,,,1,0,0,0,0,0,0,0,0,0,0,0,0,0,1,0,0,0,0,0,0,0,0,0,1,0,0,0,0,0,0,0,0,0,0,0,0,0,0,0,0,0,0,0,0,0,0,0,0,0,0,0,0,0,0,0,0,0,1,1,1,0,0,0,1,0,0,1,0,0,0,0,0,0,1,0,0,1,0,0,0,0,0,0,0,0,1,0,1,1,0,0,0,0,0,0,0,0,0,0,0,0,0,0,0,0,1,0,0,1,0,0,0,0,0,0,0,0,0,0,1,1,0,1,0,0,0,0,0
-8363528.49491476,4861344.06328502,19583,2022044081,0229,2,0,0,0,0,0,0,0,0,5,0,,67,5,2022,6,39.968342,-75.130853,0227,6,0,0,0,0,0,0,0,0,,0,0,0,,,0,N,0,,39 58:06.030,,0,75 07:51.070,0,0,0,0,67301,0,0,0,N,0,0,0,2,67301,0,,6,,1,N,N,N,1,,0,0,1,,0,,,4,0,0,0,0,0,0,2,0,4,,03,,N,,,,,,,,,,,0,0,0,0,0,0,0,0,0,0,0,0,0,0,0,0,0,0,0,0,0,0,0,0,0,0,0,0,0,0,0,0,0,0,0,0,0,0,0,0,0,0,1,0,0,0,0,0,0,0,0,0,0,0,0,1,0,0,0,0,0,0,0,0,0,0,0,1,1,0,0,0,0,0,1,0,1,0,0,0,0,0,0,0,1,0,0,0,0,0,0,0,0,0,0,0,0,0,0,0,0,0,0,0,0,0,0,0,0,0,0,0,0,0,0,0,0,0,0,0,0,1,0,1,0,0,0,0,0
-8365702.56565879,4868988.02730414,19584,2022044135,2047,1,0,0,1,0,0,0,0,0,8,0,,67,5,2022,1,40.020948,-75.150383,2047,6,0,0,0,0,0,0,0,0,,0,0,0,,,1,,1,,40 01:15.412,,0,75 09:01.378,3,0,0,0,67301,1,0,0,N,0,0,0,2,67301,0,,1,,1,N,N,N,0,,1,0,0,,0,,,2,1,0,0,0,0,0,2,0,1,,,,N,,,,,,,,,,,0,0,0,0,0,0,0,0,1,0,0,0,0,0,0,0,0,0,0,0,0,0,0,0,0,0,0,0,0,0,0,0,0,0,0,0,0,0,0,0,0,0,0,0,0,1,0,0,0,0,0,0,0,0,0,0,0,0,1,1,1,0,0,0,0,0,0,1,1,0,0,0,0,0,0,0,0,0,0,0,0,0,0,0,0,0,0,0,0,0,0,0,0,0,0,0,0,0,0,0,1,0,0,0,0,0,0,0,0,1,0,0,0,0,0,0,0,0,0,0,1,1,0,0,1,0,0,0,0
-8358279.89089192,4868385.66618378,19585,2022046459,2255,1,0,0,0,0,0,0,0,0,4,0,,67,5,2022,5,40.016804,-75.083704,2250,6,0,0,0,0,0,0,0,0,,0,0,0,,,2,,5,,40 01:00.493,,1,75 05:01.333,8,0,0,0,67301,0,0,0,N,0,0,0,2,67508,0,,1,,1,N,N,Y,0,,0,0,1,,2,,,2,2,1,0,0,2,0,2,0,2,,03,,N,,,,,,,,,,,1,0,1,0,0,0,0,0,0,0,0,0,0,0,0,0,0,0,0,0,0,0,0,0,0,0,0,0,0,0,0,0,0,0,0,0,0,0,0,0,0,0,0,0,0,0,0,0,0,0,0,0,0,0,0,1,0,0,1,1,1,0,0,0,1,0,0,1,0,0,0,0,0,0,1,0,0,0,0,0,0,0,0,0,0,0,0,0,0,0,0,0,0,0,0,0,0,0,0,1,0,0,0,0,0,0,1,0,0,0,0,0,0,0,0,0,0,1,0,0,0,1,0,1,0,0,0,0,0
-8377865.22533366,4861973.88647869,19586,2022050557,1047,1,0,0,0,0,0,0,0,0,7,0,,67,5,2022,1,39.972678,-75.259642,1047,6,0,0,0,0,0,0,0,0,,0,0,0,,,1,N,0,,39 58:21.640,,0,75 15:34.710,3,0,0,0,67301,0,0,0,N,0,0,0,1,67301,0,,4,,1,N,N,N,0,,1,0,0,,0,,,1,1,1,0,0,0,0,2,0,1,,,,N,,,,,,,,,,,0,0,0,0,0,0,0,0,0,0,0,0,0,0,0,0,0,0,0,0,0,0,0,0,0,0,0,1,1,0,0,0,0,0,0,0,0,0,1,1,0,0,0,0,0,0,0,0,0,0,0,0,0,0,1,0,1,0,1,1,0,0,0,1,0,0,0,1,1,0,0,0,0,0,0,0,1,0,0,0,0,0,0,0,0,0,0,0,0,0,0,0,0,0,0,0,0,0,0,0,1,0,0,0,0,0,0,0,0,1,0,1,0,0,0,0,0,1,0,0,0,1,0,1,0,0,0,0,0
-8360752.07481211,4864205.75554747,19587,2022021847,,2,0,0,0,0,0,0,0,0,2,0,,67,2,2022,1,39.988041,-75.105912,,6,0,0,0,0,0,0,0,0,,0,0,0,,,1,,1,,39 59:16.946,,0,75 06:21.283,8,0,0,0,67301,0,0,0,N,0,0,0,2,00000,0,,1,,1,,,N,0,,0,0,0,,2,,,2,1,0,0,0,1,0,2,0,2,,,,N,,,,,,,,,,,0,0,0,0,0,0,0,0,0,0,0,0,0,1,0,0,0,0,0,0,0,0,0,0,0,0,0,0,0,0,0,0,0,0,0,0,0,0,0,0,0,0,0,0,0,1,0,0,0,0,0,1,0,0,0,1,0,0,1,1,1,0,0,0,0,0,0,1,0,0,0,0,0,0,1,0,0,0,0,0,0,0,0,0,0,0,0,0,0,0,0,0,0,0,0,0,0,0,0,1,0,0,0,0,0,0,1,0,0,0,0,0,0,0,0,0,0,0,0,0,0,1,0,1,0,0,0,0,0
-8365757.00091515,4870793.00518293,19588,2022061056,1409,1,0,0,0,0,0,0,0,0,7,0,,67,7,2022,6,40.033364,-75.150872,1409,6,0,0,0,0,0,0,0,0,,0,0,0,,,1,N,0,,40 02:00.110,,0,75 09:03.140,3,0,0,0,67301,0,0,0,N,0,0,0,1,67301,0,,4,,1,N,N,N,0,,1,0,0,,0,,,1,1,1,0,0,0,0,2,0,1,,03,,N,,,,,,,,,,,1,0,0,0,0,0,0,0,0,0,0,0,0,0,1,0,0,0,0,0,0,0,0,0,0,0,0,0,0,0,0,0,0,0,0,0,0,0,1,1,0,0,0,0,0,0,0,0,0,0,0,0,0,0,0,0,0,0,1,1,0,0,0,1,0,0,0,1,1,0,0,0,0,0,0,0,1,0,0,0,0,0,0,0,0,0,0,0,0,0,0,0,0,0,0,0,0,0,0,0,1,0,0,0,1,0,0,0,0,1,0,1,0,0,0,0,0,1,0,0,0,1,0,0,0,0,0,0,0
-8356490.31854349,4875895.41539273,19589,2022043807,1300,0,0,0,1,0,0,0,0,0,8,0,,67,5,2022,5,40.06845,-75.067628,1230,6,0,0,0,0,0,0,0,0,,0,0,0,,,1,N,0,,40 04:06.420,,0,75 04:03.460,3,0,0,0,67301,1,0,0,N,0,0,0,2,67301,0,,1,,99,N,N,Y,0,,1,0,1,,0,,,2,1,0,0,0,0,0,2,0,1,,,,N,,,,,,,,,,,0,0,0,0,0,0,0,0,1,0,0,0,0,0,0,0,0,0,0,0,0,0,0,0,0,0,0,0,0,0,0,0,0,0,0,0,0,0,0,0,0,0,0,0,0,1,0,0,0,0,0,0,0,0,0,0,0,0,1,1,0,0,0,0,0,0,0,1,1,0,0,0,0,0,0,0,1,0,0,0,0,0,0,0,0,0,0,0,0,0,0,0,0,0,0,0,0,0,0,0,1,0,0,0,0,0,0,0,0,1,0,0,0,0,0,0,0,0,0,0,0,1,0,0,1,0,0,0,0
-8367797.15314,4855230.77457311,19590,2022043816,1442,1,0,0,0,0,0,0,0,0,5,0,,67,5,2022,3,39.926241,-75.169199,1442,6,0,0,0,0,0,0,0,1,,0,0,0,,,0,N,0,,39 55:34.467,1,0,75 10:09.116,0,0,0,0,67301,0,0,0,N,0,0,0,1,67301,0,,3,1500,1,N,N,N,0,,0,0,2,,0,N,,3,0,0,0,0,0,0,2,0,3,,,,N,,,,,,,,,,,0,0,0,0,0,0,0,0,0,0,0,0,0,0,0,0,0,0,0,0,0,0,0,0,0,0,1,0,0,0,0,0,0,0,0,0,0,0,0,0,0,0,1,0,0,0,0,0,0,0,0,0,0,0,0,0,0,0,0,0,0,0,0,1,0,0,0,0,0,0,0,1,0,0,1,0,1,0,0,0,0,0,0,0,1,0,0,0,0,0,0,0,0,0,0,0,0,0,0,0,0,0,0,0,0,0,1,0,0,0,0,1,0,0,0,0,0,0,0,0,0,1,0,1,0,0,0,0,0
-8376365.194418,4853880.87191891,19591,2022019526,,0,0,0,0,0,0,0,0,0,4,0,,67,2,2022,2,39.916941,-75.246167,,6,0,0,0,0,0,1,0,0,,0,0,0,,,0,N,0,,39 55:00.988,,7,75 14:46.202,0,0,0,0,67301,0,0,0,N,0,0,0,2,00000,0,,1,,1,,,N,0,,0,0,1,,0,,,2,0,0,0,0,0,0,2,0,2,,,,N,,,,,,,,,,,0,0,1,0,0,0,0,0,0,0,0,0,0,0,0,0,0,0,0,0,0,0,0,0,1,0,0,0,0,0,0,0,0,0,0,0,0,0,0,0,0,0,0,0,0,1,0,0,0,0,0,0,0,0,0,0,0,0,0,0,0,0,0,0,0,0,0,0,0,0,0,0,0,0,1,0,1,0,0,0,0,0,0,0,1,0,0,0,0,0,0,0,0,0,0,0,0,0,0,0,0,0,0,0,0,0,1,0,0,0,0,0,0,0,0,0,0,0,0,0,0,1,0,1,0,0,0,0,0
-8375182.20160864,4850394.76280837,19592,2022033219,,1,0,0,0,0,0,0,0,0,1,0,,67,2,2022,5,39.892918,-75.23554,,6,0,0,0,0,0,1,0,0,,0,0,0,,,1,,2,,39 53:34.503,,0,75 14:07.944,8,0,0,0,67301,0,0,0,N,0,0,0,2,00000,0,,1,,1,,,N,0,,0,0,1,,2,,,2,1,0,0,0,1,0,2,0,2,,,,N,,,,,,,,,,,1,0,0,0,0,0,0,0,0,0,0,0,0,0,0,0,0,0,0,0,0,0,0,0,1,0,0,0,0,0,0,0,0,0,0,0,0,0,0,0,0,0,0,0,0,0,0,0,0,0,0,0,0,0,0,0,0,0,1,1,1,0,0,0,0,0,0,0,0,0,0,0,0,0,1,0,0,0,0,0,0,0,0,0,0,0,1,0,1,1,0,0,0,0,0,0,0,0,0,1,0,0,0,0,0,0,1,0,0,0,0,0,0,0,0,0,0,0,0,0,0,1,0,0,0,0,0,0,0