X,Y,objectid,crn,arrival_tm,automobile_count,belted_death_count,belted_susp_serious_inj_count,bicycle_count,bicycle_death_count,bicycle_susp_serious_inj_count,bus_count,chldpas_death_count,chldpas_susp_serious_inj_count,collision_type,comm_veh_count,cons_zone_spd_lim,county,crash_month,crash_year,day_of_week,dec_latitude,dec_longitude,dispatch_tm,district,driver_count_16yr,driver_count_17yr,driver_count_18yr,driver_count_19yr,driver_count_20yr,driver_count_50_64yr,driver_count_65_74yr,driver_count_75plus,est_hrs_closed,fatal_count,heavy_truck_count,horse_buggy_count,hour_of_day,illumination,injury_count,intersection_related_x,intersect_type,lane_closed,latitude,ln_close_dir,location_type,longitude,max_severity_level,mcycle_death_count,mcycle_susp_serious_inj_count,motorcycle_count,municipality,nonmotr_count,nonmotr_death_count,nonmotr_susp_serious_inj_count,ntfy_hiwy_maint,ped_count,ped_death_count,ped_susp_serious_inj_count,person_count,police_agcy,possible_inj_count,rdwy_surf_type_cd,relation_to_road,roadway_cleared,road_condition,sch_bus_ind,sch_zone_ind,secondary_crash,small_truck_count,spec_juris_cd,susp_minor_inj_count,susp_serious_inj_count,suv_count,tcd_func_cd,tcd_type,tfc_detour_ind,time_of_day,total_units,tot_inj_count,unbelted_occ_count,unb_death_count,unb_susp_serious_inj_count,unk_inj_deg_count,unk_inj_per_count,urban_rural,van_count,vehicle_count,weather1,weather2,workers_pres,work_zone_ind,work_zone_loc,work_zone_type,wz_close_detour,wz_flagger,wz_law_offcr_ind,wz_ln_closure,wz_moving,wz_other,wz_shlder_mdn,wz_workers_inj_killed,aggressive_driving,alcohol_related,angle_crash,atv,atv_route,backup_congestion,backup_nonrecurring,backup_prior,bicycle,cell_phone,child_passenger,comm_vehicle,core_network,cross_median,curved_road,curve_dvr_error,deer_related,distracted,drinking_driver,driver_16yr,driver_17yr,driver_18yr,driver_19yr,driver_20yr,driver_50_64yr,driver_65_74yr,driver_75plus,drugged_driver,drug_related,fatal,fatal_or_susp_serious_inj,fatigue_asleep,federal_aid_route,fire_in_vehicle,hazardous_truck,hit_barrier,hit_bridge,hit_deer,hit_embankment,hit_fixed_object,hit_gdrail,hit_gdrail_end,hit_parked_vehicle,hit_pole,hit_roadway_equipment,hit_run,hit_temp_construction_barrier,hit_traffic_island,hit_tree_shrub,hit_utility_pole,horse_buggy,ho_oppdir_sdswp,hvy_truck_related,icy_road,illegal_drug_related,illumination_dark,impaired_driver,impaired_nonmotorist,injury,injury_or_fatal,intersection,intersection_related_y,interstate,lane_departure,left_turn,limit_65mph,limit_70mph,local_road,local_road_only,marijuana_drugged_driver,marijuana_related,mature_driver,mc_drinking_driver,motorcycle,multiple_vehicle,nhtsa_agg_driving,non_intersection,no_clearance,opioid_related,other_freeway_expressway,overturned,pedestrian,phantom_vehicle,possible_injury,property_damage_only,psp_reported,ramp,ramp_segment,ramp_terminal,rear_end,roundabout,running_red_lt,running_stop_sign,rural,school_bus,school_bus_related,school_bus_unit,school_zone,shldr_related,signalized_int,single_vehicle,snowmobile,snow_slush_road,speeding,speeding_related,speed_change_lane,state_road,stop_controlled_int,sudden_deer,suspected_minor_injury,suspected_serious_injury,sv_run_off_rd,tailgating,train,train_trolley,trolley,turnpike,unbelted,underage_drnk_drv,unlicensed,unsignalized_int,urban,vehicle_failure,vehicle_towed,vulnerable_road_user,vulnerable_road_user_fatal,wet_road,work_zone,young_driver
-8369021.89058103,4855156.74280381,19899,2022047681,2313,1,0,0,0,0,0,0,0,0,3,0,,67,5,2022,2,39.925731,-75.180201,2310,6,0,0,0,0,0,0,0,0,,0,0,0,23,,0,N,0,,39 55:32.630,4,0,75 10:48.723,9,0,0,0,67301,0,0,0,N,0,0,0,1,67301,0,,6,100,1,N,N,N,0,,0,0,3,,0,N,2300,4,0,0,0,0,0,1,2,0,4,,03,,N,,,,,,,,,,,0,0,0,0,0,0,0,0,0,0,0,0,0,0,0,0,0,0,0,0,0,0,0,0,0,0,0,0,0,0,0,0,0,0,0,0,0,0,0,0,0,0,1,0,0,1,0,0,0,0,0,0,0,0,0,1,0,0,0,0,0,0,0,0,0,0,0,0,0,0,0,0,0,0,1,0,1,0,0,0,0,0,0,0,0,0,0,0,0,0,0,0,0,0,0,0,0,0,0,0,0,0,0,0,0,0,1,0,0,0,0,0,0,0,0,0,0,0,0,0,0,1,0,1,0,0,0,0,0
-8375735.46085161,4875995.20273456,19900,2022068561,1238,1,0,0,0,0,0,0,0,0,1,0,,67,7,2022,1,40.069136,-75.24051,1232,6,0,0,0,0,0,0,0,0,,0,0,0,12,,0,N,0,,40 04:08.891,,0,75 14:25.835,0,0,0,0,67301,0,0,0,N,0,0,0,3,67301,0,,1,,1,N,N,N,0,,0,0,1,,0,,1230,2,0,3,0,0,0,0,2,0,2,,03,,N,,,,,,,,,,,1,0,0,0,0,0,0,0,0,0,0,0,0,0,0,0,0,0,0,0,0,0,0,0,0,0,0,0,0,0,0,0,0,0,0,0,0,0,0,0,0,0,0,0,0,0,0,0,0,0,0,0,0,0,0,0,0,0,0,0,0,0,0,0,0,0,0,0,0,0,0,0,0,0,1,0,1,0,0,0,0,0,0,0,1,0,0,0,0,1,0,0,0,0,0,0,0,0,0,0,0,0,0,0,0,0,1,0,0,0,0,0,0,0,0,0,0,1,0,0,0,1,0,1,0,0,0,0,0
-8368073.33702001,4858020.86332475,19901,2022032901,2220,3,0,0,0,0,0,0,0,0,4,0,,67,3,2022,5,39.945459,-75.17168,2215,6,0,0,0,0,1,0,0,0,,0,0,0,22,,2,,1,,39 56:43.651,4,0,75 10:18.048,3,0,0,0,67301,0,0,0,N,0,0,0,2,67301,0,,1,1115,9,N,N,N,0,,2,0,0,,2,N,2205,3,2,0,0,0,0,0,2,0,3,,,,N,,,,,,,,,,,1,0,1,0,0,0,0,0,0,0,0,0,0,0,0,0,0,0,0,0,0,0,0,1,0,0,0,0,0,0,0,0,0,0,0,0,0,0,0,0,0,0,1,0,0,0,0,0,0,0,0,0,0,0,0,1,0,0,1,1,1,0,0,0,0,0,0,1,1,0,0,0,0,0,1,0,0,0,0,0,0,0,0,0,0,0,0,0,0,0,0,1,0,0,0,0,0,0,0,1,0,0,0,0,0,0,0,0,0,1,0,0,0,0,0,0,0,0,0,0,0,1,0,1,0,0,1,0,1
-8366750.0817828,4857939.98649275,19902,2022055564,0930,1,0,0,0,0,0,0,0,0,8,0,,67,6,2022,6,39.944902,-75.159793,0900,6,0,0,0,0,0,0,0,0,,0,0,0,05,,1,,1,,39 56:41.647,,0,75 09:35.256,4,0,0,0,67301,1,0,0,N,1,0,0,2,67301,1,,1,,99,N,N,N,0,,0,0,0,,2,,0500,2,1,0,0,0,0,0,2,0,1,,03,,N,,,,,,,,,,,0,0,0,0,0,0,0,0,0,0,0,0,0,0,0,0,0,1,0,0,0,0,0,0,0,0,0,0,0,0,0,0,0,0,0,0,0,0,0,0,0,0,0,0,0,1,0,0,0,0,0,0,0,0,0,0,0,0,1,1,1,0,0,0,0,0,0,1,1,0,0,0,0,0,0,0,0,0,0,0,0,1,0,1,0,0,0,0,0,0,0,0,0,0,0,0,0,0,0,1,1,0,0,0,0,0,0,0,0,0,0,0,0,0,0,0,0,0,0,0,0,1,0,0,1,0,0,0,0
-8354728.79821547,4871537.71300704,19903,2022045535,1857,1,0,0,0,0,0,0,0,0,4,0,,67,5,2022,7,40.038486,-75.051804,1853,6,0,0,0,0,1,0,0,0,,0,0,0,18,,0,,1,,40 02:18.549,,0,75 03:06.494,0,0,0,0,67301,0,0,0,N,0,0,0,2,67301,0,,1,,9,N,N,Y,1,,0,0,1,,2,,1836,4,0,2,0,0,0,0,2,1,4,,,,N,,,,,,,,,,,1,0,1,0,0,0,0,0,0,0,0,0,0,0,0,0,0,0,0,0,0,0,0,1,0,0,0,0,0,0,0,0,0,0,0,0,0,0,0,0,0,0,1,0,0,0,0,0,0,0,0,0,0,0,0,0,0,0,0,0,1,0,0,0,1,0,0,1,1,0,0,0,0,0,1,0,0,0,0,0,0,0,0,0,1,0,0,0,0,0,0,0,0,0,0,0,0,0,0,1,0,0,0,0,0,0,0,0,0,0,0,0,0,0,0,0,0,1,0,0,0,1,0,1,0,0,1,0,1
-8346803.40489411,4878726.5351363,19904,2022024739,1521,0,0,0,0,0,0,0,0,0,4,0,,67,3,2022,5,40.08791,-74.980609,1521,6,0,0,1,0,0,0,0,0,,0,0,0,14,,1,,1,,40 05:16.476,,0,74 58:50.192,3,0,0,0,67301,0,0,0,N,0,0,0,2,67301,0,,1,,1,N,N,N,0,,1,0,2,,3,,1425,2,1,0,0,0,0,0,2,0,2,,03,,N,,,,,,,,,,,0,0,1,0,0,0,0,0,0,0,0,0,0,0,0,0,0,0,0,0,0,1,0,0,0,0,0,0,0,0,0,0,0,0,0,0,0,0,0,0,0,0,0,0,0,0,0,0,0,0,0,0,0,0,0,0,0,0,1,1,1,0,0,0,0,0,0,1,1,0,0,0,0,0,1,0,0,0,0,0,0,0,0,0,0,0,0,0,0,0,0,0,0,0,0,0,0,0,0,0,0,0,0,0,0,0,0,1,0,1,0,0,0,0,0,0,0,0,0,0,1,1,0,1,0,0,0,0,1
-8352564.19000632,4871744.47302639,19905,2022047184,1740,2,0,0,0,0,0,0,0,0,3,0,,67,5,2022,3,40.039908,-75.032359,1740,6,0,0,0,0,0,0,0,1,,0,0,0,17,,1,N,0,,40 02:23.668,2,0,75 01:56.494,4,0,0,0,67301,0,0,0,N,0,0,0,2,67301,1,,1,1817,1,N,N,N,0,,0,0,0,,0,N,1737,2,1,0,0,0,0,0,2,0,2,,,,N,,,,,,,,,,,0,0,0,0,0,0,0,0,0,0,0,0,0,0,0,0,0,0,0,0,0,0,0,0,0,0,1,0,0,0,0,0,0,0,0,0,0,0,0,0,0,0,0,0,0,0,0,0,0,0,0,0,0,0,0,0,0,0,1,1,0,0,0,0,0,0,0,0,0,0,0,1,0,0,1,0,1,0,0,0,0,0,0,1,0,0,0,0,0,0,0,0,0,0,0,0,0,0,0,0,0,0,0,0,0,0,1,0,0,0,0,0,0,0,0,0,0,0,0,0,0,1,0,1,0,0,0,0,0
-8370609.9750988,4859358.83903608,19906,2022041703,2353,1,0,0,0,0,0,0,0,0,1,0,,67,4,2022,7,39.954673,-75.194467,2348,6,0,0,0,0,0,0,0,0,,0,0,0,23,,0,,1,,39 57:16.822,,0,75 11:40.080,0,0,0,0,67301,0,0,0,N,0,0,0,2,67504,0,,1,,1,N,N,N,0,,0,0,1,,1,,2345,2,0,0,0,0,0,0,2,0,2,,03,,N,,,,,,,,,,,1,0,0,0,0,0,0,0,0,0,0,0,0,0,0,0,0,0,0,0,0,0,0,0,0,0,0,0,0,0,0,0,0,0,0,0,0,0,0,0,0,0,0,0,0,0,0,0,0,0,0,0,0,0,0,1,0,0,0,0,1,0,0,0,0,0,0,1,0,0,0,0,0,0,1,0,0,0,0,0,0,0,0,0,1,0,0,0,0,1,0,0,0,0,0,0,0,0,0,1,0,0,0,0,1,0,1,0,0,0,0,0,0,0,0,0,0,0,0,0,0,1,0,1,0,0,0,0,0
-8369206.68178369,4872662.58512952,19907,2022046048,0214,2,0,0,0,0,0,0,0,0,2,0,,67,3,2022,4,40.046222,-75.181861,0212,6,0,0,0,0,0,1,0,0,,0,0,0,02,,1,N,0,,40 02:46.400,6,0,75 10:54.700,8,0,0,0,67301,0,0,0,N,0,0,0,1,67301,0,,6,441,1,N,N,Y,0,,0,0,0,,0,Y,0209,2,1,0,0,0,1,0,2,0,2,,03,,N,,,,,,,,,,,0,0,0,0,0,0,0,0,0,0,0,0,0,1,0,0,0,0,0,0,0,0,0,0,1,0,0,0,0,0,0,0,0,0,0,0,0,0,0,0,0,0,1,0,0,0,0,0,0,0,0,1,0,0,0,1,0,0,1,1,0,0,0,0,0,0,0,1,1,0,0,0,0,0,1,0,1,0,0,0,0,0,0,0,0,0,0,0,0,0,0,0,0,0,0,0,0,0,0,0,0,0,0,0,0,0,0,0,0,0,0,0,0,0,0,0,0,0,0,0,0,1,0,1,0,0,0,0,0
-8350727.64076578,4879606.0050181,19908,2022055576,0445,1,0,0,0,0,0,0,0,0,1,0,,67,6,2022,2,40.093954,-75.015861,0427,6,0,0,0,0,0,1,0,0,,0,0,0,22,,2,Y,0,,40 05:38.233,,0,75 00:57.098,3,0,0,0,67301,0,0,0,N,0,0,0,3,67301,0,,1,,1,N,N,N,1,,2,0,1,,2,,2230,3,2,0,0,0,0,0,2,0,3,,03,,N,,,,,,,,,,,0,0,0,0,0,0,0,0,0,0,0,0,1,0,0,0,0,0,0,0,0,0,0,0,1,0,0,0,0,0,0,0,0,0,0,0,0,0,0,0,0,0,0,0,0,1,0,0,0,0,0,0,0,0,0,1,0,0,1,1,0,0,0,0,0,0,0,0,0,0,0,0,0,0,1,0,1,0,0,0,0,0,0,0,0,0,0,0,0,1,0,0,0,0,0,0,0,0,0,0,0,0,0,0,0,0,1,0,0,1,0,0,0,0,0,0,0,0,0,0,0,1,0,0,0,0,0,0,0
-8367036.61837236,4859795.5282725,19909,2022024071,,2,0,0,0,0,0,0,0,0,1,0,,67,2,2022,3,39.95768,-75.162367,,6,0,0,0,0,0,0,0,0,,0,0,0,19,,1,,1,,39 57:27.649,,8,75 09:44.521,8,0,0,0,67301,0,0,0,N,0,0,0,2,00000,0,,1,,1,,,N,0,,0,0,0,,0,,1920,2,1,1,0,0,1,0,2,0,2,,,,N,,,,,,,,,,,1,0,0,0,0,0,0,0,0,0,0,0,0,0,0,0,0,0,0,0,0,0,0,0,0,0,0,0,0,0,0,0,0,0,0,0,0,0,0,0,0,0,0,0,0,0,0,0,0,0,0,0,0,0,0,1,0,0,1,1,1,0,0,0,0,0,0,0,0,0,0,0,0,0,1,0,0,0,0,0,0,0,0,0,0,0,1,0,1,1,0,0,0,0,0,0,0,0,0,0,0,0,0,0,0,0,1,0,0,0,0,0,0,0,0,0,0,1,0,0,1,1,0,0,0,0,0,0,0
-8349935.26815973,4874345.48064388,19910,2022047168,0752,0,0,0,0,0,0,0,0,0,4,0,,67,5,2022,4,40.057794,-75.008743,0745,6,0,0,0,0,0,1,0,0,,0,0,0,07,,2,,1,,40 03:28.059,1,0,75 00:31.473,3,0,0,0,67301,0,0,0,N,0,0,0,2,67301,0,,1,855,1,N,N,N,0,,2,0,2,,2,N,0730,2,2,0,0,0,0,0,2,0,2,,03,,N,,,,,,,,,,,0,0,1,0,0,0,0,0,0,0,0,0,0,0,0,0,0,0,0,0,0,0,0,0,1,0,0,0,0,0,0,0,0,0,0,0,0,0,0,0,0,0,0,0,0,0,0,0,0,0,0,0,0,0,0,0,0,0,1,1,1,0,0,0,1,0,0,0,0,0,0,0,0,0,1,0,0,0,0,0,0,0,0,0,0,0,0,0,0,0,0,0,0,0,0,0,0,0,0,1,0,0,0,0,0,0,1,0,0,1,0,0,0,0,0,0,0,0,0,0,0,1,0,1,0,0,0,0,0
-8365903.94225618,4861923.04647393,19911,2022060103,1637,0,0,0,0,0,0,0,0,0,8,0,,67,6,2022,6,39.972328,-75.152192,1630,6,0,0,0,0,0,0,0,0,,0,0,0,14,,1,,1,,39 58:20.379,,0,75 09:07.890,8,0,0,0,67301,1,0,0,N,1,0,0,1,67301,0,,1,,1,N,N,N,0,,0,0,0,,3,,1405,2,1,0,0,0,1,0,2,0,1,,03,,N,,,,,,,,,,,1,0,0,0,0,0,0,0,0,0,0,0,0,0,0,0,0,0,0,0,0,0,0,0,0,0,0,0,0,0,0,0,0,0,0,0,0,0,0,0,0,0,0,0,0,1,0,0,0,0,0,0,0,0,0,0,0,0,1,1,1,0,0,0,1,0,0,1,1,0,0,0,0,0,0,0,0,0,0,0,0,1,0,0,0,0,0,0,0,0,0,0,0,0,0,0,0,0,0,0,1,0,0,0,0,0,0,1,0,0,0,0,0,0,0,0,0,0,0,0,1,1,0,0,1,0,0,0,0
-8357398.90839823,4871913.86801962,19912,2022020748,0859,0,0,0,0,0,0,0,0,0,5,0,,67,2,2022,6,40.041073,-75.07579,0858,6,0,0,0,0,0,0,0,0,,0,0,0,08,,1,,2,,40 02:27.863,1,0,75 04:32.844,3,0,0,0,67301,0,0,0,N,0,0,0,2,67301,0,,1,944,9,N,N,N,0,,1,0,2,,0,N,0856,2,1,1,0,0,0,0,2,0,2,,07,,N,,,,,,,,,,,0,0,0,0,0,0,0,0,0,0,0,0,0,0,0,0,0,0,0,0,0,0,0,0,0,0,0,0,0,0,0,0,0,0,0,0,0,0,0,0,0,0,0,0,0,0,0,0,0,0,0,0,0,0,0,0,0,0,1,1,1,0,0,0,0,0,0,1,0,0,0,0,0,0,1,0,0,0,0,0,0,0,0,0,0,0,0,0,0,0,0,0,0,0,0,0,0,0,0,0,0,0,0,0,0,0,1,0,0,1,0,0,0,0,0,0,0,1,0,0,1,1,0,0,0,0,1,0,0
-8364766.59085634,4864967.11394955,19913,2022047796,1038,2,0,0,0,0,0,0,0,0,1,0,,67,5,2022,7,39.993281,-75.141975,1036,6,0,0,0,0,0,0,0,0,,0,0,0,10,,0,N,0,,39 59:35.810,,0,75 08:31.110,0,0,0,0,67301,0,0,0,N,0,0,0,3,67301,0,,4,,9,N,N,N,0,,0,0,0,,0,,1034,2,0,0,0,0,0,0,2,0,2,,04,,N,,,,,,,,,,,0,0,0,0,0,0,0,0,0,0,0,0,0,0,0,0,0,0,0,0,0,0,0,0,0,0,0,0,0,0,0,1,0,0,0,0,0,0,0,0,0,0,1,0,0,0,0,0,0,0,0,0,0,0,0,0,0,0,0,0,0,0,0,1,0,0,0,1,1,0,0,0,0,0,1,0,1,0,0,0,0,0,0,0,1,0,0,0,0,1,0,0,0,0,0,0,0,0,0,0,0,0,0,0,0,0,0,0,0,0,0,1,0,0,0,0,0,0,0,0,0,1,0,1,0,0,1,0,0
-8370188.4078217,4854417.32749557,19914,2022060367,0400,2,0,0,0,0,0,0,0,0,2,0,,67,6,2022,1,39.920637,-75.19068,0355,6,0,0,0,0,0,1,0,0,,0,0,0,03,,2,,7,,39 55:14.292,,2,75 11:26.447,3,0,0,0,67301,0,0,0,N,0,0,0,2,67301,0,,9,,8,N,N,N,0,,2,0,0,,0,,0354,2,2,1,0,0,0,0,2,0,2,,04,,N,,,,,,,,,,,0,0,0,0,0,0,0,0,0,0,0,0,0,0,1,0,0,0,0,0,0,0,0,0,1,0,0,0,0,0,0,0,0,0,0,0,0,0,0,0,0,0,0,0,0,0,0,0,0,0,0,1,0,0,0,1,0,0,1,1,1,0,0,0,0,0,0,0,0,0,0,0,0,0,1,0,0,0,0,0,0,0,0,0,0,0,0,0,0,0,0,0,0,0,0,0,0,0,0,0,0,0,0,0,0,0,1,0,0,1,0,0,0,0,0,0,0,1,0,0,1,1,1,1,0,0,1,0,0
-8369685.57804217,4864890.68456859,19915,2022068802,0935,0,0,0,0,0,0,0,0,0,1,0,,67,4,2022,2,39.992755,-75.186163,0935,6,0,0,0,0,0,1,1,0,,0,0,0,06,,2,,1,,39 59:33.918,,0,75 11:10.185,3,0,0,0,67301,0,0,0,N,0,0,0,3,67301,0,,1,,1,N,N,N,0,,2,0,2,,2,,0637,2,2,1,0,0,0,0,2,0,2,,,,N,,,,,,,,,,,1,0,0,0,0,0,0,0,0,0,0,0,0,0,0,0,0,0,0,0,0,0,0,0,1,1,0,0,0,0,0,0,0,0,0,0,0,0,0,0,0,0,0,0,0,0,0,0,0,0,0,0,0,0,0,0,0,0,1,1,1,0,0,0,0,0,0,1,0,0,0,1,0,0,1,0,0,0,0,0,0,0,0,0,0,0,0,0,0,1,0,0,0,0,0,0,0,0,0,1,0,0,0,0,0,0,1,0,0,1,0,0,1,0,0,0,0,1,0,0,0,1,0,1,0,0,0,0,0
-8365043.33103247,4861967.20523661,19916,2022033239,0834,1,0,0,0,0,0,0,0,0,1,0,,67,4,2022,3,39.972632,-75.144461,0833,6,0,0,0,0,0,0,0,0,,0,0,0,08,,2,,1,,39 58:21.475,1,0,75 08:40.059,3,0,0,0,67301,0,0,0,N,0,0,0,3,67301,1,,1,930,1,N,N,N,0,,1,0,2,,2,N,0830,3,2,0,0,0,0,0,2,0,3,,04,,N,,,,,,,,,,,1,0,0,0,0,0,0,0,0,0,0,0,0,0,0,0,0,0,0,0,0,0,0,0,0,0,0,0,0,0,0,0,0,0,0,0,0,0,0,0,0,0,0,0,0,1,0,0,0,0,0,0,0,0,0,0,0,0,1,1,1,0,0,0,0,0,0,1,1,0,0,0,0,0,1,0,0,0,0,0,0,0,0,1,0,0,0,0,0,1,0,0,0,0,0,0,0,0,0,1,0,0,0,1,1,0,0,0,0,1,0,0,0,0,0,0,0,0,0,0,0,1,0,1,0,0,0,0,0
-8373303.90776683,4861205.64046908,19917,2022060361,0103,2,0,0,0,0,0,0,0,0,4,0,,67,6,2022,4,39.967389,-75.218667,0056,6,0,0,0,0,0,1,0,0,,0,0,0,00,,0,N,0,,39 58:02.600,,0,75 13:07.200,9,0,0,0,67301,0,0,0,N,0,0,0,1,67301,0,,2,,1,N,N,N,0,,0,0,0,,0,,0054,2,0,0,0,0,0,1,2,0,2,,,,N,,,,,,,,,,,0,0,1,0,0,0,0,0,0,0,0,0,0,0,0,0,0,0,0,0,0,0,0,0,1,0,0,0,0,0,0,0,0,0,0,0,0,0,0,0,0,0,1,0,0,0,0,0,0,0,0,0,0,0,0,1,0,0,0,0,0,0,0,1,0,0,0,1,1,0,0,0,0,0,1,0,1,0,0,0,0,0,0,0,0,0,0,0,0,0,0,0,0,0,0,0,0,0,0,0,0,0,0,0,0,0,0,0,0,0,0,1,0,0,0,0,0,0,0,0,0,1,0,1,0,0,0,0,0
-8366377.49573243,4864414.6872171,19918,2022031070,,1,0,0,0,0,0,0,0,0,4,0,,67,3,2022,3,39.989479,-75.156446,,6,0,0,0,0,0,0,0,0,,0,0,0,15,,1,,1,,39 59:22.124,,0,75 09:23.205,8,0,0,0,67301,0,0,0,N,0,0,0,2,00000,0,,1,,1,,,N,0,,0,0,0,,3,,1500,2,1,0,0,0,1,0,2,1,2,,,,N,,,,,,,,,,,1,0,1,0,0,0,0,0,0,0,0,0,0,0,0,0,0,0,0,0,0,0,0,0,0,0,0,0,0,0,0,0,0,0,0,0,0,0,0,0,0,0,0,0,0,1,0,0,0,0,0,0,0,0,0,0,0,0,1,1,1,0,0,0,0,0,0,1,1,0,0,0,0,0,1,0,0,0,0,0,0,0,0,0,0,0,0,0,0,0,0,0,1,0,0,0,0,0,0,0,0,0,0,0,0,0,0,1,0,0,0,0,0,0,0,0,0,0,0,0,1,1,0,0,0,0,0,0,0
-8367527.31474547,4858065.44024763,19919,2022045444,2055,2,0,0,0,0,0,0,0,0,4,0,,67,5,2022,7,39.945766,-75.166775,2053,6,0,0,0,0,0,0,0,0,,0,0,0,20,,1,,1,,39 56:44.757,,0,75 10:00.390,3,0,0,0,67301,0,0,0,N,0,0,0,3,67301,0,,1,,1,N,N,N,0,,1,0,0,,2,,2025,3,1,0,0,0,0,0,2,1,3,,,,N,,,,,,,,,,,1,0,1,0,0,0,0,0,0,0,0,0,0,0,0,0,0,0,0,0,0,0,0,0,0,0,0,0,0,0,0,0,0,0,0,0,0,0,0,0,0,0,1,0,0,0,0,0,0,0,0,0,0,0,0,1,0,0,1,1,1,0,0,0,0,0,0,1,1,0,0,0,0,0,1,0,0,0,0,0,0,0,0,0,0,0,0,0,0,0,0,1,0,0,0,0,0,0,0,1,0,0,0,0,0,0,0,0,0,1,0,0,0,0,0,0,0,0,0,0,0,1,0,1,0,0,0,0,0
-8376435.43728009,4860073.78732031,19920,2022026057,1730,1,0,0,0,0,0,0,0,0,8,0,,67,3,2022,7,39.959596,-75.246798,1713,6,0,0,0,0,0,0,0,0,,0,0,0,15,,1,N,0,,39 57:34.546,,0,75 14:48.472,3,0,0,0,67301,1,0,0,N,1,0,0,2,67301,0,,4,,7,N,N,N,0,,1,0,0,,0,,1536,2,1,0,0,0,0,1,2,0,1,,09,,N,,,,,,,,,,,0,0,0,0,0,0,0,0,0,0,0,0,0,0,0,0,0,0,0,0,0,0,0,0,0,0,0,0,0,0,0,0,0,0,0,0,0,0,0,0,0,0,0,0,0,1,0,0,0,0,0,0,0,0,0,0,0,0,1,1,0,0,0,1,0,0,0,0,0,0,0,0,0,0,0,0,1,0,0,0,0,1,0,0,0,0,0,0,0,0,0,0,0,0,0,0,0,0,0,0,1,0,1,0,0,0,1,0,0,1,0,1,0,0,0,0,0,0,0,0,0,1,0,0,1,0,0,0,0
-8373763.10071019,4857780.70288046,19921,2022030794,1137,1,0,0,0,0,0,0,0,0,1,0,,67,3,2022,1,39.943805,-75.222792,1137,6,0,0,0,0,0,0,0,0,,0,0,0,11,,0,,1,,39 56:37.698,,0,75 13:22.051,0,0,0,0,67301,0,0,0,N,0,0,0,3,67301,0,,1,,1,N,N,N,0,,0,0,2,,2,,1137,3,0,3,0,0,0,0,2,0,3,,03,,N,,,,,,,,,,,0,0,0,0,0,0,0,0,0,0,0,0,0,0,0,0,0,0,0,0,0,0,0,0,0,0,0,0,0,0,0,0,0,0,0,0,0,0,0,0,0,0,0,0,0,0,0,0,0,0,0,0,0,0,0,0,0,0,0,0,1,0,0,0,0,0,0,1,1,0,0,0,0,0,1,0,0,0,0,0,0,0,0,0,1,0,0,0,0,1,0,0,0,0,0,0,0,0,0,1,0,0,0,0,0,0,0,0,0,0,0,0,0,0,0,0,0,1,0,0,0,1,0,1,0,0,0,0,0
-8368038.38276862,4859317.30605479,19922,2022029710,1311,1,0,0,0,0,0,0,0,0,8,0,,67,3,2022,5,39.954387,-75.171366,1307,6,0,0,0,0,0,0,0,0,,0,0,0,13,,1,,1,,39 57:15.792,,0,75 10:16.917,3,0,0,0,67301,1,0,0,N,1,0,0,2,67301,0,,1,,9,N,N,N,0,,1,0,0,,2,,1307,2,1,0,0,0,0,0,2,0,1,,,,N,,,,,,,,,,,1,0,0,0,0,0,0,0,0,0,0,0,0,0,0,0,0,0,0,0,0,0,0,0,0,0,0,0,0,0,0,0,0,0,0,0,0,0,0,0,0,0,0,0,0,0,0,0,0,0,0,0,0,0,0,0,0,0,1,1,1,0,0,0,1,0,0,1,0,0,0,0,0,0,0,0,0,0,0,0,0,1,0,0,0,0,0,0,0,0,0,0,0,0,0,0,0,0,0,1,1,0,0,0,0,0,1,0,0,1,0,0,0,0,0,0,0,0,0,0,0,1,0,0,1,0,1,0,0
-8367906.6925001,4874300.6841697,19923,2022029208,2210,3,0,0,0,0,0,0,0,0,5,0,,67,3,2022,7,40.057486,-75.170183,2205,6,0,0,0,0,0,0,0,0,,0,0,0,22,,1,N,0,,40 03:26.950,,0,75 10:12.660,3,0,0,0,67301,0,0,0,N,0,0,0,1,67301,0,,6,,9,N,N,N,0,,1,0,0,,0,,2200,3,1,0,0,0,0,0,2,0,3,,,,N,,,,,,,,,,,0,1,0,0,0,0,0,0,0,0,0,0,0,0,0,0,0,0,1,0,0,0,0,0,0,0,0,1,1,0,0,0,0,0,0,0,0,0,0,0,0,0,1,0,0,0,0,0,0,0,0,0,0,0,1,1,1,0,1,1,0,0,0,0,0,0,0,1,1,0,0,0,0,0,1,0,1,0,0,0,0,0,0,0,0,0,0,0,0,0,0,0,0,0,0,0,0,0,0,0,0,0,0,0,0,0,0,0,0,1,0,0,0,0,0,0,0,0,0,0,0,1,1,1,0,0,1,0,0
-8374638.29479872,4858814.56566332,19924,2022029233,0701,1,0,0,0,0,0,0,0,0,4,0,,67,3,2022,6,39.950925,-75.230654,0700,6,0,0,0,0,0,2,0,0,,0,0,0,06,,1,,1,,39 57:03.330,,0,75 13:50.354,8,0,0,0,67301,0,0,0,N,0,0,0,2,67301,0,,1,,1,N,N,N,0,,0,0,1,,2,,0659,2,1,0,0,0,1,0,2,0,2,,05,,N,,,,,,,,,,,1,0,1,0,0,0,0,0,0,0,0,0,0,0,0,0,0,0,0,0,0,0,0,0,1,0,0,0,0,0,0,0,0,0,0,0,0,0,0,0,0,0,0,0,0,0,0,0,0,0,0,0,0,0,0,0,0,0,1,1,1,0,0,0,0,0,0,1,1,0,0,0,0,0,1,0,0,0,0,0,0,0,0,0,0,0,0,0,0,0,0,1,0,0,0,0,0,0,0,1,0,0,0,0,0,0,0,0,0,0,0,0,0,0,0,0,0,0,0,0,0,1,1,1,0,0,0,0,0