X,Y,objectid,crn,arrival_tm,automobile_count,belted_death_count,belted_susp_serious_inj_count,bicycle_count,bicycle_death_count,bicycle_susp_serious_inj_count,bus_count,chldpas_death_count,chldpas_susp_serious_inj_count,collision_type,comm_veh_count,cons_zone_spd_lim,county,crash_month,crash_year,day_of_week,dec_latitude,dec_longitude,dispatch_tm,district,driver_count_16yr,driver_count_17yr,driver_count_18yr,driver_count_19yr,driver_count_20yr,driver_count_50_64yr,driver_count_65_74yr,driver_count_75plus,est_hrs_closed,fatal_count,heavy_truck_count,horse_buggy_count,hour_of_day,illumination,injury_count,intersection_related_x,intersect_type,lane_closed,latitude,ln_close_dir,location_type,longitude,max_severity_level,mcycle_death_count,mcycle_susp_serious_inj_count,motorcycle_count,municipality,nonmotr_count,nonmotr_death_count,nonmotr_susp_serious_inj_count,ntfy_hiwy_maint,ped_count,ped_death_count,ped_susp_serious_inj_count,person_count,police_agcy,possible_inj_count,rdwy_surf_type_cd,relation_to_road,roadway_cleared,road_condition,sch_bus_ind,sch_zone_ind,secondary_crash,small_truck_count,spec_juris_cd,susp_minor_inj_count,susp_serious_inj_count,suv_count,tcd_func_cd,tcd_type,tfc_detour_ind,time_of_day,total_units,tot_inj_count,unbelted_occ_count,unb_death_count,unb_susp_serious_inj_count,unk_inj_deg_count,unk_inj_per_count,urban_rural,van_count,vehicle_count,weather1,weather2,workers_pres,work_zone_ind,work_zone_loc,work_zone_type,wz_close_detour,wz_flagger,wz_law_offcr_ind,wz_ln_closure,wz_moving,wz_other,wz_shlder_mdn,wz_workers_inj_killed,aggressive_driving,alcohol_related,angle_crash,atv,atv_route,backup_congestion,backup_nonrecurring,backup_prior,bicycle,cell_phone,child_passenger,comm_vehicle,core_network,cross_median,curved_road,curve_dvr_error,deer_related,distracted,drinking_driver,driver_16yr,driver_17yr,driver_18yr,driver_19yr,driver_20yr,driver_50_64yr,driver_65_74yr,driver_75plus,drugged_driver,drug_related,fatal,fatal_or_susp_serious_inj,fatigue_asleep,federal_aid_route,fire_in_vehicle,hazardous_truck,hit_barrier,hit_bridge,hit_deer,hit_embankment,hit_fixed_object,hit_gdrail,hit_gdrail_end,hit_parked_vehicle,hit_pole,hit_roadway_equipment,hit_run,hit_temp_construction_barrier,hit_traffic_island,hit_tree_shrub,hit_utility_pole,horse_buggy,ho_oppdir_sdswp,hvy_truck_related,icy_road,illegal_drug_related,illumination_dark,impaired_driver,impaired_nonmotorist,injury,injury_or_fatal,intersection,intersection_related_y,interstate,lane_departure,left_turn,limit_65mph,limit_70mph,local_road,local_road_only,marijuana_drugged_driver,marijuana_related,mature_driver,mc_drinking_driver,motorcycle,multiple_vehicle,nhtsa_agg_driving,non_intersection,no_clearance,opioid_related,other_freeway_expressway,overturned,pedestrian,phantom_vehicle,possible_injury,property_damage_only,psp_reported,ramp,ramp_segment,ramp_terminal,rear_end,roundabout,running_red_lt,running_stop_sign,rural,school_bus,school_bus_related,school_bus_unit,school_zone,shldr_related,signalized_int,single_vehicle,snowmobile,snow_slush_road,speeding,speeding_related,speed_change_lane,state_road,stop_controlled_int,sudden_deer,suspected_minor_injury,suspected_serious_injury,sv_run_off_rd,tailgating,train,train_trolley,trolley,turnpike,unbelted,underage_drnk_drv,unlicensed,unsignalized_int,urban,vehicle_failure,vehicle_towed,vulnerable_road_user,vulnerable_road_user_fatal,wet_road,work_zone,young_driver
-8349155.36358473,4873510.54186975,22490,2022105123,,1,0,0,0,0,0,0,0,0,8,0,,67,11,2022,3,40.052053,-75.001737,,6,0,0,0,0,0,1,0,0,,0,0,0,,,1,,2,,40 03:07.389,3,0,75 00:06.254,3,0,0,0,67301,1,0,0,N,1,0,0,2,67301,0,,1,1317,1,N,N,N,0,,1,0,0,,0,N,,2,1,0,0,0,0,0,2,0,1,,03,,N,,,,,,,,,,,0,0,0,0,0,0,0,0,0,0,0,0,0,0,0,0,0,0,0,0,0,0,0,0,1,0,0,0,0,0,0,0,0,0,0,0,0,0,0,0,0,0,0,0,0,0,0,0,0,0,0,0,0,0,0,0,0,0,1,1,1,0,0,0,0,0,0,1,0,0,0,0,0,0,0,0,0,0,0,0,0,1,0,0,0,0,0,0,0,0,0,0,0,0,0,0,0,0,0,0,1,0,0,0,0,0,1,0,0,1,0,0,0,0,0,0,0,0,0,0,1,1,0,0,1,0,0,0,0
-8375542.65449462,4855574.81085703,22491,2022121342,,0,0,0,0,0,0,0,0,0,7,0,,67,12,2022,1,39.928611,-75.238778,,6,0,0,0,0,0,0,0,0,,0,0,0,,,1,,3,,39 55:43.000,,99,75 14:19.600,4,0,0,0,67301,0,0,0,N,0,0,0,1,67301,1,,5,,1,N,N,N,0,,0,0,1,,2,,,1,1,0,0,0,0,0,2,0,1,,03,,N,,,,,,,,,,,0,0,0,0,0,0,0,0,0,0,0,0,0,0,0,0,0,1,0,0,0,0,0,0,0,0,0,0,0,0,0,0,0,0,0,0,0,0,0,1,0,0,0,0,0,0,0,0,0,0,0,0,0,0,0,0,0,0,1,1,1,0,0,0,0,0,0,1,0,0,0,0,0,0,0,0,0,0,0,0,0,0,0,1,0,0,0,0,0,0,0,0,0,0,0,0,0,0,0,1,1,0,0,0,0,0,1,0,0,0,0,1,0,0,0,0,0,0,0,0,0,1,0,1,0,0,0,0,0
-8375405.0636363,4857652.92947095,22492,2022093804,,0,0,0,0,0,0,0,0,0,7,0,,67,10,2022,6,39.942925,-75.237542,,6,0,0,0,0,0,1,0,0,,0,0,0,,,1,N,0,,39 56:34.530,,0,75 14:15.150,3,0,0,0,67301,0,0,0,N,0,0,0,1,67301,0,,5,,1,N,N,N,0,,1,0,1,,0,,,1,1,0,0,0,0,0,2,0,1,,03,,N,,,,,,,,,,,0,0,0,0,0,0,0,0,0,0,0,0,0,0,0,0,0,0,0,0,0,0,0,0,1,0,0,0,0,0,0,0,0,0,0,0,0,0,0,1,0,0,0,0,0,0,0,0,1,0,0,0,0,0,0,0,0,0,1,1,0,0,0,1,0,0,0,1,1,0,0,0,0,0,0,0,1,0,0,0,0,0,0,0,0,0,0,0,0,0,0,0,0,0,0,0,0,0,0,0,1,0,0,0,0,0,0,0,0,1,0,1,0,0,0,0,0,0,0,0,0,1,0,1,0,0,0,0,0
-8360440.26876198,4864881.82165912,22493,2022114081,,0,0,0,0,0,0,0,0,0,2,0,,67,11,2022,3,39.992694,-75.103111,,6,0,0,0,0,0,0,0,0,,0,0,0,,,0,N,0,,39 59:33.700,,0,75 06:11.200,9,0,0,0,67301,0,0,0,N,0,0,0,2,67301,0,,1,,1,N,N,N,0,,0,0,2,,0,,,2,0,0,0,0,0,1,2,0,2,,,,N,,,,,,,,,,,0,0,0,0,0,0,0,0,0,0,0,0,0,1,0,0,0,0,0,0,0,0,0,0,0,0,0,0,0,0,0,0,0,0,0,0,0,0,0,0,0,0,0,0,0,1,0,0,0,0,0,1,0,0,0,0,0,0,0,0,0,0,0,1,0,0,0,1,1,0,0,0,0,0,1,0,1,0,0,0,0,0,0,0,0,0,0,0,0,0,0,0,0,0,0,0,0,0,0,0,0,0,0,0,0,0,0,0,0,0,0,0,0,0,0,0,0,0,0,0,0,1,1,1,0,0,0,0,0
-8374519.29425381,4857998.06646878,22494,2022093805,,1,0,0,0,0,0,0,0,0,8,0,,67,10,2022,6,39.945302,-75.229585,,6,0,0,0,0,0,0,0,0,,0,0,0,,,1,,1,,39 56:43.086,,0,75 13:46.506,8,0,0,0,67301,1,0,0,N,1,0,0,2,67301,0,,1,,1,N,N,N,0,,0,0,0,,2,,,2,1,1,0,0,1,1,2,0,1,,03,,N,,,,,,,,,,,0,0,0,0,0,0,0,0,0,0,0,0,0,0,0,0,0,0,0,0,0,0,0,0,0,0,0,0,0,0,0,0,0,0,0,0,0,0,0,0,0,0,0,0,0,1,0,0,0,0,0,0,0,0,0,1,0,0,1,1,1,0,0,0,0,0,0,1,0,0,0,0,0,0,0,0,0,0,0,0,0,1,0,0,0,0,0,0,0,0,0,0,0,0,0,0,0,0,0,1,1,0,0,0,0,0,1,0,0,0,0,0,0,0,0,0,0,1,0,0,0,1,0,0,1,0,0,0,0
-8365227.00841758,4863788.19517192,22495,2022119027,,0,0,0,0,0,0,0,0,0,1,0,,67,10,2022,6,39.985167,-75.146111,,6,0,0,0,0,0,0,0,0,,0,0,0,,,0,N,0,,39 59:06.600,,0,75 08:46.000,0,0,0,0,67301,0,0,0,N,0,0,0,1,67301,0,,6,,1,N,N,N,0,,0,0,1,,0,,,2,0,0,0,0,0,0,2,0,2,,,,N,,,,,,,,,,,0,0,0,0,0,0,0,0,0,0,0,0,0,0,0,0,0,0,0,0,0,0,0,0,0,0,0,0,0,0,0,0,0,0,0,0,0,0,0,0,0,0,1,1,0,1,0,0,0,1,0,0,0,0,0,0,0,0,0,0,0,0,0,0,0,0,0,1,1,0,0,0,0,0,1,0,1,0,0,0,0,0,0,0,1,0,0,0,0,1,0,0,0,0,0,0,0,0,0,0,0,0,0,0,0,0,0,0,0,0,0,0,0,0,0,0,0,0,0,0,0,1,1,1,0,0,0,0,0
-8375170.62553875,4874906.31382853,22496,2022103690,,0,0,0,0,0,0,0,0,0,0,0,,67,10,2022,6,40.06165,-75.235436,,6,0,0,0,0,0,0,0,0,,0,0,0,,,1,N,0,,40 03:41.940,3,0,75 14:07.570,8,0,0,0,67301,0,0,0,N,0,0,0,1,67301,0,,1,1400,1,N,N,N,0,,0,0,1,,0,Y,,2,1,0,0,0,1,0,2,1,2,,03,,N,,,,,,,,,,,0,0,0,0,0,0,0,0,0,0,0,0,0,0,0,0,1,0,0,0,0,0,0,0,0,0,0,0,0,0,0,0,0,0,0,0,0,0,0,0,0,0,1,0,0,0,0,0,0,0,0,0,0,0,0,0,0,0,1,1,0,0,0,0,0,0,0,1,1,0,0,0,0,0,1,0,1,0,0,0,0,0,0,0,0,0,0,0,0,0,0,0,0,0,0,0,0,0,0,0,0,0,0,0,0,0,0,0,1,0,0,1,0,0,0,0,0,0,0,0,0,1,0,1,0,0,0,0,0
-8365067.04227067,4864885.01813858,22497,2022095345,,1,0,0,0,0,0,0,0,0,1,0,,67,10,2022,7,39.992716,-75.144674,,6,0,0,0,0,0,0,0,1,,0,0,0,,,3,Y,0,,39 59:33.779,,0,75 08:40.825,4,0,0,0,67301,0,0,0,N,0,0,0,4,67301,2,,1,,1,N,N,N,0,,0,0,1,,2,,,2,3,2,0,0,1,0,2,0,2,,03,,N,,,,,,,,,,,0,0,0,0,0,0,0,0,0,0,0,0,0,0,0,0,0,0,0,0,0,0,0,0,0,0,1,0,0,0,0,0,0,0,0,0,0,0,0,0,0,0,0,0,0,0,0,0,0,0,0,0,0,0,0,1,0,0,1,1,0,0,0,0,0,0,0,0,0,0,0,1,0,0,1,0,1,0,0,0,0,0,0,1,0,0,0,0,0,1,0,0,0,0,0,0,0,0,0,0,0,0,0,0,0,0,1,0,0,0,0,0,0,0,0,0,0,1,0,0,0,1,1,1,0,0,0,0,0
-8365897.15244238,4874177.93377474,22498,2022102967,,1,0,0,0,0,0,0,0,0,8,0,,67,11,2022,4,40.056642,-75.152131,,6,0,0,0,0,0,1,0,0,,0,0,0,,,2,N,0,,40 03:23.910,,0,75 09:07.670,3,0,0,0,67301,1,0,0,N,1,0,0,2,67301,0,,1,,1,N,N,N,0,,2,0,0,,0,,,2,2,0,0,0,0,0,2,0,1,,03,,N,,,,,,,,,,,0,0,0,0,0,0,0,0,0,0,0,0,0,0,0,0,0,0,0,0,0,0,0,0,1,0,0,0,0,0,0,0,0,0,0,0,0,0,0,0,0,0,0,0,0,0,0,0,0,0,0,0,0,0,0,0,0,0,1,1,0,0,0,0,0,0,0,1,1,0,0,0,0,0,0,0,1,0,0,0,0,1,0,0,0,0,0,0,0,0,0,0,0,0,0,0,0,0,0,0,1,0,0,0,0,0,0,0,0,1,0,0,0,0,0,0,0,0,0,0,0,1,0,0,1,0,0,0,0
-8374526.30771945,4865895.64326531,22499,2022125105,,2,0,0,0,0,0,0,0,0,4,0,,67,12,2022,6,39.999671,-75.229648,,6,0,0,0,0,1,0,0,0,,0,0,0,,,0,N,0,,39 59:58.815,,7,75 13:46.732,0,0,0,0,67301,0,0,0,N,0,0,0,2,67301,0,,1,,99,N,N,N,0,,0,0,0,,0,,,2,0,0,0,0,0,0,2,0,2,,,,N,,,,,,,,,,,0,0,1,0,0,0,0,0,0,0,0,0,1,0,0,0,0,0,0,0,0,0,0,1,0,0,0,0,0,0,0,0,0,0,0,0,0,0,0,0,0,0,0,0,0,0,0,0,0,0,0,0,0,0,0,1,0,0,0,0,0,0,0,0,1,0,0,0,0,0,0,0,0,0,1,0,1,0,0,0,0,0,0,0,1,0,0,0,0,0,0,0,0,0,0,0,0,0,0,0,0,0,0,0,0,0,1,0,0,0,0,0,0,0,0,0,0,0,0,0,0,1,0,1,0,0,0,0,1
-8367561.37834325,4854728.82177914,22500,2022093798,,1,0,0,0,0,0,0,0,0,8,0,,67,10,2022,7,39.922783,-75.167081,,6,0,0,0,0,0,0,0,0,,0,0,0,,,1,N,0,,39 55:22.020,,0,75 10:01.490,2,0,0,0,67301,1,0,1,N,1,0,1,2,67301,0,,1,,1,N,N,N,0,,0,1,0,,0,,,2,1,1,0,0,0,0,2,0,1,,03,,N,,,,,,,,,,,0,0,0,0,0,0,0,0,0,0,0,0,0,0,0,0,0,0,0,0,0,0,0,0,0,0,0,0,0,0,1,0,0,0,0,0,0,0,0,0,0,0,0,0,0,1,0,0,0,0,0,0,0,0,0,1,0,0,1,1,0,0,0,0,0,0,0,1,1,0,0,0,0,0,0,0,1,0,0,0,0,1,0,0,0,0,0,0,0,0,0,0,0,0,0,0,0,0,0,0,1,0,0,0,0,0,0,0,0,0,1,0,0,0,0,0,0,1,0,0,0,1,0,0,1,0,0,0,0
-8375959.65761094,4858118.87440543,22501,2022102962,,1,0,0,0,0,0,0,0,0,6,0,,67,11,2022,4,39.946134,-75.242524,,6,0,0,0,0,0,0,0,0,,0,0,0,,,1,N,0,,39 56:46.081,4,0,75 14:33.086,8,0,0,0,67301,0,0,0,N,0,0,0,3,67301,0,,1,2355,1,N,N,N,1,,0,0,2,,0,N,,4,1,0,0,0,1,0,2,0,4,,,,N,,,,,,,,,,,0,0,0,0,0,0,0,0,0,0,0,0,0,0,0,0,0,0,0,0,0,0,0,0,0,0,0,0,0,0,0,0,0,0,0,0,0,0,0,0,0,0,1,0,0,0,0,0,0,0,0,1,0,0,0,1,0,0,1,1,0,0,0,1,0,0,0,0,0,0,0,0,0,0,1,0,1,0,0,0,0,0,0,0,0,0,0,0,0,0,0,0,0,0,0,0,0,0,0,0,0,0,0,0,0,0,1,0,0,0,0,0,0,0,0,0,0,0,0,0,0,1,0,1,0,0,0,0,0
-8369216.47760346,4866605.97657023,22502,2022105139,,1,0,0,0,0,0,0,0,0,7,0,,67,11,2022,3,40.004559,-75.181949,,6,0,0,0,0,0,0,0,0,,0,0,0,,,0,,2,,40 00:16.414,6,0,75 10:55.018,0,0,0,0,67301,0,0,0,N,0,0,0,1,67301,0,,4,2121,1,N,N,N,0,,0,0,0,,0,Y,,1,0,1,0,0,0,0,2,0,1,,03,,N,,,,,,,,,,,1,0,0,0,0,0,0,0,0,0,0,0,0,0,0,0,0,0,0,0,0,0,0,0,0,0,0,0,0,0,0,0,0,0,0,0,0,0,0,1,0,0,0,0,0,1,0,0,0,0,0,0,0,0,0,1,0,0,0,0,1,0,0,0,0,0,0,1,1,0,0,0,0,0,0,0,0,0,0,0,1,0,0,0,1,0,0,0,0,0,0,0,0,0,0,0,0,0,0,0,1,0,0,1,1,0,0,0,0,0,0,1,0,0,0,0,0,1,0,0,1,1,0,1,0,0,0,0,0
-8365249.82888371,4863082.56733722,22503,2022097030,,0,0,0,0,0,0,0,0,0,8,0,,67,10,2022,5,39.98031,-75.146316,,6,0,0,0,0,0,1,0,0,,0,0,0,,,1,,1,,39 58:49.115,,0,75 08:46.737,3,0,0,0,67301,1,0,0,N,1,0,0,2,67301,0,,1,,1,N,N,N,1,,1,0,0,,3,,,2,1,1,0,0,0,0,2,0,1,,03,,N,,,,,,,,,,,1,0,0,0,0,0,0,0,0,0,0,0,0,0,0,0,0,0,0,0,0,0,0,0,1,0,0,0,0,0,0,0,0,0,0,0,0,0,0,0,0,0,0,0,0,0,0,0,0,0,0,0,0,0,0,1,0,0,1,1,1,0,0,0,1,0,0,1,1,0,0,0,0,0,0,0,0,0,0,0,0,1,0,0,0,0,0,0,0,0,0,0,0,0,0,0,0,0,0,0,1,0,0,0,0,0,0,1,0,1,0,0,0,0,0,0,0,1,0,0,1,1,0,0,1,0,0,0,0
-8371220.1175018,4859457.29940256,22504,2022108437,,0,0,0,0,0,0,0,0,0,8,0,,67,10,2022,2,39.955351,-75.199948,,6,0,0,0,0,0,0,0,0,,0,0,0,,,1,,1,,39 57:19.264,,0,75 11:59.814,3,0,0,0,67301,1,0,0,N,1,0,0,2,67504,0,,1,,1,N,N,N,0,,1,0,1,,2,,,2,1,0,0,0,0,0,2,0,1,,03,,N,,,,,,,,,,,1,0,0,0,0,0,0,0,0,0,0,0,0,0,0,0,0,0,0,0,0,0,0,0,0,0,0,0,0,0,0,0,0,0,0,0,0,0,0,0,0,0,0,0,0,0,0,0,0,0,0,0,0,0,0,0,0,0,1,1,1,0,0,0,1,0,0,1,0,0,0,0,0,0,0,0,0,0,0,0,0,1,0,0,0,0,0,0,0,0,0,0,0,0,0,0,0,0,0,1,1,0,0,0,0,0,1,0,0,1,0,0,0,0,0,0,0,0,0,0,0,1,0,0,1,0,0,0,0
-8369908.66262329,4870239.38149194,22505,2022116675,,1,0,0,0,0,0,0,0,0,7,0,,67,12,2022,5,40.029556,-75.188167,,6,0,0,0,0,0,0,0,0,,0,0,0,,,0,N,0,,40 01:46.400,3,99,75 11:17.400,0,0,0,0,67301,0,0,0,N,0,0,0,1,67301,0,,4,100,1,N,N,N,0,,0,0,0,,0,N,,1,0,0,0,0,0,0,2,0,1,,03,,N,,,,,,,,,,,0,0,0,0,0,0,0,0,0,0,0,0,0,0,1,0,0,1,0,0,0,0,0,0,0,0,0,0,0,0,0,0,0,0,0,0,0,0,0,1,1,0,0,0,0,0,0,0,0,0,0,0,0,0,0,1,0,0,0,0,0,0,0,1,0,0,0,1,1,0,0,0,0,0,0,0,1,0,0,0,0,0,0,0,1,0,0,0,0,0,0,0,0,0,0,0,0,0,0,0,1,0,0,0,0,0,0,0,0,0,0,1,0,0,0,0,0,0,0,0,0,1,0,1,0,0,0,0,0
-8361030.59641672,4868723.47232857,22506,2022108082,,2,0,0,0,0,0,0,0,0,5,0,,67,10,2022,1,40.019128,-75.108414,,6,0,0,0,0,0,0,0,0,,0,0,0,,,0,N,0,,40 01:08.860,,0,75 06:30.290,9,0,0,0,67301,0,0,0,N,0,0,0,1,67301,0,,6,,1,N,N,N,1,,0,0,1,,0,,,4,0,1,0,0,0,1,2,0,4,,,,N,,,,,,,,,,,0,0,0,0,0,0,0,0,0,0,0,0,0,0,0,0,0,0,0,0,0,0,0,0,0,0,0,0,0,0,0,0,0,0,0,0,0,0,0,0,0,0,1,0,0,1,0,0,0,0,0,0,0,0,0,1,0,0,0,0,0,0,0,0,0,0,0,1,1,0,0,0,0,0,1,0,1,0,0,0,0,0,0,0,0,0,0,0,0,0,0,0,0,0,0,0,0,0,0,0,0,0,0,0,0,0,0,0,0,0,0,0,0,0,0,0,0,1,0,0,0,1,0,1,0,0,0,0,0
-8375608.44416955,4851578.7680875,22507,2022104143,,2,0,0,0,0,0,0,0,0,5,0,,67,11,2022,7,39.901078,-75.239369,,6,0,0,0,0,0,0,0,0,,0,0,0,,,0,N,0,,39 54:03.880,,0,75 14:21.729,0,0,0,0,67301,0,0,0,N,0,0,0,2,67301,0,,1,,1,N,N,N,0,,0,0,0,,0,,,2,0,2,0,0,0,0,2,0,2,,03,,N,,,,,,,,,,,1,0,0,0,0,0,0,0,0,0,0,0,0,0,0,0,0,0,0,0,0,0,0,0,0,0,0,0,0,0,0,0,0,0,0,0,0,0,0,0,0,0,0,0,0,1,0,0,0,0,0,0,0,0,0,0,0,0,0,0,0,0,0,0,0,0,0,0,0,0,0,0,0,0,1,0,1,0,0,0,0,0,0,0,1,0,0,0,0,0,0,0,0,0,0,0,0,0,0,0,0,0,0,0,0,0,1,0,0,0,0,0,0,0,0,0,0,1,0,0,0,1,0,1,0,0,0,0,0
-8369484.31249861,4868803.12841574,22508,2022103704,,0,0,0,0,0,0,0,0,0,8,0,,67,11,2022,4,40.019676,-75.184355,,6,0,0,0,0,0,0,0,0,,0,0,0,,,1,,1,,40 01:10.833,,0,75 11:03.678,2,0,0,0,67301,1,0,1,N,1,0,1,2,67301,0,,1,,1,N,N,N,0,,0,1,0,,2,,,2,1,0,0,0,0,1,2,0,1,,,,N,,,,,,,,,,,0,0,0,0,0,0,0,0,0,0,0,0,0,0,0,0,0,0,0,0,0,0,0,0,0,0,0,0,0,0,1,0,0,0,0,0,0,0,0,0,0,0,0,0,0,1,0,0,0,0,0,0,0,0,0,0,0,0,1,1,1,0,0,0,1,0,0,1,0,0,0,0,0,0,0,0,0,0,0,0,0,1,0,0,0,0,0,0,0,0,0,0,0,0,0,0,0,0,0,1,1,0,0,0,0,0,1,0,0,0,1,0,0,0,0,0,0,0,0,0,0,1,0,0,1,0,0,0,0
-8367778.11814879,4867630.87571075,22509,2022103065,,1,0,0,0,0,0,0,0,0,8,0,,67,11,2022,3,40.011611,-75.169028,,6,0,0,0,0,0,0,0,0,,0,0,0,,,1,N,0,,40 00:41.800,,7,75 10:08.500,3,0,0,0,67301,1,0,0,N,1,0,0,2,67301,0,,1,,1,N,N,N,0,,1,0,0,,0,,,2,1,0,0,0,0,1,2,0,1,,03,,N,,,,,,,,,,,0,0,0,0,0,0,0,0,0,0,0,0,0,0,0,0,0,0,0,0,0,0,0,0,0,0,0,0,0,0,0,0,0,0,0,0,0,0,0,0,0,0,0,0,0,1,0,0,0,0,0,0,0,0,0,1,0,0,1,1,0,0,0,0,0,0,0,1,1,0,0,0,0,0,0,0,1,0,0,0,0,1,0,0,0,0,0,0,0,0,0,0,0,0,0,0,0,0,0,0,1,0,0,0,0,0,0,0,0,1,0,0,0,0,0,0,0,0,0,0,0,1,0,0,1,0,0,0,0
-8356297.62413585,4868011.38908286,22510,2022100791,,0,0,0,0,0,0,0,0,0,4,0,,67,10,2022,7,40.014229,-75.065897,,6,0,0,0,0,0,1,0,0,,0,0,0,,,2,,1,,40 00:51.225,,0,75 03:57.229,3,0,0,0,67301,0,0,0,N,0,0,0,3,67301,0,,1,,1,N,N,N,0,,2,0,1,,0,,,2,2,0,0,0,0,0,2,1,2,,,,N,,,,,,,,,,,0,0,1,0,0,0,0,0,0,0,0,0,0,0,1,0,0,0,0,0,0,0,0,0,1,0,0,0,0,0,0,0,0,0,0,0,0,0,0,0,0,0,0,0,0,0,0,0,0,0,0,0,0,0,0,0,0,0,1,1,1,0,0,0,1,0,0,1,0,0,0,0,0,0,1,0,0,0,0,0,0,0,0,0,0,0,0,0,0,0,0,0,0,0,0,0,0,0,0,0,0,0,0,0,0,0,1,0,0,1,0,0,0,0,0,0,0,0,0,0,1,1,0,0,0,0,0,0,0
-8369385.46048031,4862248.14017091,22511,2022102231,,0,0,0,0,0,0,0,0,0,8,0,,67,11,2022,3,39.974566,-75.183467,,6,0,0,0,0,0,0,0,0,,0,0,0,,,1,,1,,39 58:28.437,,0,75 11:00.481,3,0,0,0,67301,1,0,0,N,1,0,0,2,67301,0,,1,,1,N,N,N,0,,1,0,0,,2,,,2,1,0,0,0,0,0,2,1,1,,03,,N,,,,,,,,,,,0,0,0,0,0,0,0,0,0,0,0,0,0,0,0,0,0,1,0,0,0,0,0,0,0,0,0,0,0,0,0,0,0,0,0,0,0,0,0,0,0,0,0,0,0,0,0,0,0,0,0,0,0,0,0,0,0,0,1,1,1,0,0,0,1,0,0,1,0,0,0,0,0,0,0,0,0,0,0,0,0,1,0,0,0,0,0,0,0,0,0,0,0,0,0,0,0,0,0,1,1,0,0,0,0,0,1,0,0,1,0,0,0,0,0,0,0,0,0,0,0,1,0,0,1,0,0,0,0
-8374550.01835369,4857418.1502927,22512,2022100955,,1,0,0,0,0,0,0,0,0,2,0,,67,10,2022,1,39.941308,-75.229861,,6,0,0,0,0,0,0,0,0,,0,0,0,,,0,N,0,,39 56:28.710,,0,75 13:47.500,0,0,0,0,67301,0,0,0,N,0,0,0,1,67301,0,,6,,1,N,N,N,0,,0,0,0,,0,,,2,0,0,0,0,0,0,2,1,2,,03,,N,,,,,,,,,,,0,0,0,0,0,0,0,0,0,0,0,0,0,0,0,0,0,0,0,0,0,0,0,0,0,0,0,1,1,0,0,0,0,0,0,0,0,0,0,0,0,0,1,0,0,0,0,0,0,0,0,1,0,0,0,0,1,0,0,0,0,0,0,0,0,0,0,1,1,0,0,0,0,0,1,0,1,0,0,0,0,0,0,0,1,0,0,0,0,0,0,0,0,0,0,0,0,0,0,0,0,0,0,0,0,0,0,0,0,0,0,0,0,0,0,0,0,0,0,0,0,1,0,1,0,0,0,0,0
-8361200.02474464,4867694.68144892,22513,2022108076,,2,0,0,0,0,0,0,0,0,6,0,,67,10,2022,4,40.01205,-75.109936,,6,0,0,0,0,0,0,0,0,,0,0,0,,,0,N,0,,40 00:43.380,,0,75 06:35.770,0,0,0,0,67301,0,0,0,N,0,0,0,1,67301,0,,6,,1,N,N,N,0,,0,0,1,,0,,,3,0,1,0,0,0,0,2,0,3,,98,,N,,,,,,,,,,,0,0,0,0,0,0,0,0,0,0,0,0,0,0,0,0,0,1,0,0,0,0,0,0,0,0,0,0,0,0,0,0,0,0,0,0,0,0,0,0,0,0,1,0,0,1,0,0,0,0,0,1,0,0,0,1,0,0,0,0,0,0,0,0,0,0,0,1,1,0,0,0,0,0,1,0,1,0,0,0,0,0,0,0,1,0,0,0,0,0,0,0,0,0,0,0,0,0,0,0,0,0,0,0,0,0,0,0,0,0,0,0,0,0,0,0,0,1,0,0,0,1,1,1,0,0,0,0,0
-8352138.0592614,4880969.30903133,22514,2022101446,,0,0,0,0,0,0,0,0,0,7,0,,67,10,2022,1,40.103322,-75.028531,,6,0,0,0,0,0,0,0,0,,0,0,0,,,0,N,0,,40 06:11.960,,0,75 01:42.710,0,0,0,0,67301,0,0,0,N,0,0,0,1,67301,0,,4,,1,N,N,N,0,,0,0,0,,0,,,1,0,0,0,0,0,0,2,1,1,,,,N,,,,,,,,,,,0,0,0,0,0,0,0,0,0,0,0,0,0,0,0,0,0,0,0,0,0,0,0,0,0,0,0,0,0,0,0,0,0,0,0,0,0,0,0,1,0,0,0,1,0,0,0,0,0,1,0,0,0,0,0,1,0,0,0,0,0,0,0,1,0,0,0,0,0,0,0,0,0,0,0,0,1,0,0,0,0,0,0,0,1,0,0,0,0,0,0,0,0,0,0,0,0,0,0,0,1,0,0,0,0,0,1,0,0,0,0,1,0,0,0,0,0,0,0,0,0,1,0,1,0,0,0,0,0
-8374208.60139066,4857655.68824505,22515,2022102227,,1,0,0,0,0,0,0,0,0,4,0,,67,11,2022,3,39.942944,-75.226794,,6,0,0,0,0,0,0,0,0,,0,0,0,,,2,,1,,39 56:34.598,,0,75 13:36.458,4,0,0,0,67301,0,0,0,N,0,0,0,4,67301,1,,1,,9,N,N,N,0,,0,0,1,,2,,,2,2,0,0,0,1,2,2,0,2,,,,N,,,,,,,,,,,0,0,1,0,0,0,0,0,0,0,1,0,0,0,0,0,0,0,0,0,0,0,0,0,0,0,0,0,0,0,0,0,0,0,0,0,0,0,0,0,0,0,0,0,0,0,0,0,0,0,0,0,0,0,0,0,0,0,1,1,1,0,0,0,0,0,0,1,1,0,0,0,0,0,1,0,0,0,0,0,0,0,0,1,0,0,0,0,0,0,0,0,0,0,0,0,0,0,0,1,0,0,0,0,0,0,0,0,0,0,0,0,0,0,0,0,0,0,0,0,0,1,0,1,0,0,1,0,0