X,Y,objectid,crn,arrival_tm,automobile_count,belted_death_count,belted_susp_serious_inj_count,bicycle_count,bicycle_death_count,bicycle_susp_serious_inj_count,bus_count,chldpas_death_count,chldpas_susp_serious_inj_count,collision_type,comm_veh_count,cons_zone_spd_lim,county,crash_month,crash_year,day_of_week,dec_latitude,dec_longitude,dispatch_tm,district,driver_count_16yr,driver_count_17yr,driver_count_18yr,driver_count_19yr,driver_count_20yr,driver_count_50_64yr,driver_count_65_74yr,driver_count_75plus,est_hrs_closed,fatal_count,heavy_truck_count,horse_buggy_count,hour_of_day,illumination,injury_count,intersection_related_x,intersect_type,lane_closed,latitude,ln_close_dir,location_type,longitude,max_severity_level,mcycle_death_count,mcycle_susp_serious_inj_count,motorcycle_count,municipality,nonmotr_count,nonmotr_death_count,nonmotr_susp_serious_inj_count,ntfy_hiwy_maint,ped_count,ped_death_count,ped_susp_serious_inj_count,person_count,police_agcy,possible_inj_count,rdwy_surf_type_cd,relation_to_road,roadway_cleared,road_condition,sch_bus_ind,sch_zone_ind,secondary_crash,small_truck_count,spec_juris_cd,susp_minor_inj_count,susp_serious_inj_count,suv_count,tcd_func_cd,tcd_type,tfc_detour_ind,time_of_day,total_units,tot_inj_count,unbelted_occ_count,unb_death_count,unb_susp_serious_inj_count,unk_inj_deg_count,unk_inj_per_count,urban_rural,van_count,vehicle_count,weather1,weather2,workers_pres,work_zone_ind,work_zone_loc,work_zone_type,wz_close_detour,wz_flagger,wz_law_offcr_ind,wz_ln_closure,wz_moving,wz_other,wz_shlder_mdn,wz_workers_inj_killed,aggressive_driving,alcohol_related,angle_crash,atv,atv_route,backup_congestion,backup_nonrecurring,backup_prior,bicycle,cell_phone,child_passenger,comm_vehicle,core_network,cross_median,curved_road,curve_dvr_error,deer_related,distracted,drinking_driver,driver_16yr,driver_17yr,driver_18yr,driver_19yr,driver_20yr,driver_50_64yr,driver_65_74yr,driver_75plus,drugged_driver,drug_related,fatal,fatal_or_susp_serious_inj,fatigue_asleep,federal_aid_route,fire_in_vehicle,hazardous_truck,hit_barrier,hit_bridge,hit_deer,hit_embankment,hit_fixed_object,hit_gdrail,hit_gdrail_end,hit_parked_vehicle,hit_pole,hit_roadway_equipment,hit_run,hit_temp_construction_barrier,hit_traffic_island,hit_tree_shrub,hit_utility_pole,horse_buggy,ho_oppdir_sdswp,hvy_truck_related,icy_road,illegal_drug_related,illumination_dark,impaired_driver,impaired_nonmotorist,injury,injury_or_fatal,intersection,intersection_related_y,interstate,lane_departure,left_turn,limit_65mph,limit_70mph,local_road,local_road_only,marijuana_drugged_driver,marijuana_related,mature_driver,mc_drinking_driver,motorcycle,multiple_vehicle,nhtsa_agg_driving,non_intersection,no_clearance,opioid_related,other_freeway_expressway,overturned,pedestrian,phantom_vehicle,possible_injury,property_damage_only,psp_reported,ramp,ramp_segment,ramp_terminal,rear_end,roundabout,running_red_lt,running_stop_sign,rural,school_bus,school_bus_related,school_bus_unit,school_zone,shldr_related,signalized_int,single_vehicle,snowmobile,snow_slush_road,speeding,speeding_related,speed_change_lane,state_road,stop_controlled_int,sudden_deer,suspected_minor_injury,suspected_serious_injury,sv_run_off_rd,tailgating,train,train_trolley,trolley,turnpike,unbelted,underage_drnk_drv,unlicensed,unsignalized_int,urban,vehicle_failure,vehicle_towed,vulnerable_road_user,vulnerable_road_user_fatal,wet_road,work_zone,young_driver
-8359982.74568546,4866811.61685628,26725,2023066167,0247,1,0,0,0,0,0,0,0,0,7,0,,67,7,2023,3,40.005974,-75.099001,0245,6,0,0,0,0,0,0,0,0,,0,0,0,,,4,N,0,,40 00:21.505,,7,75 05:56.403,3,0,0,0,67301,0,0,0,N,0,0,0,4,67301,0,,4,,1,N,N,N,0,,3,0,0,,0,,,1,4,2,0,0,1,0,2,0,1,,,,N,,,,,,,,,,,0,0,0,0,0,0,0,0,0,0,0,0,0,0,0,0,0,0,0,0,0,0,0,0,0,0,0,0,0,0,0,0,0,0,0,0,0,0,0,1,0,0,0,0,0,0,0,0,0,0,0,0,0,0,0,1,0,0,1,1,0,0,0,0,0,0,0,0,0,0,0,0,0,0,0,0,1,0,0,0,0,0,0,0,0,0,0,0,0,0,0,0,0,0,0,0,0,0,0,0,1,0,0,0,0,0,1,0,0,1,0,1,0,0,0,0,0,1,0,0,0,1,0,1,0,0,0,0,0
-8373371.47869326,4859805.98439318,26726,2023065101,1735,1,0,0,0,0,0,0,0,0,4,0,,67,7,2023,6,39.957752,-75.219274,1733,6,0,0,0,0,0,0,0,0,,0,0,0,,,3,,1,,39 57:27.908,3,0,75 13:09.386,3,0,0,0,67301,0,0,0,N,0,0,0,4,67301,0,,1,130,1,N,N,N,0,,3,0,1,,2,Y,,2,3,0,0,0,0,0,2,0,2,,03,,N,,,,,,,,,,,1,0,1,0,0,0,0,0,0,0,0,0,0,0,0,0,0,0,0,0,0,0,0,0,0,0,0,0,0,0,0,0,0,0,0,0,0,0,0,0,0,0,0,0,0,0,0,0,0,0,0,0,0,0,0,0,0,0,1,1,1,0,0,0,1,0,0,1,0,0,0,0,0,0,1,0,0,0,0,0,0,0,0,0,0,0,0,0,0,0,0,0,0,0,0,0,0,0,0,1,0,0,0,0,0,0,1,0,0,1,0,0,0,0,0,0,0,0,0,0,0,1,0,1,0,0,0,0,0
-8369537.41207877,4871662.02954554,26727,2023035811,0225,2,0,0,0,0,0,0,0,0,4,0,,67,4,2023,1,40.039341,-75.184832,0223,6,0,0,0,0,0,1,0,0,,0,0,0,,,0,,1,,40 02:21.627,,0,75 11:05.396,9,0,0,0,67301,0,0,0,N,0,0,0,2,67301,0,,1,,9,N,N,N,0,,0,0,1,,2,,,3,0,1,0,0,0,1,2,0,3,,,,N,,,,,,,,,,,1,0,1,0,0,0,0,0,0,0,0,0,0,0,0,0,0,0,0,0,0,0,0,0,1,0,0,0,0,0,0,0,0,0,0,0,0,0,0,0,0,0,1,0,0,0,0,0,0,0,0,0,0,0,0,1,0,0,0,0,1,0,0,0,1,0,0,1,0,0,0,0,0,0,1,0,0,0,0,0,0,0,0,0,0,0,0,0,0,0,0,0,0,0,0,0,0,0,0,1,0,0,0,0,0,0,1,0,0,0,0,0,0,0,0,0,0,1,0,0,0,1,0,1,0,0,1,0,0
-8363494.32028476,4871240.23011915,26728,2023060341,2328,0,0,0,0,0,0,0,0,0,8,0,,67,7,2023,6,40.03644,-75.130546,2320,6,0,0,0,0,0,1,0,0,,0,0,0,,,1,,1,,40 02:11.185,,0,75 07:49.966,3,0,0,0,67301,1,0,0,N,1,0,0,2,67301,0,,1,,1,N,N,N,0,,1,0,1,,2,,,2,1,0,0,0,0,0,2,0,1,,03,,N,,,,,,,,,,,0,0,0,0,0,0,0,0,0,0,0,0,0,0,0,0,0,0,0,0,0,0,0,0,1,0,0,0,0,0,0,0,0,0,0,0,0,0,0,0,0,0,0,0,0,0,0,0,0,0,0,0,0,0,0,0,0,0,1,1,1,0,0,0,0,0,0,1,0,0,0,0,0,0,0,0,0,0,0,0,0,1,0,0,0,0,0,0,0,0,0,0,0,0,0,0,0,0,0,1,1,0,0,0,0,0,1,0,0,1,0,0,0,0,0,0,0,0,0,0,0,1,0,0,1,0,0,0,0
-8375727.1107386,4852077.65950199,26729,2023044853,0945,2,0,0,0,0,0,0,0,0,5,0,,67,5,2023,5,39.904516,-75.240435,0945,6,0,0,0,0,0,0,0,0,,0,0,0,,,2,Y,0,,39 54:16.257,,0,75 14:25.567,3,0,0,0,67301,0,0,0,N,0,0,0,3,67301,0,,1,,1,N,N,N,0,,2,0,0,,2,,,2,2,0,0,0,0,0,2,0,2,,03,,N,,,,,,,,,,,1,0,0,0,0,0,0,0,0,0,0,0,0,0,0,0,0,0,0,0,0,0,0,0,0,0,0,0,0,0,0,0,0,0,0,0,0,0,0,0,0,0,0,0,0,0,0,0,0,0,0,0,0,0,0,0,0,0,1,1,0,0,0,0,0,0,0,0,0,0,0,0,0,0,1,0,1,0,0,0,0,0,0,0,0,0,0,0,0,0,0,0,0,0,0,0,0,0,0,0,0,0,0,0,0,0,1,0,0,1,0,0,0,0,0,0,0,0,0,0,0,1,0,0,0,0,0,0,0
-8355187.21182123,4868760.39369761,26730,2023068651,2112,0,0,0,0,0,0,0,0,0,8,0,,67,7,2023,1,40.019382,-75.055922,2111,6,0,0,0,0,0,0,0,0,,0,0,0,,,1,N,0,,40 01:09.776,,0,75 03:21.320,8,0,0,0,67301,1,0,0,N,1,0,0,2,67301,0,,1,,1,N,N,N,0,,0,0,1,,0,,,2,1,0,0,0,1,0,2,0,1,,03,,N,,,,,,,,,,,0,0,0,0,0,0,0,0,0,0,0,0,0,0,0,0,0,0,0,0,0,0,0,0,0,0,0,0,0,0,0,0,0,0,0,0,0,0,0,0,0,0,0,0,0,0,0,0,0,0,0,0,0,0,0,1,0,0,1,1,0,0,0,0,0,0,0,0,0,0,0,0,0,0,0,0,1,0,0,0,0,1,0,0,0,0,0,0,0,0,0,0,0,0,0,0,0,0,0,0,1,0,0,0,0,0,1,0,0,0,0,0,0,0,0,0,0,0,0,0,0,1,0,0,1,0,0,0,0
-8371007.94249245,4860451.68696206,26731,2023036208,1256,2,0,0,0,0,0,0,0,0,4,0,,67,4,2023,1,39.962198,-75.198042,1253,6,0,0,0,0,0,0,0,0,,0,0,0,,,1,N,0,,39 57:43.911,,7,75 11:52.950,4,0,0,0,67301,0,0,0,N,0,0,0,2,67301,1,,1,,1,N,N,N,0,,0,0,1,,0,,,3,1,2,0,0,0,0,2,0,3,,03,,N,,,,,,,,,,,1,0,1,0,0,0,0,0,0,0,0,0,0,0,0,0,0,0,0,0,0,0,0,0,0,0,0,0,0,0,0,0,0,0,0,0,0,0,0,0,0,0,1,0,0,0,0,0,0,0,0,0,0,0,0,0,0,0,1,1,0,0,0,0,1,0,0,0,0,0,0,0,0,0,1,0,1,0,0,0,0,0,0,1,0,0,0,0,0,0,0,0,0,0,0,0,0,0,0,0,0,0,0,0,0,0,1,0,0,0,0,0,0,0,0,0,0,1,0,0,0,1,0,1,0,0,0,0,0
-8354757.7414374,4874601.313453,26732,2023042908,2053,1,0,0,0,0,0,0,0,0,4,0,,67,5,2023,7,40.059553,-75.052064,2048,6,0,0,0,0,0,0,0,0,,0,0,0,,,1,,1,,40 03:34.390,,0,75 03:07.429,3,0,0,0,67301,0,0,0,N,0,0,0,3,67301,0,,1,,1,N,N,N,0,,1,0,1,,2,,,2,1,0,0,0,0,0,2,0,2,,03,,N,,,,,,,,,,,1,0,1,0,0,0,0,0,0,0,0,0,0,0,0,0,0,0,0,0,0,0,0,0,0,0,0,0,0,0,0,0,0,0,0,0,0,0,0,0,0,0,0,0,0,0,0,0,0,0,0,0,0,0,0,1,0,0,1,1,1,0,0,0,1,0,0,0,0,0,0,0,0,0,1,0,0,0,0,0,0,0,0,0,0,0,0,0,0,0,0,0,0,0,0,0,0,0,0,1,0,0,0,0,0,0,1,0,0,1,0,0,0,0,0,0,0,0,0,0,0,1,0,1,0,0,0,0,0
-8361062.43368655,4867175.82054225,26733,2023039040,1804,1,0,0,0,0,0,0,0,0,4,0,,67,4,2023,6,40.00848,-75.1087,1804,6,0,0,0,0,0,0,1,0,,0,0,0,,,2,,1,,40 00:30.528,,0,75 06:31.320,3,0,0,0,67301,0,0,0,N,0,0,0,5,67301,0,,1,,99,N,N,Y,0,,1,0,1,,3,,,3,2,1,0,0,1,2,2,1,3,,07,,N,,,,,,,,,,,1,0,1,0,0,0,0,0,0,0,0,0,0,0,0,0,0,0,0,0,0,0,0,0,0,1,0,0,0,0,0,0,0,0,0,0,0,0,0,0,0,0,1,0,0,1,0,0,0,0,0,0,0,0,0,0,0,0,1,1,1,0,0,0,0,0,0,1,1,0,0,1,0,0,1,0,0,0,0,0,0,0,0,0,0,0,0,0,0,0,0,0,0,0,0,0,0,0,0,0,0,0,0,1,1,0,0,1,0,1,0,0,0,0,0,0,0,1,0,0,1,1,0,1,0,0,0,0,0
-8365885.35208427,4864193.40550612,26734,2023053833,1217,1,0,1,0,0,0,0,0,0,5,0,,67,6,2023,2,39.987956,-75.152025,1216,6,0,0,0,0,0,1,0,0,,0,0,0,,,2,N,0,,39 59:16.640,,0,75 09:07.290,2,0,0,0,67301,0,0,0,N,0,0,0,2,67301,0,,1,,1,N,N,N,0,,1,1,2,,0,,,3,2,0,0,0,0,0,2,0,3,,04,,N,,,,,,,,,,,1,0,0,0,0,0,0,0,0,0,0,0,0,0,0,0,0,0,0,0,0,0,0,0,1,0,0,0,0,0,1,0,0,0,0,0,0,0,0,0,0,0,1,0,0,0,0,0,0,0,0,0,0,0,0,0,0,0,1,1,0,0,0,0,0,0,0,1,1,0,0,0,0,0,1,0,1,0,0,0,0,0,0,0,0,0,0,0,0,0,0,0,0,0,0,0,0,0,0,0,0,0,0,0,1,0,0,0,0,1,1,0,0,0,0,0,0,0,0,0,0,1,1,1,0,0,0,0,0
-8368375.2359155,4864057.55856086,26735,2023037096,0937,1,0,0,0,0,0,0,0,0,4,0,,67,4,2023,3,39.987021,-75.174392,0927,6,0,0,0,0,0,0,0,0,,0,0,0,,,1,,1,,39 59:13.275,,0,75 10:27.811,3,0,0,0,67301,0,0,0,N,0,0,0,2,67301,0,,1,,1,N,N,N,0,,1,0,1,,2,,,2,1,0,0,0,0,1,2,0,2,,03,,N,,,,,,,,,,,1,0,1,0,0,0,0,0,0,0,0,0,0,0,0,0,0,0,0,0,0,0,0,0,0,0,0,0,0,0,0,0,0,0,0,0,0,0,0,0,0,0,0,0,0,0,0,0,0,0,0,0,0,0,0,0,0,0,1,1,1,0,0,0,1,0,0,1,1,0,0,0,0,0,1,0,0,0,0,0,0,0,0,0,0,0,0,0,0,0,0,0,0,0,0,0,0,0,0,1,0,0,0,0,0,0,0,0,0,1,0,0,0,0,0,0,0,0,0,0,0,1,0,1,0,0,0,0,0
-8347308.01601331,4873442.91811436,26736,2023050861,1155,1,0,0,0,0,0,0,0,0,2,0,,67,6,2023,1,40.051588,-74.985142,1155,6,0,0,0,0,0,0,0,1,,0,0,0,,,1,,1,,40 03:05.718,,0,74 59:06.510,3,0,0,0,67301,0,0,0,N,0,0,0,2,67301,0,,1,,1,N,N,N,0,,1,0,1,,3,,,2,1,0,0,0,0,0,2,0,2,,03,,N,,,,,,,,,,,1,0,0,0,0,0,0,0,0,0,0,0,0,0,0,0,0,0,0,0,0,0,0,0,0,0,1,0,0,0,0,0,0,0,0,0,0,0,0,0,0,0,0,0,0,0,0,0,0,0,0,1,0,0,0,0,0,0,1,1,1,0,0,0,1,0,0,1,0,0,0,1,0,0,1,0,0,0,0,0,0,0,0,0,0,0,0,0,0,0,0,0,0,0,0,0,0,0,0,0,0,0,0,0,0,0,1,1,0,1,0,0,0,0,0,0,0,0,0,0,1,1,0,1,0,0,0,0,0
-8354807.27861607,4875470.81739492,26737,2023038180,1536,0,0,0,0,0,0,0,0,0,8,0,,67,4,2023,5,40.065531,-75.052509,1530,6,0,0,0,0,0,0,0,0,,0,0,0,,,1,,1,,40 03:55.911,4,0,75 03:09.031,3,0,0,0,67301,1,0,0,N,1,0,0,2,67301,0,,1,1700,1,N,Y,N,0,,1,0,1,,2,N,,2,1,1,0,0,0,0,2,0,1,,,,N,,,,,,,,,,,0,0,0,0,0,0,0,0,0,0,0,0,0,0,0,0,0,0,0,0,0,0,0,0,0,0,0,0,0,0,0,0,0,0,0,0,0,0,0,0,0,0,0,0,0,0,0,0,0,0,0,0,0,0,0,0,0,0,1,1,1,0,0,0,0,0,0,1,0,0,0,0,0,0,0,0,0,0,0,0,0,1,0,0,0,0,0,0,0,0,0,0,0,0,0,0,0,1,0,1,1,0,0,0,0,0,1,0,0,1,0,0,0,0,0,0,0,1,0,0,0,1,0,0,1,0,0,0,0
-8359485.14721128,4865163.27523275,26738,2023078971,0006,1,0,0,0,0,0,0,0,0,8,0,,67,8,2023,3,39.994631,-75.094531,0006,6,0,0,0,1,0,0,0,0,,1,0,0,,,1,,1,,39 59:40.673,7,0,75 05:40.311,1,0,0,0,67301,1,1,0,N,1,1,0,3,67301,0,2,1,215,1,N,N,N,0,0,1,0,0,,2,Y,,2,1,0,0,0,0,0,2,0,1,,03,,N,,,,,,,,,,,1,0,0,0,0,0,0,0,0,0,0,0,0,0,0,0,0,0,0,0,0,0,1,0,0,0,0,0,0,1,1,0,0,0,0,0,0,0,0,0,0,0,0,0,0,1,0,0,0,0,0,0,0,0,0,1,0,0,1,1,1,0,0,0,0,0,0,0,0,0,0,0,0,0,0,1,0,0,0,0,0,1,0,0,0,0,0,0,0,0,0,0,0,0,0,0,0,0,0,1,1,0,0,1,1,0,1,0,0,1,0,0,0,0,0,0,0,0,0,0,0,1,0,1,1,1,0,0,1
-8365300.14564037,4870235.45644744,26739,2023062872,1106,1,0,0,0,0,0,0,0,0,4,0,,67,7,2023,7,40.029529,-75.146768,1106,6,0,0,0,0,0,0,0,0,,0,0,0,,,2,,1,,40 01:46.306,5,0,75 08:48.366,3,0,0,0,67301,0,0,0,N,0,0,0,3,67301,0,,1,1300,1,N,N,N,1,,2,0,0,,2,Y,,2,2,0,0,0,0,0,2,0,2,,,,N,,,,,,,,,,,1,0,1,0,0,0,0,0,0,0,0,0,0,0,0,0,0,0,0,0,0,0,0,0,0,0,0,0,0,0,0,0,0,0,0,0,0,0,0,0,0,0,0,0,0,0,0,0,0,0,0,0,0,0,0,0,0,0,1,1,1,0,0,0,0,0,0,1,0,0,0,0,0,0,1,1,0,0,0,0,0,0,0,0,0,0,0,0,0,0,0,1,0,0,0,0,0,0,0,1,0,0,0,0,0,0,1,0,0,1,0,0,0,0,0,0,0,0,0,0,0,1,0,1,0,0,0,0,0
-8368293.19344568,4864514.79580252,26740,2023066569,2150,1,0,0,0,0,0,0,0,0,4,0,,67,7,2023,2,39.990168,-75.173655,2149,6,0,0,0,0,1,0,0,0,,0,0,0,,,1,,1,,39 59:24.604,,0,75 10:25.157,4,0,0,0,67301,0,0,0,N,0,0,0,2,67301,1,,1,,1,N,N,N,0,,0,0,0,,2,,,2,1,0,0,0,0,0,2,0,2,,,,N,,,,,,,,,,,1,0,1,0,0,0,0,0,0,0,0,0,0,0,0,0,0,0,0,0,0,0,0,1,0,0,0,0,0,0,0,0,0,0,0,0,0,0,0,0,0,0,0,0,0,0,0,0,0,0,0,0,0,0,0,0,0,0,1,1,1,0,0,0,0,0,0,1,0,0,0,0,0,0,1,0,0,0,0,0,0,0,0,1,0,0,0,0,0,0,0,1,0,0,0,0,0,0,0,1,0,0,0,0,0,0,1,0,0,0,0,0,0,0,0,0,0,0,0,0,0,1,0,1,0,0,0,0,1
-8376115.95015454,4858216.74156718,26741,2023060432,2020,1,0,0,0,0,0,0,0,0,8,0,,67,7,2023,6,39.946808,-75.243928,2006,6,0,0,0,0,0,0,0,0,,0,0,0,,,1,N,0,,39 56:48.510,,0,75 14:38.140,2,0,0,0,67301,1,0,1,N,1,0,1,2,67301,0,,1,,1,N,N,N,0,,0,1,0,,0,,,2,1,0,0,0,0,0,2,0,1,,,,N,,,,,,,,,,,1,0,0,0,0,0,0,0,0,0,0,0,0,0,0,0,0,0,0,0,0,0,0,0,0,0,0,0,0,0,1,0,0,0,0,0,0,0,0,0,0,0,0,0,0,1,0,0,0,0,0,0,0,0,0,0,0,0,1,1,0,0,0,0,0,0,0,1,1,0,0,0,0,0,0,0,1,0,0,0,0,1,0,0,0,0,0,0,0,0,0,0,0,0,0,0,0,0,0,0,1,0,0,0,0,0,0,0,0,0,1,0,0,0,0,0,0,0,0,0,0,1,0,0,1,0,0,0,0
-8370084.5471296,4862658.3718996,26742,2023077769,0650,2,0,0,0,0,0,0,0,0,2,0,,67,8,2023,5,39.97739,-75.189747,0634,6,0,0,0,0,0,0,0,0,,0,0,0,,,3,N,0,,39 58:38.604,2,3,75 11:23.090,3,0,0,0,67301,0,0,0,N,0,0,0,3,67301,0,,1,830,1,N,N,N,0,,3,0,0,,0,Y,,2,3,2,0,0,0,0,2,0,2,,,,N,,,,,,,,,,,0,0,0,0,0,0,0,0,0,0,1,0,0,0,1,0,0,1,0,0,0,0,0,0,0,0,0,0,0,0,0,0,0,0,0,0,0,0,0,0,0,0,0,0,0,0,0,0,0,0,0,1,0,0,0,0,0,0,1,1,0,0,0,1,0,0,0,0,0,0,0,0,0,0,1,0,1,0,0,0,0,0,0,0,0,0,0,0,0,0,0,0,0,0,0,0,0,0,0,0,0,0,0,0,0,0,1,0,0,1,0,0,0,0,0,0,0,1,0,0,0,1,0,1,0,0,0,0,0
-8375835.0909847,4858559.72002467,26743,2023065832,2350,1,0,0,0,0,0,0,0,0,4,0,,67,7,2023,1,39.94917,-75.241405,2341,6,0,0,0,0,0,0,0,0,,0,0,0,,,4,,1,,39 56:57.011,,0,75 14:29.057,3,0,0,0,67301,0,0,0,N,0,0,0,4,67301,0,,1,,1,N,N,N,2,,4,0,1,,3,,,4,4,0,0,0,0,0,2,0,4,,03,,N,,,,,,,,,,,0,0,1,0,0,0,0,0,0,0,0,0,0,0,0,0,0,0,0,0,0,0,0,0,0,0,0,0,0,0,0,0,0,0,0,0,0,0,0,0,0,0,1,0,0,1,0,0,0,0,0,0,0,0,0,1,0,0,1,1,1,0,0,0,1,0,0,1,1,0,0,0,0,0,1,0,0,0,0,0,0,0,0,0,0,0,0,0,0,0,0,0,0,0,0,0,0,0,0,0,0,0,0,0,0,0,0,1,0,1,0,0,0,0,0,0,0,0,0,0,1,1,1,1,0,0,0,0,0
-8363859.33706664,4873145.66846072,26744,2023072911,0142,0,0,0,0,0,0,0,0,0,8,0,,67,7,2023,7,40.049544,-75.133825,0142,6,0,0,0,0,0,0,0,0,,1,0,0,,,0,N,0,,40 02:58.360,,0,75 08:01.770,1,0,0,0,67301,1,1,0,N,1,1,0,2,67301,0,2,6,,1,N,N,N,0,0,0,0,1,,0,,,2,0,0,0,0,0,0,2,0,1,,03,,N,,,,,,,,,,,0,1,0,0,0,0,0,0,0,0,0,0,0,0,1,0,0,0,0,0,0,0,0,0,0,0,0,0,1,1,1,0,0,0,0,0,0,0,0,0,0,0,0,0,0,1,0,0,0,0,0,0,0,0,1,1,0,1,0,1,0,0,0,0,0,0,0,1,1,0,0,0,0,0,0,0,1,0,0,0,0,1,0,0,0,0,0,0,0,0,0,0,0,0,0,0,0,0,0,0,1,0,0,0,0,0,0,0,0,0,0,0,0,0,0,0,0,0,0,0,0,1,0,0,1,1,0,0,0
-8357363.17453994,4865874.42789005,26745,2023068641,2325,1,0,0,0,0,0,0,0,0,5,0,,67,7,2023,2,39.999525,-75.075469,2320,6,0,0,0,0,0,0,0,0,,0,0,0,,,0,N,0,,39 59:58.290,,0,75 04:31.690,0,0,0,0,67301,0,0,0,N,0,0,0,1,67301,0,,6,,9,N,N,N,0,,0,0,2,,0,,,3,0,0,0,0,0,0,2,0,3,,07,,N,,,,,,,,,,,0,0,0,0,0,0,0,0,0,0,0,0,0,0,0,0,0,0,0,0,0,0,0,0,0,0,0,0,0,0,0,0,0,0,0,0,0,0,0,0,0,0,1,0,0,0,0,0,0,0,0,0,0,0,0,0,0,0,0,0,0,0,0,0,0,0,0,1,1,0,0,0,0,0,1,0,1,0,0,0,0,0,0,0,1,0,0,0,0,0,0,0,0,0,0,0,0,0,0,0,0,0,0,0,0,0,0,0,0,0,0,0,0,0,0,0,0,0,0,0,0,1,0,1,0,0,1,0,0
-8362367.98931623,4871746.79910914,26746,2023060100,0900,1,0,0,0,0,0,0,0,0,4,0,,67,7,2023,5,40.039924,-75.120428,0856,6,0,0,0,0,0,0,0,0,,0,0,0,,,3,,1,,40 02:23.726,,0,75 07:13.540,3,0,0,0,67301,0,0,0,N,0,0,0,4,67301,0,,1,,1,N,N,N,0,,3,0,2,,2,,,3,3,0,0,0,0,0,2,0,3,,03,,N,,,,,,,,,,,1,0,1,0,0,0,0,0,0,0,0,0,0,0,0,0,0,0,0,0,0,0,0,0,0,0,0,0,0,0,0,0,0,0,0,0,0,0,0,0,0,0,0,0,0,0,0,0,0,0,0,0,0,0,0,0,0,0,1,1,1,0,0,0,0,0,0,1,1,0,0,0,0,0,1,0,0,0,0,0,1,0,0,0,0,0,0,0,0,0,0,1,0,0,0,0,0,0,0,1,0,0,0,0,0,0,0,0,0,1,0,0,0,0,0,0,0,0,0,0,0,1,0,1,0,0,0,0,0
-8367035.61657435,4859801.62791542,26747,2023066783,2055,1,0,0,0,0,0,0,0,0,4,0,,67,7,2023,3,39.957722,-75.162358,2050,6,0,0,0,0,0,0,0,0,,0,0,0,,,1,,2,,39 57:27.800,1,2,75 09:44.488,4,0,0,0,67301,0,0,0,N,0,0,0,2,67301,1,,1,2120,1,N,N,N,0,,0,0,0,,2,Y,,2,1,0,0,0,0,0,2,1,2,,03,,N,,,,,,,,,,,1,0,1,0,0,0,0,0,0,0,0,0,0,0,0,0,0,0,0,0,0,0,0,0,0,0,0,0,0,0,0,0,0,0,0,0,0,0,0,0,0,0,0,0,0,0,0,0,0,0,0,0,0,0,0,1,0,0,1,1,1,0,0,0,1,0,0,0,0,0,0,0,0,0,1,0,0,0,0,0,0,0,0,1,0,0,1,0,1,0,0,0,0,0,0,0,0,0,0,1,0,0,0,0,0,0,1,0,0,0,0,0,0,0,0,0,0,0,0,0,0,1,0,0,0,0,0,0,0
-8375606.88624017,4863246.2936519,26748,2023066273,0731,1,0,0,0,0,0,0,0,0,4,0,,67,7,2023,3,39.981437,-75.239355,0730,6,0,0,0,0,0,0,0,0,,0,0,0,,,1,,1,,39 58:53.173,7,0,75 14:21.677,3,0,0,0,67301,0,0,0,N,0,0,0,2,67301,0,,1,949,1,N,Y,N,0,,1,0,1,,2,Y,,2,1,0,0,0,0,0,2,0,2,,03,,N,,,,,,,,,,,1,0,1,0,0,0,0,0,0,0,0,0,0,0,0,0,0,0,0,0,0,0,0,0,0,0,0,0,0,0,0,0,0,0,0,0,0,0,0,0,0,0,0,0,0,0,0,0,0,0,0,0,0,0,0,0,0,0,1,1,1,0,0,0,0,0,0,1,1,0,0,0,0,0,1,0,0,0,0,0,0,0,0,0,0,0,0,0,0,0,0,0,0,0,0,0,0,1,0,1,0,0,0,0,0,0,0,0,0,1,0,0,0,0,0,0,0,0,0,0,0,1,0,1,0,0,0,0,0
-8361076.12606681,4866726.45381213,26749,2023087232,0847,3,0,0,0,0,0,0,0,0,4,0,,67,9,2023,6,40.005388,-75.108823,0847,6,0,0,0,0,0,0,0,0,,0,0,0,,,0,N,0,,40 00:19.396,,0,75 06:31.762,9,0,0,0,67301,0,0,0,N,0,0,0,3,67301,0,,1,,9,N,N,N,0,,0,0,0,,0,,,3,0,0,0,0,0,3,2,0,3,,07,,N,,,,,,,,,,,1,0,1,0,0,0,0,0,0,0,0,0,0,0,0,0,0,0,0,0,0,0,0,0,0,0,0,0,0,0,0,0,0,0,0,0,0,0,0,0,0,0,0,0,0,0,0,0,0,0,0,0,0,0,0,0,0,0,0,0,0,0,0,0,0,0,0,0,0,0,0,0,0,0,1,0,1,0,0,0,0,0,0,0,0,0,0,0,0,0,0,0,0,0,0,0,0,0,0,0,0,0,0,0,0,0,1,0,0,0,0,0,0,0,0,0,0,0,0,0,0,1,0,1,0,0,1,0,0