X,Y,objectid,crn,arrival_tm,automobile_count,belted_death_count,belted_susp_serious_inj_count,bicycle_count,bicycle_death_count,bicycle_susp_serious_inj_count,bus_count,chldpas_death_count,chldpas_susp_serious_inj_count,collision_type,comm_veh_count,cons_zone_spd_lim,county,crash_month,crash_year,day_of_week,dec_latitude,dec_longitude,dispatch_tm,district,driver_count_16yr,driver_count_17yr,driver_count_18yr,driver_count_19yr,driver_count_20yr,driver_count_50_64yr,driver_count_65_74yr,driver_count_75plus,est_hrs_closed,fatal_count,heavy_truck_count,horse_buggy_count,hour_of_day,illumination,injury_count,intersection_related_x,intersect_type,lane_closed,latitude,ln_close_dir,location_type,longitude,max_severity_level,mcycle_death_count,mcycle_susp_serious_inj_count,motorcycle_count,municipality,nonmotr_count,nonmotr_death_count,nonmotr_susp_serious_inj_count,ntfy_hiwy_maint,ped_count,ped_death_count,ped_susp_serious_inj_count,person_count,police_agcy,possible_inj_count,rdwy_surf_type_cd,relation_to_road,roadway_cleared,road_condition,sch_bus_ind,sch_zone_ind,secondary_crash,small_truck_count,spec_juris_cd,susp_minor_inj_count,susp_serious_inj_count,suv_count,tcd_func_cd,tcd_type,tfc_detour_ind,time_of_day,total_units,tot_inj_count,unbelted_occ_count,unb_death_count,unb_susp_serious_inj_count,unk_inj_deg_count,unk_inj_per_count,urban_rural,van_count,vehicle_count,weather1,weather2,workers_pres,work_zone_ind,work_zone_loc,work_zone_type,wz_close_detour,wz_flagger,wz_law_offcr_ind,wz_ln_closure,wz_moving,wz_other,wz_shlder_mdn,wz_workers_inj_killed,aggressive_driving,alcohol_related,angle_crash,atv,atv_route,backup_congestion,backup_nonrecurring,backup_prior,bicycle,cell_phone,child_passenger,comm_vehicle,core_network,cross_median,curved_road,curve_dvr_error,deer_related,distracted,drinking_driver,driver_16yr,driver_17yr,driver_18yr,driver_19yr,driver_20yr,driver_50_64yr,driver_65_74yr,driver_75plus,drugged_driver,drug_related,fatal,fatal_or_susp_serious_inj,fatigue_asleep,federal_aid_route,fire_in_vehicle,hazardous_truck,hit_barrier,hit_bridge,hit_deer,hit_embankment,hit_fixed_object,hit_gdrail,hit_gdrail_end,hit_parked_vehicle,hit_pole,hit_roadway_equipment,hit_run,hit_temp_construction_barrier,hit_traffic_island,hit_tree_shrub,hit_utility_pole,horse_buggy,ho_oppdir_sdswp,hvy_truck_related,icy_road,illegal_drug_related,illumination_dark,impaired_driver,impaired_nonmotorist,injury,injury_or_fatal,intersection,intersection_related_y,interstate,lane_departure,left_turn,limit_65mph,limit_70mph,local_road,local_road_only,marijuana_drugged_driver,marijuana_related,mature_driver,mc_drinking_driver,motorcycle,multiple_vehicle,nhtsa_agg_driving,non_intersection,no_clearance,opioid_related,other_freeway_expressway,overturned,pedestrian,phantom_vehicle,possible_injury,property_damage_only,psp_reported,ramp,ramp_segment,ramp_terminal,rear_end,roundabout,running_red_lt,running_stop_sign,rural,school_bus,school_bus_related,school_bus_unit,school_zone,shldr_related,signalized_int,single_vehicle,snowmobile,snow_slush_road,speeding,speeding_related,speed_change_lane,state_road,stop_controlled_int,sudden_deer,suspected_minor_injury,suspected_serious_injury,sv_run_off_rd,tailgating,train,train_trolley,trolley,turnpike,unbelted,underage_drnk_drv,unlicensed,unsignalized_int,urban,vehicle_failure,vehicle_towed,vulnerable_road_user,vulnerable_road_user_fatal,wet_road,work_zone,young_driver
-8354520.63053044,4868765.33582454,27935,2023071891,1008,2,0,0,0,0,0,0,0,0,2,0,,67,8,2023,2,40.019416,-75.049934,1004,6,0,0,0,0,0,0,0,0,,0,0,0,,,3,N,0,,40 01:09.897,7,0,75 02:59.762,2,0,0,0,67301,0,0,0,N,0,0,0,3,67301,0,,5,415,1,N,N,Y,1,,1,1,1,,0,Y,,4,3,0,0,0,1,0,2,0,4,03,03,,N,,,,,,,,,,,0,0,0,0,0,0,0,0,0,0,0,0,0,0,0,0,0,0,0,0,0,0,0,0,0,0,0,0,0,0,1,0,0,0,0,0,0,0,0,0,0,0,1,0,0,0,0,0,1,0,0,1,0,0,0,1,0,0,1,1,0,0,0,1,0,0,0,0,0,0,0,0,0,0,1,0,1,0,0,0,1,0,0,0,0,0,0,0,0,0,0,0,0,0,0,0,0,0,0,0,0,0,0,0,0,0,1,0,0,1,1,1,0,0,0,0,0,0,0,0,0,1,0,1,0,0,0,0,0
-8366596.46083488,4857782.59078391,27936,2023103199,1810,2,0,0,0,0,0,0,0,0,3,0,,67,11,2023,1,39.943818,-75.158413,1810,6,0,0,0,0,0,0,0,0,,0,0,0,,,1,,1,,39 56:37.743,,0,75 09:30.285,4,0,0,0,67301,0,0,0,N,0,0,0,2,67301,1,,1,,1,N,N,N,0,,0,0,0,,2,,,2,1,0,0,0,0,1,2,0,2,03,03,,N,,,,,,,,,,,0,0,0,0,0,0,0,0,0,0,0,0,0,0,0,0,0,0,0,0,0,0,0,0,0,0,0,0,0,0,0,0,0,0,0,0,0,0,0,0,0,0,0,0,0,0,0,0,0,0,0,0,0,0,0,0,0,0,1,1,1,0,0,0,0,0,0,1,1,0,0,0,0,0,1,0,0,0,0,0,0,0,0,1,0,0,0,0,0,0,0,0,0,0,0,0,0,0,0,1,0,0,0,0,0,0,0,0,0,0,0,0,0,0,0,0,0,0,0,1,0,1,0,0,0,0,0,0,0
-8366751.75146093,4853677.38682185,27937,2023075204,1110,0,0,0,0,0,0,0,0,0,8,0,,67,8,2023,2,39.915539,-75.159808,1110,6,0,0,0,0,0,0,0,0,,0,0,0,,,1,N,0,,39 54:55.940,,0,75 09:35.310,3,0,0,0,67301,1,0,0,N,1,0,0,2,67301,0,,1,,99,N,N,N,0,,1,0,1,,0,,,2,1,1,0,0,0,0,2,0,1,03,03,,N,,,,,,,,,,,0,0,0,0,0,0,0,0,0,0,0,0,0,0,0,0,0,0,0,0,0,0,0,0,0,0,0,0,0,0,0,0,0,0,0,0,0,0,0,0,0,0,0,0,0,0,0,0,0,0,0,0,0,0,0,0,0,0,1,1,0,0,0,0,0,0,0,1,1,0,0,0,0,0,0,0,1,0,0,0,0,1,0,0,0,0,0,0,0,0,0,0,0,0,0,0,0,0,0,0,1,0,0,0,0,0,0,0,0,1,0,0,0,0,0,0,0,1,0,0,0,1,0,0,1,0,0,0,0
-8363065.29477896,4868912.00337007,27938,2023074458,2034,0,0,0,0,0,0,0,0,0,8,0,,67,8,2023,1,40.020425,-75.126692,2031,6,0,0,0,0,0,0,0,0,,0,0,0,,,1,N,0,,40 01:13.530,,0,75 07:36.090,2,0,0,0,67301,1,0,1,N,1,0,1,2,67301,0,,1,,1,N,N,N,0,,0,1,0,,0,,,2,1,0,0,0,0,1,2,0,1,03,03,,N,,,,,,,,,,,0,0,0,0,0,0,0,0,0,0,0,0,0,0,0,0,0,0,0,0,0,0,0,0,0,0,0,0,0,0,1,0,0,0,0,0,0,0,0,0,0,0,0,0,0,1,0,0,0,0,0,0,0,0,0,1,0,0,1,1,0,0,0,0,0,0,0,1,1,0,0,0,0,0,0,0,1,0,0,0,0,1,0,0,0,0,0,0,0,0,0,0,0,0,0,0,0,0,0,0,1,0,0,0,0,0,0,0,0,0,1,0,0,0,0,0,0,0,0,0,0,1,0,0,1,0,0,0,0
-8374215.05802383,4860161.50760627,27939,2023075224,1937,2,0,0,0,0,0,0,0,0,4,0,,67,8,2023,3,39.9602,-75.226852,1937,6,0,0,0,0,0,0,0,0,,0,0,0,,,1,,1,,39 57:36.721,,0,75 13:36.667,3,0,0,0,67301,0,0,0,N,0,0,0,3,67301,0,,1,,1,N,N,N,0,,1,0,0,,2,,,2,1,1,0,0,0,0,2,0,2,03,03,,N,,,,,,,,,,,1,0,1,0,0,0,0,0,0,0,0,0,0,0,0,0,0,0,0,0,0,0,0,0,0,0,0,0,0,0,0,0,0,0,0,0,0,0,0,0,0,0,0,0,0,1,0,0,0,0,0,0,0,0,0,0,0,0,1,1,1,0,0,0,1,0,0,1,0,0,0,0,0,0,1,0,0,0,0,0,0,0,0,0,0,0,0,0,0,0,0,0,0,0,0,0,0,0,0,1,0,0,0,0,0,0,1,0,0,1,0,0,0,0,0,0,0,1,0,0,0,1,0,1,0,0,0,0,0
-8366482.13579101,4859554.30867463,27940,2023074054,2353,2,0,0,0,0,0,0,0,0,1,0,,67,8,2023,6,39.956019,-75.157386,2350,6,0,0,0,0,0,0,0,0,,0,0,0,,,1,N,0,,39 57:21.670,,0,75 09:26.590,3,0,0,0,67301,0,0,0,N,0,0,0,1,67301,0,,6,,1,N,N,N,0,,1,0,1,,0,,,4,1,0,0,0,0,0,2,1,4,03,03,,N,,,,,,,,,,,0,0,0,0,0,0,0,0,0,0,0,0,0,0,0,0,0,0,0,0,0,0,0,0,0,0,0,0,0,0,0,0,0,0,0,0,0,0,0,0,0,0,1,0,0,0,0,0,0,0,0,0,0,0,0,1,0,0,1,1,0,0,0,1,0,0,0,1,1,0,0,0,0,0,1,0,1,0,0,0,0,0,0,0,0,0,0,0,0,1,0,0,0,0,0,0,0,0,0,0,0,0,0,0,0,0,0,0,0,1,0,0,0,0,0,0,0,0,0,0,0,1,1,1,0,0,0,0,0
-8364718.83522073,4873742.93818001,27941,2023074461,1231,0,0,0,0,0,0,0,0,0,4,0,,67,8,2023,1,40.053651,-75.141546,1231,6,0,0,0,1,0,0,0,0,,0,0,0,,,4,,5,,40 03:13.143,,0,75 08:29.565,3,0,0,0,67301,0,0,0,N,0,0,0,5,67301,0,,1,,1,N,N,N,0,,4,0,2,,2,,,2,4,0,0,0,0,0,2,0,2,03,03,,N,,,,,,,,,,,1,0,1,0,0,0,0,0,0,0,1,0,0,0,0,0,0,0,0,0,0,0,1,0,0,0,0,0,0,0,0,0,0,0,0,0,0,0,0,0,0,0,0,0,0,0,0,0,0,0,0,0,0,0,0,0,0,0,1,1,1,0,0,0,0,0,0,1,0,0,0,0,0,0,1,0,0,0,0,0,0,0,0,0,0,0,0,0,0,0,0,1,0,0,0,0,0,0,0,1,0,0,0,0,0,0,1,0,0,1,0,0,0,0,0,0,0,0,0,0,0,1,0,1,0,0,0,0,1
-8365979.08314535,4866174.94610227,27942,2023073677,0129,1,0,0,0,0,0,0,0,0,7,0,,67,8,2023,6,40.001593,-75.152867,0124,6,0,0,0,0,1,0,0,0,,0,0,0,,,2,,1,,40 00:05.734,1,0,75 09:10.322,3,0,0,0,67301,0,0,0,N,0,0,0,2,67301,0,,4,129,8,N,N,N,0,,2,0,0,,2,N,,1,2,0,0,0,0,0,2,0,1,07,04,,N,,,,,,,,,,,1,0,0,0,0,0,0,0,0,0,0,0,0,0,0,0,0,0,0,0,0,0,0,1,0,0,0,0,0,0,0,0,0,0,0,0,0,0,0,1,0,0,0,1,0,0,0,0,0,1,0,0,0,0,0,1,0,0,1,1,1,0,0,0,0,0,0,0,0,0,0,0,0,0,0,0,0,0,0,0,0,0,0,0,0,0,0,0,0,0,0,0,0,0,0,0,0,0,0,1,1,0,0,0,1,0,1,0,0,1,0,1,0,0,0,0,0,0,0,0,0,1,0,1,0,0,1,0,1
-8367252.13320034,4864022.97971822,27943,2023074453,0353,2,0,0,0,0,0,0,0,0,5,0,,67,8,2023,1,39.986783,-75.164303,0349,6,0,0,0,0,0,0,0,0,,0,0,0,,,2,N,0,,39 59:12.420,,0,75 09:51.490,3,0,0,0,67301,0,0,0,N,0,0,0,3,67301,0,,6,,1,N,N,N,0,,2,0,1,,0,,,3,2,1,0,0,0,0,2,0,3,03,03,,N,,,,,,,,,,,0,0,0,0,0,0,0,0,0,0,0,0,0,0,0,0,0,0,0,0,0,0,0,0,0,0,0,0,0,0,0,0,0,0,0,0,0,0,0,0,0,0,1,0,0,1,0,0,0,0,0,0,0,0,0,1,0,0,1,1,0,0,0,0,0,0,0,1,1,0,0,0,0,0,1,0,1,0,0,0,0,0,0,0,0,0,0,0,0,0,0,0,0,0,0,0,0,0,0,0,0,0,0,0,0,0,0,0,0,1,0,0,0,0,0,0,0,1,0,0,0,1,1,0,0,0,0,0,0
-8364788.63220886,4865975.56816406,27944,2023070323,0202,1,0,0,0,0,0,0,0,0,4,0,,67,8,2023,3,40.000221,-75.142173,0159,6,0,0,0,0,0,1,0,0,,0,0,0,,,1,,1,,40 00:00.797,,0,75 08:31.824,4,0,0,0,67301,0,0,0,N,0,0,0,2,67301,1,,1,,1,N,N,N,0,,0,0,1,,2,,,4,1,0,0,0,0,0,2,1,4,03,03,,N,,,,,,,,,,,0,0,1,0,0,0,0,0,0,0,0,0,0,0,0,0,0,0,0,0,0,0,0,0,1,0,0,0,0,0,0,0,0,0,0,0,0,0,0,0,0,0,1,0,0,0,0,0,0,0,0,0,0,0,0,1,0,0,1,1,1,0,0,0,1,0,0,1,0,0,0,0,0,0,1,0,0,0,0,0,0,0,0,1,0,0,0,0,0,0,0,0,0,0,0,0,0,0,0,1,0,0,0,0,0,0,1,0,0,0,0,0,0,0,0,0,0,0,0,0,0,1,0,1,0,0,0,0,0
-8368873.94772545,4870556.46099273,27945,2023089360,0820,1,0,0,0,0,0,0,0,0,7,0,,67,10,2023,7,40.031737,-75.178872,0820,6,0,0,0,0,0,0,0,0,,1,0,0,,,0,,1,,40 01:54.253,2,0,75 10:43.938,1,0,0,0,67301,0,0,0,N,0,0,0,1,67301,0,2,4,940,1,N,Y,N,0,0,0,0,0,,2,N,,2,0,0,0,0,0,0,2,0,1,03,03,,N,,,,,,,,,,,1,0,0,0,0,0,0,0,0,0,0,0,0,0,0,0,0,0,0,0,0,0,0,0,0,0,0,0,0,1,1,0,0,0,0,0,0,0,0,1,0,0,0,1,0,0,0,0,0,1,0,0,0,0,0,0,0,0,0,1,1,0,0,0,1,0,0,1,0,0,0,0,0,0,0,0,0,0,0,0,0,0,1,0,0,0,0,0,0,0,0,0,0,0,0,0,0,1,0,1,1,0,0,0,0,0,1,0,0,0,0,1,0,0,0,0,0,0,0,0,0,1,0,1,0,0,0,0,0
-8370066.06809359,4862391.80647601,27946,2023103849,2045,1,0,0,0,0,0,0,0,0,1,0,,67,11,2023,3,39.975555,-75.189581,2045,6,0,0,0,0,0,0,0,0,,0,0,0,,,1,N,0,,39 58:31.998,,0,75 11:22.490,3,0,0,0,67301,0,0,0,N,0,0,0,2,67301,0,,1,,1,N,N,N,0,,1,0,1,,2,,,2,1,0,0,0,0,1,2,0,2,03,03,,N,,,,,,,,,,,0,0,0,0,0,0,0,0,0,0,0,0,0,0,1,0,0,0,0,0,0,0,0,0,0,0,0,0,0,0,0,0,0,0,0,0,0,0,0,0,0,0,0,0,0,1,0,0,0,0,0,0,0,0,0,1,0,0,1,1,0,0,0,0,0,0,0,0,0,0,0,0,0,0,1,0,1,0,0,0,0,0,0,0,0,0,0,0,0,1,0,0,0,0,0,0,0,0,0,0,0,0,0,0,0,0,1,0,0,1,0,0,0,0,0,0,0,0,0,0,0,1,0,0,0,0,0,0,0
-8367747.95072194,4872905.43253409,27947,2023075218,2356,2,0,0,0,0,0,0,0,0,1,0,,67,8,2023,4,40.047892,-75.168757,2334,6,0,0,0,0,0,0,0,0,,0,0,0,,,0,N,0,,40 02:52.411,,0,75 10:07.525,9,0,0,0,67301,0,0,0,N,0,0,0,1,67301,0,,6,,1,N,N,N,0,,0,0,0,,0,,,2,0,0,0,0,0,1,2,0,2,03,03,,N,,,,,,,,,,,1,0,0,0,0,0,0,0,0,0,0,0,0,0,0,0,0,0,0,0,0,0,0,0,0,0,0,0,0,0,0,0,0,0,0,0,0,0,0,0,0,0,1,0,0,0,0,0,0,0,0,0,0,0,0,1,0,0,0,0,0,0,0,0,0,0,0,0,0,0,0,0,0,0,1,0,1,0,0,0,0,0,0,0,0,0,0,0,0,1,0,0,0,0,0,0,0,0,0,0,0,0,0,1,1,0,1,0,0,0,0,0,0,0,0,0,0,0,0,0,0,1,0,1,0,0,0,0,0
-8361491.01401098,4869129.7563852,27948,2023073679,2028,2,0,0,0,0,0,0,0,0,5,0,,67,8,2023,7,40.021923,-75.11255,2020,6,1,1,0,0,0,0,0,0,,0,0,0,,,1,N,0,,40 01:18.924,,0,75 06:45.179,3,0,0,0,67301,0,0,0,N,0,0,0,2,67301,0,,1,,1,N,N,N,0,,1,0,0,,0,,,2,1,0,0,0,0,0,2,0,2,03,03,,N,,,,,,,,,,,1,0,0,0,0,0,0,0,0,0,0,0,0,0,0,0,0,0,0,1,1,0,0,0,0,0,0,0,0,0,0,0,0,0,0,0,0,0,0,0,0,0,0,0,0,0,0,0,0,0,0,0,0,0,0,1,0,0,1,1,0,0,0,1,0,0,0,0,0,0,0,0,0,0,1,1,1,0,0,0,0,0,0,0,0,0,0,0,0,0,0,0,0,0,0,0,0,0,0,0,0,0,0,0,1,0,1,0,0,1,0,0,0,0,0,0,0,0,0,0,0,1,1,0,0,0,0,0,1
-8363476.5091381,4869369.46439399,27949,2023075961,1028,0,0,0,0,0,0,0,0,0,8,0,,67,8,2023,4,40.023572,-75.130386,1020,6,0,0,0,0,0,0,0,0,,0,0,0,,,1,N,0,,40 01:24.860,,0,75 07:49.390,3,0,0,0,67301,1,0,0,N,1,0,0,2,67301,0,,1,,1,N,N,N,0,,1,0,0,,0,,,2,1,0,0,0,0,0,2,0,1,03,03,,N,,,,,,,,,,,0,0,0,0,0,0,0,0,0,0,0,0,0,0,0,0,0,0,0,0,0,0,0,0,0,0,0,0,1,0,0,0,0,0,0,0,0,0,0,0,0,0,0,0,0,0,0,0,0,0,0,0,0,0,1,0,0,0,1,1,0,0,0,0,0,0,0,1,1,0,0,0,0,0,0,0,1,0,0,0,0,1,0,0,0,0,0,0,0,0,0,0,0,0,0,0,0,0,0,0,1,0,0,0,0,0,0,0,0,1,0,0,0,0,0,0,0,0,0,0,0,1,0,0,1,0,0,0,0
-8363516.6953042,4867475.50655013,27950,2023078564,1905,1,0,0,0,0,0,0,0,0,7,0,,67,8,2023,3,40.010542,-75.130747,1902,6,0,0,0,0,0,1,0,0,,0,0,0,,,0,N,0,,40 00:37.950,,0,75 07:50.690,0,0,0,0,67301,0,0,0,N,0,0,0,1,67301,0,,4,,1,N,N,N,0,,0,0,0,,0,,,1,0,0,0,0,0,0,2,0,1,03,03,,N,,,,,,,,,,,0,0,0,0,0,0,0,0,0,0,0,0,0,0,0,0,0,0,0,0,0,0,0,0,1,0,0,0,0,0,0,0,0,0,0,0,0,0,0,1,0,0,0,1,0,0,0,0,0,1,0,0,0,0,0,0,0,0,0,0,0,0,0,1,0,0,0,1,1,0,0,0,0,0,0,0,1,0,0,0,1,0,0,0,1,0,0,0,0,0,0,0,0,0,0,0,0,0,0,0,1,0,0,0,0,0,0,0,0,0,0,1,0,0,0,0,0,0,0,0,0,1,0,1,0,0,0,0,0
-8354939.30354955,4875287.54318566,27951,2023074575,0440,2,0,0,0,0,0,0,0,0,4,0,,67,8,2023,1,40.064271,-75.053695,0435,6,0,0,0,0,0,0,0,0,,0,0,0,,,1,,1,,40 03:51.377,,0,75 03:13.303,3,0,0,0,67301,0,0,0,N,0,0,0,2,67301,0,,1,,1,N,N,N,0,,1,0,0,,2,,,2,1,0,0,0,0,0,2,0,2,03,,,N,,,,,,,,,,,1,0,1,0,0,0,0,0,0,0,0,0,0,0,0,0,0,0,0,0,0,0,0,0,0,0,0,0,0,0,0,0,0,0,0,0,0,0,0,0,0,0,0,0,0,0,0,0,0,0,0,0,0,0,0,1,0,0,1,1,1,0,0,0,0,0,0,1,0,0,0,0,0,0,1,0,0,0,0,0,0,0,0,0,0,0,0,0,0,0,0,1,0,0,0,0,0,0,0,1,0,0,0,0,0,0,1,0,0,1,0,0,0,0,0,0,0,0,0,0,0,1,0,0,0,0,0,0,0
-8368324.25162506,4865426.42722712,27952,2023072907,0214,1,0,0,0,0,0,0,0,0,4,0,,67,8,2023,7,39.996442,-75.173934,0209,6,0,0,0,0,0,1,0,0,,0,0,0,,,1,,1,,39 59:47.190,,0,75 10:26.162,8,0,0,0,67301,0,0,0,N,0,0,0,3,67301,0,,1,,1,N,N,N,0,,0,0,1,,2,,,2,1,0,0,0,1,2,2,0,2,03,03,,N,,,,,,,,,,,0,0,1,0,0,0,0,0,0,0,0,0,0,0,0,0,0,0,0,0,0,0,0,0,1,0,0,0,0,0,0,0,0,0,0,0,0,0,0,0,0,0,0,0,0,1,0,0,0,0,0,0,0,0,0,1,0,0,1,1,1,0,0,0,0,0,0,1,0,0,0,0,0,0,1,0,0,0,0,0,0,0,0,0,0,0,0,0,0,0,0,0,0,0,0,0,0,0,0,1,0,0,0,0,0,0,1,0,0,0,0,0,0,0,0,0,0,0,0,0,0,1,0,1,0,0,0,0,0
-8357724.96298419,4867372.4614655,27953,2023073672,0234,1,0,0,0,0,0,0,0,0,1,0,,67,8,2023,1,40.009833,-75.078719,0232,6,0,0,0,0,0,0,0,0,,0,0,0,,,0,N,0,,40 00:35.400,3,0,75 04:43.390,0,0,0,0,67301,0,0,0,N,0,0,0,1,67301,0,,6,400,1,N,N,N,1,,0,0,2,,0,Y,,4,0,1,0,0,0,0,2,0,4,03,03,,N,,,,,,,,,,,0,0,0,0,0,0,0,0,0,0,0,0,0,0,1,0,0,0,0,0,0,0,0,0,0,0,0,0,0,0,0,0,0,0,0,0,0,0,0,0,0,0,1,0,0,1,0,0,0,0,0,0,0,0,0,1,0,0,0,0,0,0,0,0,0,0,0,1,1,0,0,0,0,0,1,0,1,0,0,0,0,0,0,0,1,0,0,0,0,1,0,0,0,0,0,0,0,0,0,0,0,0,0,0,0,0,0,0,0,0,0,0,0,0,0,0,0,1,0,0,0,1,0,1,0,0,0,0,0
-8370953.84109132,4857151.58048257,27954,2023073502,2138,2,0,0,0,0,0,0,0,0,1,0,,67,8,2023,6,39.939472,-75.197556,2107,6,0,0,0,0,0,0,0,0,,0,0,0,,,1,N,0,,39 56:22.100,,0,75 11:51.200,8,0,0,0,67301,0,0,0,N,0,0,0,3,67301,0,,1,,99,N,N,N,0,,0,0,0,,0,,,3,1,0,0,0,1,2,2,0,3,03,,,N,,,,,,,,,,,0,0,0,0,0,0,0,0,0,0,0,0,0,0,0,0,0,0,0,0,0,0,0,0,0,0,0,0,0,0,0,0,0,0,0,0,0,0,0,0,0,0,0,0,0,0,0,0,0,0,0,0,0,0,0,0,0,0,1,1,0,0,0,0,0,0,0,1,1,0,0,0,0,0,1,0,1,0,0,0,0,0,0,0,0,0,0,0,0,1,0,0,0,0,0,0,0,0,0,0,0,0,0,0,0,0,0,0,0,0,0,0,0,0,0,0,0,0,0,0,0,1,0,1,0,0,0,0,0
-8367778.00686026,4867788.71843112,27955,2023101666,0105,0,0,0,0,0,0,0,0,0,7,0,,67,11,2023,1,40.012697,-75.169027,0105,6,0,0,0,0,0,1,0,0,,0,0,0,,,1,N,0,,40 00:45.708,,0,75 10:08.496,3,0,0,0,67301,0,0,0,N,0,0,0,4,67301,0,,4,,1,N,N,N,0,,1,0,1,,0,,,1,1,4,0,0,0,3,2,0,1,03,03,,N,,,,,,,,,,,0,0,0,0,0,0,0,0,0,0,0,0,0,0,0,0,0,0,0,0,0,0,0,0,1,0,0,0,0,0,0,0,0,0,0,0,0,0,0,1,0,0,0,0,0,0,0,0,0,0,0,0,0,0,0,1,0,0,1,1,0,0,0,1,0,0,0,0,0,0,0,0,0,0,0,0,1,0,0,0,0,0,0,0,0,0,0,0,0,0,0,0,0,0,0,0,0,0,0,0,1,0,0,0,0,0,1,0,0,1,0,1,0,0,0,0,0,1,0,0,0,1,0,0,0,0,0,0,0
-8369416.96355165,4854086.97445785,27956,2023074049,1124,0,0,0,1,0,0,0,0,0,8,0,,67,8,2023,1,39.918361,-75.18375,1124,6,0,0,0,0,0,0,0,0,,0,0,0,,,1,N,0,,39 55:06.100,,7,75 11:01.500,3,0,0,0,67301,1,0,0,N,0,0,0,2,67301,0,,1,,1,N,N,N,0,,1,0,1,,3,,,2,1,0,0,0,0,0,2,0,1,03,03,,N,,,,,,,,,,,0,0,0,0,0,0,0,0,1,0,0,0,0,0,0,0,0,0,0,0,0,0,0,0,0,0,0,0,0,0,0,0,0,0,0,0,0,0,0,0,0,0,0,0,0,0,0,0,0,0,0,0,0,0,0,0,0,0,1,1,0,0,0,0,0,0,0,1,1,0,0,0,0,0,0,0,1,0,0,0,0,0,0,0,0,0,0,0,0,0,0,0,0,0,0,0,0,0,0,0,1,0,0,0,0,0,0,0,0,1,0,0,0,0,0,0,0,0,0,0,0,1,0,0,1,0,0,0,0
-8356967.21119096,4870807.39908144,27957,2023102412,1653,1,0,0,0,0,0,0,0,0,4,1,,67,11,2023,7,40.033463,-75.071912,1653,6,0,0,0,0,0,0,0,0,,0,1,0,,,0,,2,,40 02:00.465,,0,75 04:18.883,0,0,0,0,67301,0,0,0,N,0,0,0,4,67301,0,,1,,1,N,N,N,0,,0,0,1,,0,,,3,0,0,0,0,0,0,2,0,3,03,03,,N,,,,,,,,,,,0,0,1,0,0,0,0,0,0,0,0,1,0,1,0,0,0,0,0,0,0,0,0,0,0,0,0,0,0,0,0,0,0,0,0,0,0,0,0,0,0,0,1,0,0,0,0,0,0,0,0,0,1,0,0,1,0,0,0,0,1,0,0,0,1,0,0,1,0,0,0,0,0,0,1,0,0,0,0,0,0,0,0,0,1,0,0,0,0,0,0,0,0,0,0,0,0,0,0,0,0,0,0,0,0,0,1,0,0,0,0,0,0,0,0,0,0,0,0,0,1,1,0,1,0,0,0,0,0
-8352618.40301847,4881236.95667219,27958,2023101351,0329,0,0,0,0,0,0,0,0,0,2,1,,67,11,2023,4,40.105161,-75.032846,0325,6,0,0,0,0,0,0,0,0,,0,1,0,,,1,,1,,40 06:18.580,,0,75 01:58.246,3,0,0,0,67301,0,0,0,N,0,0,0,4,67301,0,,1,,1,N,N,N,0,,1,0,1,,2,,,2,1,0,0,0,0,0,2,0,2,03,03,,N,,,,,,,,,,,0,1,0,0,0,0,0,0,0,0,0,1,0,0,0,0,0,0,1,0,0,0,0,0,0,0,0,0,0,0,0,0,0,0,0,0,0,0,0,0,0,0,0,0,0,1,0,0,0,0,0,1,1,0,0,1,1,0,1,1,1,0,0,0,0,0,0,1,0,0,0,0,0,0,1,0,0,0,0,0,0,0,0,0,0,0,0,0,0,0,0,0,0,0,0,0,0,0,0,1,0,0,0,0,0,0,1,0,0,1,0,0,0,0,0,0,0,0,0,0,0,1,0,0,0,0,0,0,0
-8367336.51350623,4865259.61311587,27959,2023105255,0235,2,0,0,0,0,0,0,0,0,1,0,,67,11,2023,1,39.995294,-75.165061,0227,6,0,0,0,0,0,0,0,0,,0,0,0,,,0,N,0,,39 59:43.058,,0,75 09:54.218,0,0,0,0,67301,0,0,0,N,0,0,0,2,67301,0,,1,,1,N,Y,N,0,,0,0,0,,0,,,2,0,0,0,0,0,0,2,0,2,03,,,N,,,,,,,,,,,0,0,0,0,0,0,0,0,0,0,0,0,0,0,0,0,0,0,0,0,0,0,0,0,0,0,0,0,0,0,0,0,0,0,0,0,0,0,0,0,0,0,0,0,0,0,0,0,0,0,0,0,0,0,0,1,0,0,0,0,0,0,0,0,0,0,0,0,0,0,0,0,0,0,1,0,1,0,0,0,0,0,0,0,1,0,0,0,0,1,0,0,0,0,0,0,0,1,0,0,0,0,0,0,0,0,1,0,0,0,0,0,0,0,0,0,0,0,0,0,0,1,0,1,0,0,0,0,0