X,Y,objectid,crn,arrival_tm,automobile_count,belted_death_count,belted_susp_serious_inj_count,bicycle_count,bicycle_death_count,bicycle_susp_serious_inj_count,bus_count,chldpas_death_count,chldpas_susp_serious_inj_count,collision_type,comm_veh_count,cons_zone_spd_lim,county,crash_month,crash_year,day_of_week,dec_latitude,dec_longitude,dispatch_tm,district,driver_count_16yr,driver_count_17yr,driver_count_18yr,driver_count_19yr,driver_count_20yr,driver_count_50_64yr,driver_count_65_74yr,driver_count_75plus,est_hrs_closed,fatal_count,heavy_truck_count,horse_buggy_count,hour_of_day,illumination,injury_count,intersection_related_x,intersect_type,lane_closed,latitude,ln_close_dir,location_type,longitude,max_severity_level,mcycle_death_count,mcycle_susp_serious_inj_count,motorcycle_count,municipality,nonmotr_count,nonmotr_death_count,nonmotr_susp_serious_inj_count,ntfy_hiwy_maint,ped_count,ped_death_count,ped_susp_serious_inj_count,person_count,police_agcy,possible_inj_count,rdwy_surf_type_cd,relation_to_road,roadway_cleared,road_condition,sch_bus_ind,sch_zone_ind,secondary_crash,small_truck_count,spec_juris_cd,susp_minor_inj_count,susp_serious_inj_count,suv_count,tcd_func_cd,tcd_type,tfc_detour_ind,time_of_day,total_units,tot_inj_count,unbelted_occ_count,unb_death_count,unb_susp_serious_inj_count,unk_inj_deg_count,unk_inj_per_count,urban_rural,van_count,vehicle_count,weather1,weather2,workers_pres,work_zone_ind,work_zone_loc,work_zone_type,wz_close_detour,wz_flagger,wz_law_offcr_ind,wz_ln_closure,wz_moving,wz_other,wz_shlder_mdn,wz_workers_inj_killed,aggressive_driving,alcohol_related,angle_crash,atv,atv_route,backup_congestion,backup_nonrecurring,backup_prior,bicycle,cell_phone,child_passenger,comm_vehicle,core_network,cross_median,curved_road,curve_dvr_error,deer_related,distracted,drinking_driver,driver_16yr,driver_17yr,driver_18yr,driver_19yr,driver_20yr,driver_50_64yr,driver_65_74yr,driver_75plus,drugged_driver,drug_related,fatal,fatal_or_susp_serious_inj,fatigue_asleep,federal_aid_route,fire_in_vehicle,hazardous_truck,hit_barrier,hit_bridge,hit_deer,hit_embankment,hit_fixed_object,hit_gdrail,hit_gdrail_end,hit_parked_vehicle,hit_pole,hit_roadway_equipment,hit_run,hit_temp_construction_barrier,hit_traffic_island,hit_tree_shrub,hit_utility_pole,horse_buggy,ho_oppdir_sdswp,hvy_truck_related,icy_road,illegal_drug_related,illumination_dark,impaired_driver,impaired_nonmotorist,injury,injury_or_fatal,intersection,intersection_related_y,interstate,lane_departure,left_turn,limit_65mph,limit_70mph,local_road,local_road_only,marijuana_drugged_driver,marijuana_related,mature_driver,mc_drinking_driver,motorcycle,multiple_vehicle,nhtsa_agg_driving,non_intersection,no_clearance,opioid_related,other_freeway_expressway,overturned,pedestrian,phantom_vehicle,possible_injury,property_damage_only,psp_reported,ramp,ramp_segment,ramp_terminal,rear_end,roundabout,running_red_lt,running_stop_sign,rural,school_bus,school_bus_related,school_bus_unit,school_zone,shldr_related,signalized_int,single_vehicle,snowmobile,snow_slush_road,speeding,speeding_related,speed_change_lane,state_road,stop_controlled_int,sudden_deer,suspected_minor_injury,suspected_serious_injury,sv_run_off_rd,tailgating,train,train_trolley,trolley,turnpike,unbelted,underage_drnk_drv,unlicensed,unsignalized_int,urban,vehicle_failure,vehicle_towed,vulnerable_road_user,vulnerable_road_user_fatal,wet_road,work_zone,young_driver
-8367061.21981137,4854319.06245446,28421,2023114628,0820,0,0,0,1,0,0,0,0,0,8,0,,67,12,2023,7,39.91996,-75.162588,0809,6,0,0,0,0,0,0,0,0,,0,0,0,,,1,,3,,39 55:11.855,,0,75 09:45.316,3,0,0,0,67301,1,0,0,N,0,0,0,2,67301,0,,1,,1,N,N,N,0,,1,0,1,,3,,,2,1,0,0,0,0,0,2,0,1,03,03,,N,,,,,,,,,,,1,0,0,0,0,0,0,0,1,0,0,0,0,0,0,0,0,0,0,0,0,0,0,0,0,0,0,0,0,0,0,0,0,0,0,0,0,0,0,0,0,0,0,0,0,0,0,0,0,0,0,0,0,0,0,0,0,0,1,1,1,0,0,0,0,0,0,1,1,0,0,0,0,0,0,0,0,1,0,0,0,0,0,0,0,0,0,0,0,0,0,0,0,0,0,0,0,0,0,0,1,0,0,0,0,0,0,1,0,1,0,0,0,0,0,0,0,0,0,0,1,1,0,0,1,0,0,0,0
-8368169.73961023,4855041.19649255,28422,2023099820,0240,2,0,0,0,0,0,0,0,0,4,0,,67,11,2023,1,39.924935,-75.172546,0236,6,0,0,0,0,0,0,0,0,,0,0,0,,,0,,3,,39 55:29.766,7,0,75 10:21.167,0,0,0,0,67301,0,0,0,N,0,0,0,1,67301,0,,1,400,1,N,N,N,0,,0,0,0,,2,Y,,2,0,0,0,0,0,0,2,0,2,03,03,,N,,,,,,,,,,,1,0,1,0,0,0,0,0,0,0,0,0,0,0,0,0,0,0,0,0,0,0,0,0,0,0,0,0,0,0,0,0,0,0,0,0,0,0,0,0,0,0,0,0,0,1,0,0,0,0,0,0,0,0,0,1,0,0,0,0,1,0,0,0,0,0,0,1,0,0,0,0,0,0,1,0,0,0,0,0,0,0,0,0,1,0,0,0,0,0,0,1,0,0,0,0,0,0,0,1,0,0,0,0,0,0,1,0,0,0,0,0,0,0,0,0,0,0,0,0,0,1,0,1,0,0,0,0,0
-8364958.50525147,4856057.9344421,28423,2023112341,2105,0,0,0,0,0,0,0,0,0,1,0,,67,12,2023,1,39.931939,-75.143699,2059,6,0,0,0,0,0,1,0,0,,0,0,0,,,1,N,0,,39 55:54.981,1,0,75 08:37.316,8,0,0,0,67301,0,0,0,N,0,0,0,4,67301,0,,1,2349,1,N,N,N,1,,0,0,3,,0,N,,4,1,0,0,0,1,2,2,0,4,03,03,,N,,,,,,,,,,,0,0,0,0,0,0,0,0,0,0,0,0,0,0,0,0,0,0,0,0,0,0,0,0,1,0,0,0,0,0,0,0,0,0,0,0,0,0,0,0,0,0,0,0,0,0,0,0,0,0,0,0,0,0,0,1,0,0,1,1,0,0,0,0,0,0,0,0,0,0,0,0,0,0,1,0,1,0,0,0,0,0,0,0,0,0,0,0,0,1,0,0,0,0,0,0,0,0,0,0,0,0,0,0,0,0,1,0,0,0,0,0,0,0,0,0,0,0,0,0,0,1,0,1,0,0,0,0,0
-8357847.97103025,4866297.59791845,28424,2023104586,1700,0,0,0,0,0,0,0,0,0,4,0,,67,11,2023,5,40.002437,-75.079824,1657,6,0,0,0,0,0,0,0,0,,0,0,0,,,2,,3,,40 00:08.772,1,0,75 04:47.367,3,0,0,0,67301,0,0,0,N,0,0,0,7,67301,0,,1,100,1,N,N,Y,1,,2,0,0,,2,Y,,4,2,0,0,0,0,0,2,2,4,03,03,,N,,,,,,,,,,,0,0,1,0,0,0,0,0,0,0,1,0,0,0,0,0,0,0,0,0,0,0,0,0,0,0,0,0,0,0,0,0,0,0,0,0,0,0,0,0,0,0,0,0,0,1,0,0,0,0,0,0,0,0,0,0,0,0,1,1,1,0,0,0,0,0,0,1,0,0,0,0,0,0,1,0,0,0,0,0,0,0,0,0,0,0,0,0,0,0,0,0,0,0,0,0,0,0,0,1,0,0,0,0,0,0,1,0,0,1,0,0,0,0,0,0,0,0,0,0,0,1,0,1,0,0,0,0,0
-8366814.20220008,4864490.82192303,28425,2023078688,1758,0,0,0,0,0,0,0,0,0,8,0,,67,9,2023,1,39.990003,-75.160369,1748,6,0,0,0,0,0,0,0,0,,0,0,0,,,1,,1,,39 59:24.010,,0,75 09:37.328,2,0,0,0,67301,1,0,1,N,1,0,1,2,67301,0,,1,,1,N,N,N,0,,0,1,1,,2,,,2,1,0,0,0,0,1,2,0,1,03,03,,N,,,,,,,,,,,1,0,0,0,0,0,0,0,0,0,0,0,0,0,0,0,0,0,0,0,0,0,0,0,0,0,0,0,0,0,1,0,0,0,0,0,0,0,0,0,0,0,0,0,0,1,0,0,0,0,0,0,0,0,0,0,0,0,1,1,1,0,0,0,0,0,0,1,1,0,0,0,0,0,0,0,0,0,0,0,0,1,0,0,0,0,0,0,0,0,0,1,0,0,0,0,0,0,0,1,1,0,0,0,0,0,0,0,0,0,1,0,0,0,0,0,0,0,0,0,0,1,0,0,1,0,0,0,0
-8350857.2168995,4883454.38747997,28426,2023079074,2238,1,0,0,0,0,0,0,0,0,4,0,,67,9,2023,2,40.120395,-75.017025,2233,6,0,0,0,0,0,0,0,0,,0,0,0,,,1,N,0,,40 07:13.423,,7,75 01:01.289,8,0,0,1,67301,0,0,0,N,0,0,0,2,67301,0,,1,,1,N,N,N,0,,0,0,0,,0,,,2,1,0,0,0,1,0,2,0,2,03,03,,N,,,,,,,,,,,0,0,1,0,0,0,0,0,0,0,0,0,0,0,0,0,0,0,0,0,0,0,0,0,0,0,0,0,0,0,0,0,0,0,0,0,0,0,0,0,0,0,0,0,0,0,0,0,0,0,0,0,0,0,0,1,0,0,1,1,0,0,0,0,1,0,0,0,0,0,0,0,0,1,1,0,1,0,0,0,0,0,0,0,0,0,0,0,0,0,0,0,0,0,0,0,0,0,0,0,0,0,0,0,0,0,1,0,0,0,0,0,0,0,0,0,0,0,0,0,0,1,0,0,0,0,0,0,0
-8364332.22240322,4872757.68778038,28427,2023078287,2130,0,0,0,0,0,0,0,0,0,5,0,,67,9,2023,1,40.046876,-75.138073,2130,6,0,0,0,0,0,0,0,0,,0,0,0,,,0,N,0,,40 02:48.755,,0,75 08:17.063,9,0,0,0,67301,0,0,0,N,0,0,0,1,67301,0,,6,,1,N,N,N,0,,0,0,3,,0,,,3,0,1,0,0,0,1,2,0,3,03,03,,N,,,,,,,,,,,1,0,0,0,0,0,0,0,0,0,0,0,0,1,0,0,0,0,0,0,0,0,0,0,0,0,0,0,0,0,0,0,0,0,0,0,0,0,0,0,0,0,1,0,0,1,0,0,1,0,0,0,0,0,0,0,0,0,0,0,0,0,0,1,0,0,0,0,0,0,0,0,0,0,1,0,1,0,0,0,0,0,0,0,0,0,0,0,0,0,0,0,0,0,0,0,0,0,0,0,0,0,0,0,0,0,1,0,0,0,0,0,0,0,0,0,0,1,0,0,0,1,0,1,0,0,0,0,0
-8376239.8488259,4858851.15929625,28428,2023078968,1055,0,0,0,0,0,0,0,0,0,4,0,,67,9,2023,6,39.951177,-75.245041,1055,6,0,0,0,0,0,0,1,0,,0,0,0,,,1,,1,,39 57:04.237,,0,75 14:42.147,8,0,0,0,67301,0,0,0,N,0,0,0,2,67301,0,,1,,1,N,N,N,0,,0,0,1,,3,,,2,1,0,0,0,1,0,2,0,2,03,,,N,,,,,,,,,,,0,0,1,0,0,0,0,0,0,0,0,0,0,0,0,0,0,0,0,0,0,0,0,0,0,1,0,0,0,0,0,0,0,0,0,0,0,0,0,0,0,0,0,0,0,1,0,0,0,0,0,0,0,0,0,0,0,0,1,1,1,0,0,0,0,0,0,1,1,0,0,1,0,0,1,0,0,0,0,0,0,0,0,0,0,0,0,0,0,0,0,0,0,0,0,0,0,0,0,0,0,0,0,0,0,0,0,1,0,0,0,0,0,0,0,0,0,0,0,0,1,1,0,1,0,0,0,0,0
-8369202.67421425,4871381.70008995,28429,2023078013,1040,1,0,0,0,0,0,0,0,0,4,0,,67,9,2023,1,40.037413,-75.181825,1023,6,0,0,0,0,0,1,0,0,,0,0,0,,,1,,1,,40 02:14.686,,0,75 10:54.569,3,0,0,0,67301,0,0,0,N,0,0,0,2,67301,0,,1,,1,N,N,N,0,,1,0,1,,2,,,2,1,1,0,0,0,0,2,0,2,03,,,N,,,,,,,,,,,0,0,1,0,0,0,0,0,0,0,0,0,0,0,0,0,0,1,0,0,0,0,0,0,1,0,0,0,0,0,0,0,0,0,0,0,0,0,0,0,0,0,0,0,0,0,0,0,0,0,0,0,0,0,0,0,0,0,1,1,1,0,0,0,1,0,0,1,1,0,0,0,0,0,1,0,0,0,0,0,0,0,0,0,0,0,0,0,0,0,0,0,0,0,0,0,0,0,0,1,0,0,0,0,0,0,0,0,0,1,0,0,0,0,0,0,0,1,0,0,0,1,0,0,0,0,0,0,0
-8355195.56106006,4873535.26439768,28430,2023077623,2117,0,0,0,0,0,0,0,0,0,4,0,,67,8,2023,5,40.052223,-75.055997,2117,6,1,0,0,0,0,0,1,0,,0,0,0,,,0,,1,,40 03:08.002,1,0,75 03:21.588,0,0,0,0,67301,0,0,0,N,0,0,0,3,67301,0,,1,30,1,N,N,N,0,,0,0,2,,3,Y,,2,0,3,0,0,0,0,2,0,2,03,03,,N,,,,,,,,,,,0,0,1,0,0,0,0,0,0,0,0,0,0,0,0,0,0,0,0,1,0,0,0,0,0,1,0,0,0,0,0,0,0,0,0,0,0,0,0,0,0,0,0,0,0,0,0,0,0,0,0,0,0,0,0,1,0,0,0,0,1,0,0,0,0,0,0,1,0,0,0,1,0,0,1,0,0,0,0,0,0,0,0,0,1,0,0,0,0,0,0,0,0,0,0,0,0,0,0,0,0,0,0,0,0,0,1,1,0,0,0,0,0,0,0,0,0,1,0,0,1,1,0,1,0,0,0,0,1
-8357598.28179736,4876689.96739791,28431,2023104218,1820,0,0,0,0,0,0,0,0,0,4,0,,67,11,2023,4,40.073912,-75.077581,1812,6,0,0,1,0,0,1,0,0,,0,0,0,,,0,,1,,40 04:26.082,,0,75 04:39.292,9,0,0,0,67301,0,0,0,N,0,0,0,3,67301,0,,1,,1,N,N,N,0,,0,0,1,,0,,,2,0,0,0,0,0,1,2,1,2,03,03,,N,,,,,,,,,,,1,0,1,0,0,0,0,0,0,0,1,0,0,0,0,0,0,0,0,0,0,1,0,0,1,0,0,0,0,0,0,0,0,0,0,0,0,0,0,0,0,0,0,0,0,0,0,0,0,0,0,0,0,0,0,1,0,0,0,0,1,0,0,0,1,0,0,1,0,0,0,0,0,0,1,0,0,0,0,0,0,0,0,0,0,0,0,0,0,0,0,0,0,0,0,0,0,0,0,0,0,0,0,0,0,0,1,0,0,0,0,0,0,0,0,0,0,0,0,0,1,1,0,1,0,0,0,0,1
-8362924.69789323,4864469.46364567,28432,2023078183,1245,0,0,0,1,0,0,0,0,0,8,0,,67,8,2023,4,39.989856,-75.125429,1245,6,0,0,0,0,0,0,0,0,,0,0,0,,,1,,1,,39 59:23.480,,1,75 07:31.544,4,0,0,0,67301,1,0,0,N,0,0,0,2,67301,1,,1,,1,N,N,N,0,,0,0,1,,2,,,2,1,1,0,0,0,0,2,0,1,03,03,,N,,,,,,,,,,,1,0,0,0,0,0,0,0,1,0,0,0,0,0,0,0,0,0,0,0,0,0,0,0,0,0,0,0,0,0,0,0,0,0,0,0,0,0,0,0,0,0,0,0,0,1,0,0,0,0,0,0,0,0,0,0,0,0,1,1,1,0,0,0,0,0,0,1,0,0,0,0,0,0,0,0,0,0,0,0,0,0,0,1,0,0,0,0,0,0,0,1,0,0,0,0,0,0,0,1,1,0,0,0,0,0,1,0,0,0,0,0,0,0,0,0,0,1,0,0,0,1,0,0,1,0,0,0,0
-8378395.55160595,4861391.55935179,28433,2023109909,1735,1,0,0,0,0,0,0,0,0,1,0,,67,11,2023,2,39.968669,-75.264406,1730,6,0,0,0,0,0,3,0,0,,0,0,0,,,1,N,0,,39 58:07.210,6,0,75 15:51.860,3,0,0,0,67301,0,0,0,N,0,0,0,5,67301,0,,1,1857,1,N,N,N,0,,1,0,4,,0,Y,,5,1,0,0,0,0,0,2,0,5,03,03,,N,,,,,,,,,,,0,0,0,0,0,0,0,0,0,0,0,0,0,0,0,0,0,0,0,0,0,0,0,0,1,0,0,0,0,0,0,0,0,0,0,0,0,0,0,0,0,0,0,0,0,0,0,0,0,0,0,0,0,0,0,1,0,0,1,1,0,0,0,0,0,0,0,1,1,0,0,0,0,0,1,0,1,0,0,0,0,0,0,0,0,0,0,0,0,1,0,0,0,0,0,0,0,0,0,0,0,0,0,0,1,0,0,0,0,1,0,0,0,0,0,0,0,0,0,0,0,1,0,1,0,0,0,0,0
-8368208.59020333,4855031.47098724,28434,2023110340,1815,0,0,0,0,0,0,0,0,0,8,0,,67,11,2023,3,39.924868,-75.172895,1810,6,0,0,0,0,0,0,0,0,,0,0,0,,,1,,5,,39 55:29.523,,0,75 10:22.421,2,0,0,0,67301,1,0,1,N,1,0,1,2,67301,0,,1,,9,N,N,N,0,,0,1,0,,2,,,2,1,0,0,0,0,1,2,0,1,07,07,,N,,,,,,,,,,,0,0,0,0,0,0,0,0,0,0,0,0,0,0,0,0,0,1,0,0,0,0,0,0,0,0,0,0,0,0,1,0,0,0,0,0,0,0,0,0,0,0,0,0,0,1,0,0,0,0,0,0,0,0,0,1,0,0,1,1,1,0,0,0,1,0,0,1,0,0,0,0,0,0,0,0,0,0,0,0,0,1,0,0,0,0,0,0,0,0,0,0,0,0,0,0,0,0,0,1,1,0,0,0,0,0,1,0,0,0,1,0,0,0,0,0,0,0,0,0,0,1,0,0,1,0,1,0,0
-8360708.54890855,4865279.52060292,28435,2023106022,1016,2,0,0,0,0,0,0,0,0,4,0,,67,11,2023,2,39.995431,-75.105521,1015,6,0,0,0,0,0,1,0,0,,0,0,0,,,1,,1,,39 59:43.551,,0,75 06:19.875,3,0,0,0,67301,0,0,0,N,0,0,0,3,67301,0,,1,,1,N,N,N,1,,1,0,0,,2,,,3,1,0,0,0,0,0,2,0,3,03,03,,N,,,,,,,,,,,1,0,1,0,0,0,0,0,0,0,0,0,0,0,0,0,0,0,0,0,0,0,0,0,1,0,0,0,0,0,0,0,0,0,0,0,0,0,0,0,0,0,0,0,0,0,0,0,0,0,0,0,0,0,0,0,0,0,1,1,1,0,0,0,0,0,0,1,0,0,0,0,0,0,1,0,0,0,0,0,0,0,0,0,0,0,0,0,0,0,0,0,0,0,0,0,0,0,0,1,0,0,0,0,0,0,1,0,0,1,0,0,0,0,0,0,0,0,0,0,0,1,0,1,0,0,0,0,0
-8368390.59859445,4877350.73601065,28436,2023078560,1634,2,0,0,0,0,0,0,0,0,4,0,,67,9,2023,2,40.078454,-75.17453,1632,6,0,0,0,0,0,0,0,0,,0,0,0,,,0,,1,,40 04:42.436,4,0,75 10:28.308,0,0,0,0,67301,0,0,0,N,0,0,0,2,67301,0,,1,1634,1,N,N,N,0,,0,0,0,,3,N,,2,0,1,0,0,0,0,2,0,2,03,98,,N,,,,,,,,,,,1,0,1,0,0,0,0,0,0,0,0,0,0,0,0,0,0,0,0,0,0,0,0,0,0,0,0,0,0,0,0,0,0,0,0,0,0,0,0,0,0,0,0,0,0,1,0,0,0,0,0,0,0,0,0,0,0,0,0,0,1,0,0,0,0,0,0,1,0,0,0,0,0,0,1,0,0,0,0,0,0,0,0,0,1,0,0,0,0,0,0,0,1,0,0,0,0,0,0,0,0,0,0,0,0,0,1,1,0,0,0,0,0,0,0,0,0,1,0,0,1,1,0,1,0,0,0,0,0
-8376351.72498492,4858181.74740256,28437,2023107118,2315,1,0,1,0,0,0,0,0,0,1,0,,67,11,2023,2,39.946567,-75.246046,2311,6,0,0,0,0,0,1,0,0,,0,0,0,,,2,,1,,39 56:47.640,1,0,75 14:45.765,2,0,0,0,67301,0,0,0,N,0,0,0,3,67301,0,,1,1140,1,N,N,N,0,,1,1,0,,2,N,,2,2,0,0,0,0,0,2,0,2,04,03,,N,,,,,,,,,,,0,0,0,0,0,0,0,0,0,0,0,0,0,0,0,0,0,0,0,0,0,0,0,0,1,0,0,0,0,0,1,0,0,0,0,0,0,0,0,0,0,0,0,0,0,1,0,0,0,0,0,0,0,0,0,1,0,0,1,1,1,0,0,0,0,0,0,1,0,0,0,0,0,0,1,0,0,0,0,0,0,0,0,0,0,0,0,0,0,1,0,0,0,0,0,0,0,0,0,1,0,0,0,0,0,0,1,0,0,1,1,0,0,0,0,0,0,0,0,0,0,1,0,0,0,0,0,0,0
-8368094.48803945,4863563.29526002,28438,2023110749,1218,0,0,0,0,0,0,0,0,0,8,0,,67,12,2023,6,39.983619,-75.17187,1218,6,0,0,0,0,0,0,0,0,,0,0,0,,,1,,1,,39 59:01.028,,0,75 10:18.732,3,0,0,0,67301,1,0,0,N,1,0,0,2,67301,0,,1,,8,N,N,N,0,,1,0,1,,3,,,2,1,0,0,0,0,1,2,0,1,07,07,,N,,,,,,,,,,,0,0,0,0,0,0,0,0,0,0,0,0,0,0,0,0,0,0,0,0,0,0,0,0,0,0,0,0,0,0,0,0,0,0,0,0,0,0,0,0,0,0,0,0,0,1,0,0,0,0,0,0,0,0,0,1,0,0,1,1,1,0,0,0,0,0,0,1,1,0,0,0,0,0,0,0,0,0,0,0,0,1,0,0,0,0,0,0,0,0,0,0,0,0,0,0,0,0,0,0,1,0,0,0,0,0,0,1,0,1,0,0,0,0,0,0,0,0,0,0,1,1,0,0,1,0,1,0,0
-8361796.80874118,4870259.88052504,28439,2023078190,0017,1,0,0,0,0,0,0,0,0,5,0,,67,9,2023,7,40.029697,-75.115297,0015,6,0,0,0,0,0,0,0,0,,0,0,0,,,0,N,0,,40 01:46.910,5,0,75 06:55.070,0,0,0,0,67301,0,0,0,N,0,0,0,1,67301,0,,6,104,1,N,N,N,0,,0,0,2,,0,N,,3,0,1,0,0,0,0,2,0,3,03,03,,N,,,,,,,,,,,0,0,0,0,0,0,0,0,0,0,0,0,0,0,0,0,0,0,0,0,0,0,0,0,0,0,0,0,0,0,0,0,0,0,0,0,0,0,0,0,0,0,1,0,0,1,0,0,0,0,0,0,0,0,0,1,0,0,0,0,0,0,0,0,0,0,0,1,1,0,0,0,0,0,1,0,1,0,0,0,1,0,0,0,1,0,0,0,0,0,0,0,0,0,0,0,0,0,0,0,0,0,0,0,0,0,0,0,0,0,0,0,0,0,0,0,0,1,0,0,0,1,0,1,0,0,0,0,0
-8349975.45459566,4874528.73735398,28440,2023099821,0720,0,0,0,0,0,0,0,0,0,1,0,,67,11,2023,7,40.059054,-75.009104,0715,6,0,1,0,0,0,0,0,0,,0,0,0,,,1,N,0,,40 03:32.594,,0,75 00:32.776,4,0,0,0,67301,0,0,0,N,0,0,0,1,67301,1,,6,,1,N,N,N,1,,0,0,2,,0,,,3,1,0,0,0,0,0,2,0,3,03,03,,N,,,,,,,,,,,1,0,0,0,0,0,0,0,0,0,0,0,0,0,0,0,0,0,0,0,1,0,0,0,0,0,0,0,0,0,0,0,0,0,0,0,0,0,0,0,0,0,1,0,0,0,0,0,0,0,0,0,0,0,0,0,0,0,1,1,0,0,0,0,0,0,0,0,0,0,0,0,0,0,1,0,1,0,0,0,1,0,0,1,0,0,0,0,0,1,0,0,0,0,0,0,0,0,0,0,0,0,0,0,1,0,1,0,0,0,0,0,0,0,0,0,0,0,0,0,0,1,0,1,0,0,0,0,1
-8372492.49944822,4854239.8121042,28441,2023106691,1720,0,0,0,0,0,0,0,0,0,1,0,,67,11,2023,3,39.919414,-75.211378,1711,6,0,0,0,0,0,1,0,0,,0,0,0,,,0,N,0,,39 55:09.890,,0,75 12:40.960,0,0,0,0,67301,0,0,0,N,0,0,0,1,67301,0,,1,,9,N,N,N,1,,0,0,1,,0,,,2,0,0,0,0,0,0,2,0,2,07,,,N,,,,,,,,,,,0,1,0,0,0,0,0,0,0,0,0,0,0,0,0,0,0,0,1,0,0,0,0,0,1,0,0,0,0,0,0,0,0,0,0,0,0,0,0,0,0,0,1,0,0,0,0,0,0,0,0,0,0,0,0,1,1,0,0,0,0,0,0,0,0,0,0,1,1,0,0,0,0,0,1,0,1,0,0,0,0,0,0,0,1,0,0,0,0,1,0,0,0,0,0,0,0,0,0,0,0,0,0,0,0,0,0,0,0,0,0,0,0,0,0,0,0,0,0,0,0,1,0,1,0,0,1,0,0
-8366213.07622998,4853564.90565634,28442,2023103839,1738,1,0,0,0,0,0,0,0,0,8,0,,67,11,2023,4,39.914764,-75.154969,1736,6,0,0,0,0,0,0,0,0,,0,0,0,,,1,,2,,39 54:53.150,4,0,75 09:17.889,2,0,0,0,67301,1,0,1,N,1,0,1,2,67301,0,,1,1815,1,N,N,N,0,,0,1,0,,2,Y,,2,1,0,0,0,0,0,2,0,1,03,,,N,,,,,,,,,,,0,0,0,0,0,0,0,0,0,0,0,0,0,0,0,0,0,0,0,0,0,0,0,0,0,0,0,0,0,0,1,0,0,0,0,0,0,0,0,0,0,0,0,0,0,0,0,0,0,0,0,0,0,0,0,1,0,0,1,1,1,0,0,0,0,0,0,1,0,0,0,0,0,0,0,0,0,0,0,0,0,1,0,0,0,0,0,0,0,0,0,0,0,0,0,0,0,0,0,1,1,0,0,0,0,0,1,0,0,0,1,0,0,0,0,0,0,0,0,0,0,1,0,0,1,0,0,0,0
-8345023.40558391,4878157.62760935,28443,2023109393,1141,2,0,0,0,0,0,0,0,0,4,0,,67,12,2023,6,40.084,-74.964619,1139,6,0,0,0,0,1,0,0,0,,0,0,0,,,0,N,0,,40 05:02.400,1,0,74 57:52.630,9,0,0,0,67301,0,0,0,N,0,0,0,3,67301,0,,1,30,1,N,N,N,0,,0,0,0,,8,N,,2,0,0,0,0,0,1,2,0,2,03,,,N,,,,,,,,,,,1,0,1,0,0,0,0,0,0,0,0,0,0,0,0,0,0,0,0,0,0,0,0,1,0,0,0,0,0,0,0,0,0,0,0,0,0,0,0,0,0,0,0,0,0,0,0,0,0,0,0,0,0,0,0,0,0,0,0,0,0,0,0,0,0,0,0,1,1,0,0,0,0,0,1,0,1,0,0,0,0,0,0,0,0,0,0,0,0,0,0,0,0,0,0,0,0,0,0,0,0,0,0,0,0,0,0,0,0,0,0,0,0,0,0,0,0,0,0,0,0,1,0,1,0,0,0,0,1
-8368347.6284817,4860918.92532234,28444,2023109622,1808,1,0,0,0,0,0,0,0,0,8,0,,67,12,2023,6,39.965415,-75.174144,1802,6,0,0,0,0,0,0,0,0,,0,0,0,,,1,,1,,39 57:55.493,,0,75 10:26.918,3,0,0,0,67301,1,0,0,N,1,0,0,2,67301,0,,1,,9,N,N,N,0,,1,0,0,,2,,,2,1,0,0,0,0,0,2,0,1,07,07,,N,,,,,,,,,,,0,0,0,0,0,0,0,0,0,0,0,0,0,0,0,0,0,0,0,0,0,0,0,0,0,0,0,0,0,0,0,0,0,0,0,0,0,0,0,0,0,0,0,0,0,0,0,0,0,0,0,0,0,0,0,1,0,0,1,1,1,0,0,0,1,0,0,1,1,0,0,0,0,0,0,0,0,0,0,0,0,1,0,0,0,0,0,0,0,0,0,0,0,0,0,0,0,0,0,1,1,0,0,0,0,0,0,0,0,1,0,0,0,0,0,0,0,0,0,0,0,1,0,0,1,0,1,0,0
-8365477.58919282,4875896.28775759,28445,2023100953,0009,1,0,0,0,0,0,0,0,0,4,0,,67,11,2023,2,40.068456,-75.148362,0004,6,0,0,0,0,0,0,0,0,,0,0,0,,,3,,2,,40 04:06.442,,0,75 08:54.104,3,0,0,0,67301,0,0,0,N,0,0,0,3,67301,2,,1,,1,N,N,N,0,,1,0,1,,2,,,2,3,0,0,0,0,0,2,0,2,03,03,,N,,,,,,,,,,,1,0,1,0,0,0,0,0,0,0,0,0,1,0,0,0,0,0,0,0,0,0,0,0,0,0,0,0,0,0,0,0,0,0,0,0,0,0,0,0,0,0,0,1,0,1,0,0,0,0,0,0,0,0,0,1,0,0,1,1,1,0,0,0,1,0,0,1,0,0,0,0,0,0,1,0,0,0,0,0,0,0,0,1,0,0,0,0,0,0,0,0,0,0,0,0,0,0,0,1,0,0,0,0,0,0,1,0,0,1,0,0,0,0,0,0,0,0,0,0,0,1,0,0,0,0,0,0,0