X,Y,objectid,crn,arrival_tm,automobile_count,belted_death_count,belted_susp_serious_inj_count,bicycle_count,bicycle_death_count,bicycle_susp_serious_inj_count,bus_count,chldpas_death_count,chldpas_susp_serious_inj_count,collision_type,comm_veh_count,cons_zone_spd_lim,county,crash_month,crash_year,day_of_week,dec_latitude,dec_longitude,dispatch_tm,district,driver_count_16yr,driver_count_17yr,driver_count_18yr,driver_count_19yr,driver_count_20yr,driver_count_50_64yr,driver_count_65_74yr,driver_count_75plus,est_hrs_closed,fatal_count,heavy_truck_count,horse_buggy_count,hour_of_day,illumination,injury_count,intersection_related_x,intersect_type,lane_closed,latitude,ln_close_dir,location_type,longitude,max_severity_level,mcycle_death_count,mcycle_susp_serious_inj_count,motorcycle_count,municipality,nonmotr_count,nonmotr_death_count,nonmotr_susp_serious_inj_count,ntfy_hiwy_maint,ped_count,ped_death_count,ped_susp_serious_inj_count,person_count,police_agcy,possible_inj_count,rdwy_surf_type_cd,relation_to_road,roadway_cleared,road_condition,sch_bus_ind,sch_zone_ind,secondary_crash,small_truck_count,spec_juris_cd,susp_minor_inj_count,susp_serious_inj_count,suv_count,tcd_func_cd,tcd_type,tfc_detour_ind,time_of_day,total_units,tot_inj_count,unbelted_occ_count,unb_death_count,unb_susp_serious_inj_count,unk_inj_deg_count,unk_inj_per_count,urban_rural,van_count,vehicle_count,weather1,weather2,workers_pres,work_zone_ind,work_zone_loc,work_zone_type,wz_close_detour,wz_flagger,wz_law_offcr_ind,wz_ln_closure,wz_moving,wz_other,wz_shlder_mdn,wz_workers_inj_killed,aggressive_driving,alcohol_related,angle_crash,atv,atv_route,backup_congestion,backup_nonrecurring,backup_prior,bicycle,cell_phone,child_passenger,comm_vehicle,core_network,cross_median,curved_road,curve_dvr_error,deer_related,distracted,drinking_driver,driver_16yr,driver_17yr,driver_18yr,driver_19yr,driver_20yr,driver_50_64yr,driver_65_74yr,driver_75plus,drugged_driver,drug_related,fatal,fatal_or_susp_serious_inj,fatigue_asleep,federal_aid_route,fire_in_vehicle,hazardous_truck,hit_barrier,hit_bridge,hit_deer,hit_embankment,hit_fixed_object,hit_gdrail,hit_gdrail_end,hit_parked_vehicle,hit_pole,hit_roadway_equipment,hit_run,hit_temp_construction_barrier,hit_traffic_island,hit_tree_shrub,hit_utility_pole,horse_buggy,ho_oppdir_sdswp,hvy_truck_related,icy_road,illegal_drug_related,illumination_dark,impaired_driver,impaired_nonmotorist,injury,injury_or_fatal,intersection,intersection_related_y,interstate,lane_departure,left_turn,limit_65mph,limit_70mph,local_road,local_road_only,marijuana_drugged_driver,marijuana_related,mature_driver,mc_drinking_driver,motorcycle,multiple_vehicle,nhtsa_agg_driving,non_intersection,no_clearance,opioid_related,other_freeway_expressway,overturned,pedestrian,phantom_vehicle,possible_injury,property_damage_only,psp_reported,ramp,ramp_segment,ramp_terminal,rear_end,roundabout,running_red_lt,running_stop_sign,rural,school_bus,school_bus_related,school_bus_unit,school_zone,shldr_related,signalized_int,single_vehicle,snowmobile,snow_slush_road,speeding,speeding_related,speed_change_lane,state_road,stop_controlled_int,sudden_deer,suspected_minor_injury,suspected_serious_injury,sv_run_off_rd,tailgating,train,train_trolley,trolley,turnpike,unbelted,underage_drnk_drv,unlicensed,unsignalized_int,urban,vehicle_failure,vehicle_towed,vulnerable_road_user,vulnerable_road_user_fatal,wet_road,work_zone,young_driver
-8353779.13132823,4871112.42916829,28446,2023106433,0148,0,0,0,0,0,0,0,0,0,4,0,,67,11,2023,4,40.035561,-75.043273,0141,6,0,0,0,0,0,0,0,0,,0,0,0,,,1,,2,,40 02:08.020,,0,75 02:35.783,3,0,0,0,67301,0,0,0,N,0,0,0,2,67301,0,,1,,9,N,N,N,2,,1,0,0,,3,,,2,1,1,0,0,0,0,2,0,2,07,07,,N,,,,,,,,,,,1,0,1,0,0,0,0,0,0,0,0,0,0,0,0,0,0,0,0,0,0,0,0,0,0,0,0,0,0,0,0,0,0,0,0,0,0,0,0,0,0,0,0,0,0,1,0,0,0,0,0,0,0,0,0,1,0,0,1,1,1,0,0,0,0,0,0,1,0,0,0,0,0,0,1,0,0,0,0,0,0,0,0,0,0,0,0,0,0,0,0,0,1,0,0,0,0,0,0,0,0,0,0,0,0,0,1,1,0,1,0,0,0,0,0,0,0,1,0,0,1,1,0,1,0,0,1,0,0
-8369523.27425868,4864720.3922493,28447,2023110352,1200,2,0,0,0,0,0,0,0,0,4,0,,67,12,2023,7,39.991583,-75.184705,1200,6,0,0,0,0,0,0,0,0,,0,0,0,,,0,,1,,39 59:29.698,,0,75 11:04.939,0,0,0,0,67301,0,0,0,N,0,0,0,2,67301,0,,1,,9,N,N,N,0,,0,0,0,,2,,,2,0,0,0,0,0,0,2,0,2,04,04,,N,,,,,,,,,,,1,0,1,0,0,0,0,0,0,0,0,0,0,0,0,0,0,0,0,0,0,0,0,0,0,0,0,0,0,0,0,0,0,0,0,0,0,0,0,0,0,0,0,0,0,0,0,0,0,0,0,0,0,0,0,0,0,0,0,0,1,0,0,0,0,0,0,1,0,0,0,0,0,0,1,0,0,0,0,0,0,0,0,0,1,0,0,0,0,0,0,1,0,0,0,0,0,0,0,1,0,0,0,0,0,0,1,0,0,0,0,0,0,0,0,0,0,0,0,1,0,1,0,1,0,0,1,0,0
-8365226.45179984,4864221.7374492,28448,2023078975,0230,0,0,0,0,0,0,0,0,0,4,0,,67,9,2023,1,39.988151,-75.146106,0219,6,0,0,0,0,0,1,0,0,,0,0,0,,,1,,5,,39 59:17.343,,0,75 08:45.981,3,0,0,0,67301,0,0,0,N,0,0,0,2,67301,0,,1,,1,N,N,N,0,,1,0,2,,2,,,2,1,0,0,0,0,0,2,0,2,03,,,N,,,,,,,,,,,1,0,1,0,0,0,0,0,0,0,0,0,0,0,0,0,0,0,0,0,0,0,0,0,1,0,0,0,0,0,0,0,0,0,0,0,0,0,0,0,0,0,0,0,0,0,0,0,0,0,0,0,0,0,0,1,0,0,1,1,1,0,0,0,0,0,0,1,1,0,0,0,0,0,1,0,0,0,0,0,0,0,0,0,0,0,0,0,0,0,0,1,0,0,0,0,0,0,0,1,0,0,0,0,0,0,0,0,0,1,0,0,0,0,0,0,0,0,0,0,0,1,1,0,0,0,0,0,0
-8351085.866675,4872305.30585486,28449,2023079076,1450,0,0,0,0,0,0,0,0,0,6,0,,67,9,2023,3,40.043765,-75.019079,1447,6,0,0,0,0,0,2,0,0,,0,0,0,,,2,N,0,,40 02:37.554,,0,75 01:08.684,3,0,0,0,67301,0,0,0,N,0,0,0,2,67301,0,,1,,1,N,N,N,0,,2,0,2,,0,,,2,2,0,0,0,0,0,2,0,2,03,03,,N,,,,,,,,,,,1,0,0,0,0,0,0,0,0,0,0,0,0,0,0,0,0,0,0,0,0,0,0,0,1,0,0,0,0,0,0,0,0,0,0,0,0,0,0,0,0,0,0,0,0,0,0,0,0,0,0,1,0,0,0,0,0,0,1,1,0,0,0,1,0,0,0,0,0,0,0,0,0,0,1,0,1,0,0,0,0,0,0,0,0,0,0,0,0,0,0,0,0,0,0,0,0,0,0,0,0,0,0,0,0,0,1,0,0,1,0,0,0,0,0,0,0,0,0,0,0,1,0,1,0,0,0,0,0
-8361851.46646418,4865241.74067713,28450,2023109521,0020,0,0,0,0,0,0,0,0,0,7,0,,67,12,2023,7,39.995171,-75.115788,0020,6,0,0,0,0,0,0,0,0,,0,0,0,,,2,,5,,39 59:42.616,,0,75 06:56.835,3,0,0,0,67301,0,0,0,N,0,0,0,2,67301,0,,4,,9,N,N,N,0,,2,0,1,,2,,,1,2,0,0,0,0,0,2,0,1,07,07,,N,,,,,,,,,,,0,0,0,0,0,0,0,0,0,0,0,0,0,0,0,0,0,0,0,0,0,0,0,0,0,0,0,0,0,0,0,0,0,0,0,0,0,0,0,1,0,0,0,1,0,0,0,0,0,1,0,0,0,0,0,1,0,0,1,1,1,0,0,0,0,0,0,1,1,0,0,0,0,0,0,0,0,0,0,0,0,0,0,0,0,0,0,0,0,0,0,0,0,0,0,0,0,0,0,1,1,0,0,0,0,0,0,0,0,1,0,1,0,0,0,0,0,0,0,0,0,1,0,1,0,0,1,0,0
-8373103.4210241,4853847.19935378,28451,2023106688,1240,1,0,0,0,0,0,0,0,0,4,0,,67,11,2023,2,39.916709,-75.216866,1236,6,0,0,0,0,0,0,1,0,,0,0,0,,,1,N,0,,39 55:00.152,6,0,75 13:00.718,4,0,0,0,67301,0,0,0,N,0,0,0,2,67301,1,,1,1313,1,N,N,N,0,,0,0,1,,0,N,,2,1,0,0,0,0,0,2,0,2,03,03,,N,,,,,,,,,,,1,0,1,0,0,0,0,0,0,0,0,0,0,0,0,0,0,0,0,0,0,0,0,0,0,1,0,0,0,0,0,0,0,0,0,0,0,0,0,0,0,0,0,0,0,0,0,0,0,0,0,0,0,0,0,0,0,0,1,1,0,0,0,0,0,0,0,0,0,0,0,1,0,0,1,0,1,0,0,0,0,0,0,1,0,0,0,0,0,0,0,0,0,0,0,0,0,0,0,0,0,0,0,0,0,0,1,0,0,0,0,0,0,0,0,0,0,0,0,0,0,1,0,1,0,0,0,0,0
-8364798.09460534,4873276.1136437,28452,2023106178,0120,1,0,0,0,0,0,0,0,0,5,0,,67,11,2023,3,40.050441,-75.142258,0120,6,0,0,0,0,0,0,0,0,,0,0,0,,,0,N,0,,40 03:01.588,,0,75 08:32.129,0,0,0,0,67301,0,0,0,N,0,0,0,2,67301,0,,1,,1,N,N,N,0,,0,0,1,,0,,,2,0,2,0,0,0,0,2,0,2,03,03,,N,,,,,,,,,,,0,0,0,0,0,0,0,0,0,0,0,0,0,0,0,0,0,0,0,0,0,0,0,0,0,0,0,0,0,0,0,0,0,0,0,0,0,0,0,0,0,0,0,0,0,1,0,0,0,0,0,0,0,0,0,1,0,0,0,0,0,0,0,0,0,0,0,0,0,0,0,0,0,0,1,0,1,0,0,0,0,0,0,0,1,0,0,0,0,0,0,0,0,0,0,0,0,0,0,0,0,0,0,0,0,0,1,0,0,0,0,0,0,0,0,0,0,1,0,0,0,1,1,1,0,0,0,0,0
-8370789.64490073,4859161.34054969,28453,2023110220,1355,2,0,0,0,0,0,0,0,0,1,0,,67,11,2023,1,39.953313,-75.196081,1354,6,0,0,0,0,0,0,0,0,,0,0,0,,,1,N,0,,39 57:11.925,,0,75 11:45.892,4,0,0,0,67301,0,0,0,N,0,0,0,1,67504,1,,1,,9,N,N,Y,0,,0,0,3,,0,,,5,1,0,0,0,0,0,2,0,5,07,,,N,,,,,,,,,,,0,0,0,0,0,0,0,0,0,0,0,0,0,0,0,0,0,0,0,0,0,0,0,0,0,0,0,0,0,0,0,0,0,0,0,0,0,0,0,0,0,0,1,0,0,0,0,0,0,0,0,0,0,0,0,0,0,0,1,1,0,0,0,0,0,0,0,0,0,0,0,0,0,0,1,0,1,0,0,0,0,0,0,1,0,0,0,0,0,1,0,0,0,0,0,0,0,0,0,0,0,0,0,0,0,0,1,0,0,0,0,0,0,0,0,0,0,0,0,0,0,1,0,1,0,0,1,0,0
-8368450.26504443,4859377.28225356,28454,2023104581,1058,0,0,0,0,0,0,0,0,0,8,0,,67,11,2023,5,39.9548,-75.175066,1051,6,0,0,0,0,0,0,0,0,,0,0,0,,,1,N,0,,39 57:17.280,,0,75 10:30.236,2,0,0,0,67301,1,0,1,N,1,0,1,2,67301,0,,1,,1,N,N,N,0,,0,1,1,,0,,,2,1,1,0,0,0,0,2,0,1,03,03,,N,,,,,,,,,,,0,0,0,0,0,0,0,0,0,0,0,0,0,0,0,0,0,0,0,0,0,0,0,0,0,0,0,0,0,0,1,0,0,0,0,0,0,0,0,0,0,0,0,0,0,0,0,0,0,0,0,0,0,0,0,0,0,0,1,1,0,0,0,0,0,0,0,0,0,0,0,0,0,0,0,0,1,0,0,0,0,1,0,0,0,0,0,0,0,0,0,0,0,0,0,0,0,0,0,0,1,0,0,0,0,0,1,0,0,0,1,0,0,0,0,0,0,1,0,0,0,1,0,1,1,0,0,0,0
-8365751.76906233,4872995.59308886,28455,2023080705,2023,0,0,0,0,0,0,0,0,0,8,0,,67,9,2023,1,40.048512,-75.150825,2019,6,0,0,0,0,0,0,0,0,,0,0,0,,,1,,1,,40 02:54.643,7,0,75 09:02.970,2,0,0,0,67301,1,0,1,N,1,0,1,4,67301,0,,1,2200,1,N,N,N,1,,0,1,0,,2,Y,,2,1,0,0,0,0,0,2,0,1,03,03,,N,,,,,,,,,,,0,0,0,0,0,0,0,0,0,0,0,0,0,0,0,0,0,0,0,0,0,0,0,0,0,0,0,0,0,0,1,0,0,0,0,0,0,0,0,0,0,0,0,0,0,0,0,0,0,0,0,0,0,0,0,1,0,0,1,1,1,0,0,0,0,0,0,1,1,0,0,0,0,0,0,0,0,0,0,0,0,1,0,0,0,0,0,0,0,0,0,0,0,0,0,0,0,0,0,1,1,0,0,0,0,0,0,0,0,0,1,0,0,0,0,0,0,0,0,0,0,1,0,0,1,0,0,0,0
-8365801.75053574,4852681.50011606,28456,2023109541,0001,1,0,0,0,0,0,0,0,0,7,0,,67,12,2023,6,39.908677,-75.151274,0001,6,0,0,0,0,0,0,0,0,,0,0,0,,,0,,2,,39 54:31.236,,2,75 09:04.585,0,0,0,0,67301,0,0,0,N,0,0,0,2,67501,0,,5,,9,N,N,N,0,,0,0,0,,0,,,1,0,2,0,0,0,0,2,0,1,07,05,,N,,,,,,,,,,,1,0,0,0,0,0,0,0,0,0,0,0,0,0,1,0,0,0,0,0,0,0,0,0,0,0,0,0,0,0,0,0,0,0,0,0,0,0,0,1,0,0,0,0,0,0,0,0,0,0,0,0,0,0,0,1,0,0,0,0,1,0,0,0,1,0,0,1,1,0,0,0,0,0,0,1,0,0,0,0,0,0,0,0,1,0,0,0,0,0,0,0,0,0,0,0,0,0,0,0,1,0,0,0,1,0,0,0,0,0,0,1,0,0,0,0,0,1,0,0,1,1,0,1,0,0,1,0,1
-8355409.51695011,4870092.98529674,28457,2023105707,1133,2,0,0,0,0,0,0,0,0,4,0,,67,11,2023,2,40.028549,-75.057919,1133,6,0,0,0,0,0,0,0,0,,0,0,0,,,1,,1,,40 01:42.775,,0,75 03:28.507,4,0,0,0,67301,0,0,0,N,0,0,0,3,67301,1,,1,,1,N,N,N,0,,0,0,0,,2,,,2,1,0,0,0,0,0,2,0,2,03,03,,N,,,,,,,,,,,1,0,1,0,0,0,0,0,0,0,0,0,0,0,0,0,0,0,0,0,0,0,0,0,0,0,0,0,0,0,0,0,0,0,0,0,0,0,0,0,0,0,0,0,0,0,0,0,0,0,0,0,0,0,0,0,0,0,1,1,1,0,0,0,0,0,0,0,0,0,0,0,0,0,1,0,0,0,0,0,0,0,0,1,0,0,0,0,0,0,0,1,0,0,0,0,0,0,0,1,0,0,0,0,0,0,1,0,0,0,0,0,0,0,0,0,0,0,0,1,0,1,0,1,0,0,0,0,0
-8350671.09071816,4883912.37491502,28458,2023106530,1533,1,0,0,0,0,0,0,0,0,8,0,,67,11,2023,3,40.123541,-75.015353,1533,6,0,0,0,0,0,0,0,0,,0,0,0,,,1,,1,,40 07:24.748,,0,75 00:55.269,3,0,0,0,67301,1,0,0,N,1,0,0,2,67301,0,,1,,9,N,N,N,0,,1,0,0,,2,,,2,1,0,0,0,0,0,2,0,1,07,,,N,,,,,,,,,,,1,0,0,0,0,0,0,0,0,0,0,0,0,0,0,0,0,0,0,0,0,0,0,0,0,0,0,0,0,0,0,0,0,0,0,0,0,0,0,0,0,0,0,0,0,0,0,0,0,0,0,0,0,0,0,0,0,0,1,1,1,0,0,0,1,0,0,1,0,0,0,0,0,0,0,0,0,0,0,0,0,1,0,0,0,0,0,0,0,0,0,0,0,0,0,0,0,0,0,1,1,0,0,0,0,0,1,0,0,1,0,0,0,0,0,0,0,0,0,0,0,1,0,0,1,0,1,0,0
-8365289.01344972,4867204.0154723,28459,2023106023,0818,1,0,0,0,0,0,0,0,0,4,0,,67,11,2023,2,40.008674,-75.146668,0815,6,0,0,0,0,0,1,0,0,,0,0,0,,,1,,2,,40 00:31.227,,0,75 08:48.005,3,0,0,0,67301,0,0,0,N,0,0,0,1,67301,0,,1,,1,N,N,N,0,,1,0,1,,0,,,2,1,0,0,0,0,0,2,0,2,03,03,,N,,,,,,,,,,,0,0,1,0,0,0,0,0,0,0,0,0,0,0,0,0,0,0,0,0,0,0,0,0,1,0,0,0,0,0,0,0,0,0,0,0,0,0,0,0,0,0,1,0,0,0,0,0,0,0,0,0,0,0,0,0,0,0,1,1,1,0,0,0,1,0,0,1,0,0,0,0,0,0,1,0,0,0,0,0,0,0,0,0,0,0,0,0,0,0,0,0,0,0,0,0,0,0,0,0,0,0,0,0,0,0,1,0,0,1,0,0,0,0,0,0,0,0,0,0,1,1,0,1,0,0,0,0,0
-8374448.16112057,4859980.11358057,28460,2023110745,0504,1,0,0,0,0,0,0,0,0,4,0,,67,12,2023,1,39.958951,-75.228946,0504,6,0,0,0,0,0,1,0,0,,0,0,0,,,1,,2,,39 57:32.224,,99,75 13:44.207,3,0,0,0,67301,0,0,0,N,0,0,0,2,67301,0,,1,,9,N,N,N,0,,1,0,1,,2,,,2,1,0,0,0,0,0,2,0,2,07,07,,N,,,,,,,,,,,0,0,1,0,0,0,0,0,0,0,0,0,0,0,0,0,0,0,0,0,0,0,0,0,1,0,0,0,0,0,0,0,0,0,0,0,0,0,0,0,0,0,0,0,0,0,0,0,0,0,0,0,0,0,0,1,0,0,1,1,1,0,0,0,0,0,0,1,0,0,0,0,0,0,1,0,0,0,0,0,0,0,0,0,0,0,0,0,0,0,0,0,0,0,0,0,0,0,0,1,0,0,0,0,0,0,1,0,0,1,0,0,0,0,0,0,0,0,0,0,0,1,0,1,0,0,1,0,0
-8362877.94356981,4861894.43081142,28461,2023085374,1700,1,0,0,0,0,0,0,0,0,5,0,,67,9,2023,3,39.972131,-75.125009,1700,6,0,0,0,0,0,0,0,1,,0,0,0,,,1,N,0,,39 58:19.672,,0,75 07:30.033,3,0,0,0,67301,0,0,0,N,0,0,0,2,67301,0,,1,,99,N,N,N,0,,1,0,1,,0,,,2,1,0,0,0,0,0,2,0,2,99,,,N,,,,,,,,,,,0,0,0,0,0,0,0,0,0,0,0,0,0,0,0,0,0,0,0,0,0,0,0,0,0,0,1,0,0,0,0,0,0,0,0,0,0,0,0,0,0,0,0,0,0,0,0,0,0,0,0,0,0,0,0,0,0,0,1,1,0,0,0,0,0,0,0,0,0,0,0,1,0,0,1,0,1,0,0,0,0,0,0,0,0,0,0,0,0,0,0,0,0,0,0,0,0,0,0,0,0,0,0,0,0,0,1,0,0,1,0,0,0,0,0,0,0,0,0,0,0,1,0,1,0,0,0,0,0
-8362737.56981354,4863328.66712678,28462,2023109401,0915,1,0,0,0,0,0,0,0,0,1,0,,67,12,2023,6,39.982004,-75.123748,0908,6,0,0,0,0,0,0,0,0,,0,0,0,,,0,Y,0,,39 58:55.216,,0,75 07:25.491,9,0,0,0,67301,0,0,0,N,0,0,0,1,67301,0,,4,,1,N,N,N,0,,0,0,1,,0,,,2,0,0,0,0,0,1,2,0,2,03,03,,N,,,,,,,,,,,0,0,0,0,0,0,0,0,0,0,0,0,0,0,0,0,0,0,0,0,0,0,0,0,0,0,0,0,0,0,0,0,0,0,0,0,0,0,0,0,0,0,1,0,0,1,0,0,0,0,0,0,0,0,0,0,0,0,0,0,0,0,0,1,0,0,0,1,1,0,0,0,0,0,1,0,1,0,0,0,0,0,0,0,0,0,0,0,0,1,0,0,0,0,0,0,0,0,0,0,0,0,0,0,0,0,0,0,0,0,0,1,0,0,0,0,0,0,0,0,0,1,0,1,0,0,0,0,0
-8367032.8333927,4856828.97656531,28463,2023106766,2044,1,0,0,0,0,0,0,0,0,8,0,,67,11,2023,2,39.93725,-75.162333,2044,6,0,0,0,0,0,0,0,0,,0,0,0,,,1,N,0,,39 56:14.100,,7,75 09:44.400,8,0,0,0,67301,1,0,0,N,1,0,0,2,67301,0,,1,,1,N,N,N,0,,0,0,0,,0,,,2,1,0,0,0,1,0,2,0,1,03,,,N,,,,,,,,,,,1,0,0,0,0,0,0,0,0,0,0,0,0,0,0,0,0,0,0,0,0,0,0,0,0,0,0,0,0,0,0,0,0,0,0,0,0,0,0,0,0,0,0,0,0,0,0,0,0,0,0,0,0,0,0,0,0,0,1,1,0,0,0,0,1,0,0,1,1,0,0,0,0,0,0,0,1,0,0,0,0,1,0,0,0,0,0,0,0,0,0,0,0,0,0,0,0,0,0,0,1,0,0,0,0,0,0,0,0,0,0,0,0,0,0,0,0,0,0,0,0,1,0,0,1,0,0,0,0
-8366809.97172421,4856060.40226992,28464,2023078556,1320,2,0,0,0,0,0,0,0,0,4,0,,67,9,2023,2,39.931956,-75.160331,1306,6,0,0,0,0,0,1,1,0,,0,0,0,,,0,N,0,,39 55:55.040,,7,75 09:37.190,9,0,0,0,67301,0,0,0,N,0,0,0,2,67301,0,,1,,1,N,N,N,0,,0,0,0,,0,,,2,0,0,0,0,0,1,2,0,2,03,,,N,,,,,,,,,,,1,0,1,0,0,0,0,0,0,0,0,0,0,0,0,0,0,0,0,0,0,0,0,0,1,1,0,0,0,0,0,0,0,0,0,0,0,0,0,0,0,0,0,0,0,0,0,0,0,0,0,0,0,0,0,0,0,0,0,0,0,0,0,0,1,0,0,1,1,0,0,1,0,0,1,0,1,1,0,0,0,0,0,0,0,0,0,0,0,0,0,0,0,0,0,0,0,0,0,0,0,0,0,0,0,0,0,0,0,0,0,0,0,0,0,0,0,0,0,0,0,1,0,1,0,0,0,0,0
-8347677.04039969,4876882.57858009,28465,2023100947,1802,1,0,0,0,0,0,0,0,0,4,0,,67,11,2023,2,40.075236,-74.988457,1756,6,0,0,0,0,0,1,0,0,,0,0,0,,,1,,1,,40 04:30.850,,0,74 59:18.444,3,0,0,0,67301,0,0,0,N,0,0,0,2,67301,0,,1,,1,N,N,N,0,,1,0,1,,0,,,2,1,0,0,0,0,0,2,0,2,03,03,,N,,,,,,,,,,,1,0,1,0,0,0,0,0,0,0,0,0,0,0,0,0,0,0,0,0,0,0,0,0,1,0,0,0,0,0,0,0,0,0,0,0,0,0,0,0,0,0,0,0,0,0,0,0,0,0,0,0,0,0,0,1,0,0,1,1,1,0,0,0,1,0,0,1,1,0,0,0,0,0,1,0,0,0,0,0,0,0,0,0,0,0,0,0,0,0,0,0,0,0,0,0,0,0,0,0,0,0,0,0,0,0,0,0,0,1,0,0,0,0,0,0,0,0,0,0,1,1,0,1,0,0,0,0,0
-8366528.77891743,4862936.85707886,28466,2023106246,1618,0,0,0,0,0,0,0,0,0,1,0,,67,11,2023,4,39.979307,-75.157805,1615,6,0,0,0,0,0,0,1,0,,0,0,0,,,1,N,0,,39 58:45.505,2,0,75 09:28.098,8,0,0,0,67301,0,0,0,N,0,0,0,3,67505,0,,1,1645,1,N,N,N,0,,0,0,2,,0,Y,,2,1,2,0,0,1,0,2,0,2,03,04,,N,,,,,,,,,,,1,0,0,0,0,0,0,0,0,0,0,0,0,0,0,0,0,0,0,0,0,0,0,0,0,1,0,0,0,0,0,0,0,0,0,0,0,0,0,0,0,0,0,0,0,0,0,0,0,0,0,0,0,0,0,0,0,0,1,1,0,0,0,0,0,0,0,0,0,0,0,1,0,0,1,0,1,0,0,0,0,0,0,0,0,0,0,0,0,1,0,0,0,0,0,0,0,0,0,0,0,0,0,0,1,0,1,0,0,0,0,0,0,0,0,0,0,1,0,0,0,1,0,1,0,0,0,0,0
-8375878.83984685,4862418.97077978,28467,2023110748,1625,1,0,0,0,0,0,0,0,0,4,0,,67,12,2023,2,39.975742,-75.241798,1625,6,0,0,0,0,0,0,0,0,,0,0,0,,,0,,1,,39 58:32.671,,0,75 14:30.472,0,0,0,0,67301,0,0,0,N,0,0,0,2,67301,0,,1,,1,N,N,N,0,,0,0,0,,2,,,2,0,0,0,0,0,0,2,1,2,03,03,,N,,,,,,,,,,,1,0,1,0,0,0,0,0,0,0,0,0,0,0,0,0,0,0,0,0,0,0,0,0,0,0,0,0,0,0,0,0,0,0,0,0,0,0,0,0,0,0,0,0,0,0,0,0,0,0,0,0,0,0,0,0,0,0,0,0,1,0,0,0,0,0,0,1,1,0,0,0,0,0,1,0,0,0,0,0,0,0,0,0,1,0,0,0,0,0,0,0,0,0,0,0,0,0,0,1,0,0,0,0,0,0,0,0,0,0,0,0,0,0,0,0,0,0,0,0,0,1,0,1,0,0,0,0,0
-8367690.84313323,4856943.52736556,28468,2023104243,2016,1,0,0,1,0,0,0,0,0,8,0,,67,11,2023,4,39.938039,-75.168244,2016,6,0,0,0,0,0,0,0,0,,0,0,0,,,1,N,0,,39 56:16.940,,0,75 10:05.680,8,0,0,0,67301,1,0,0,N,0,0,0,3,67301,0,,1,,1,N,N,N,0,,0,0,1,,0,,,3,1,0,0,0,1,0,2,0,2,03,,,N,,,,,,,,,,,0,0,0,0,0,0,0,0,1,0,0,0,0,0,0,0,0,0,0,0,0,0,0,0,0,0,0,0,0,0,0,0,0,0,0,0,0,0,0,0,0,0,0,0,0,0,0,0,0,0,0,0,0,0,0,1,0,0,1,1,0,0,0,0,0,0,0,1,1,0,0,0,0,0,1,0,1,0,0,0,0,0,0,0,0,0,0,0,0,0,0,0,0,0,0,0,0,0,0,0,0,0,0,0,0,0,0,0,0,0,0,0,0,0,0,0,0,0,0,0,0,1,0,0,1,0,0,0,0
-8362130.3219701,4868077.08614661,28469,2023102121,1610,2,0,0,0,0,0,0,0,0,1,0,,67,11,2023,1,40.014681,-75.118293,1605,6,0,0,0,0,0,0,0,0,,0,0,0,,,2,N,0,,40 00:52.851,,0,75 07:05.853,4,0,0,0,67301,0,0,0,N,0,0,0,4,67301,2,,1,,1,N,N,N,0,,0,0,0,,0,,,2,2,2,0,0,0,0,2,0,2,03,03,,N,,,,,,,,,,,1,0,0,0,0,0,0,0,0,0,1,0,0,0,0,0,0,0,0,0,0,0,0,0,0,0,0,0,0,0,0,0,0,0,0,0,0,0,0,0,0,0,0,0,0,0,0,0,0,0,0,0,0,0,0,0,0,0,1,1,0,0,0,0,0,0,0,0,0,0,0,0,0,0,1,0,1,0,0,0,0,0,0,1,0,0,0,0,0,1,0,0,0,0,0,0,0,0,0,0,0,0,0,0,0,0,1,0,0,0,0,0,0,0,0,0,0,1,0,0,0,1,0,1,0,0,0,0,0
-8358147.97773346,4877536.81308277,28470,2023106767,0042,3,0,0,0,0,0,0,0,0,2,0,,67,11,2023,5,40.079733,-75.082519,0035,6,0,0,0,0,0,0,0,0,,0,0,0,,,0,N,0,,40 04:47.040,1,0,75 04:57.070,9,0,0,0,67301,0,0,0,N,0,0,0,1,67301,0,,6,300,1,N,N,N,0,,0,0,0,,0,N,,3,0,0,0,0,0,1,2,0,3,03,03,,N,,,,,,,,,,,0,0,0,0,0,0,0,0,0,0,0,0,0,0,0,0,0,0,0,0,0,0,0,0,0,0,0,0,0,0,0,0,0,0,0,0,0,0,0,0,0,0,1,0,0,1,0,0,0,0,0,1,0,0,0,1,0,0,0,0,0,0,0,0,0,0,0,1,1,0,0,0,0,0,1,0,1,0,0,0,0,0,0,0,0,0,0,0,0,0,0,0,0,0,0,0,0,0,0,0,0,0,0,0,0,0,0,0,0,0,0,0,0,0,0,0,0,0,0,0,0,1,0,1,0,0,0,0,0
-8368789.12203128,4868028.97555425,28471,2023101668,1919,2,0,0,0,0,0,0,0,0,4,0,,67,11,2023,1,40.01435,-75.17811,1919,6,0,0,0,0,0,0,0,0,,0,0,0,,,0,,1,,40 00:51.660,,0,75 10:41.196,0,0,0,0,67301,0,0,0,N,0,0,0,2,67301,0,,1,,1,N,N,N,0,,0,0,0,,2,,,2,0,2,0,0,0,0,2,0,2,03,,,N,,,,,,,,,,,1,0,1,0,0,0,0,0,0,0,0,0,0,0,0,0,0,0,0,0,0,0,0,0,0,0,0,0,0,0,0,0,0,0,0,0,0,0,0,0,0,0,0,0,0,0,0,0,0,0,0,0,0,0,0,0,0,0,0,0,1,0,0,0,1,0,0,1,1,0,0,0,0,0,1,0,0,0,0,0,0,0,0,0,1,0,0,0,0,0,0,0,0,0,0,0,0,0,0,1,0,0,0,0,0,0,0,0,0,0,0,0,0,0,0,0,0,1,0,0,0,1,0,1,0,0,0,0,0