X,Y,objectid,crn,arrival_tm,automobile_count,belted_death_count,belted_susp_serious_inj_count,bicycle_count,bicycle_death_count,bicycle_susp_serious_inj_count,bus_count,chldpas_death_count,chldpas_susp_serious_inj_count,collision_type,comm_veh_count,cons_zone_spd_lim,county,crash_month,crash_year,day_of_week,dec_latitude,dec_longitude,dispatch_tm,district,driver_count_16yr,driver_count_17yr,driver_count_18yr,driver_count_19yr,driver_count_20yr,driver_count_50_64yr,driver_count_65_74yr,driver_count_75plus,est_hrs_closed,fatal_count,heavy_truck_count,horse_buggy_count,hour_of_day,illumination,injury_count,intersection_related_x,intersect_type,lane_closed,latitude,ln_close_dir,location_type,longitude,max_severity_level,mcycle_death_count,mcycle_susp_serious_inj_count,motorcycle_count,municipality,nonmotr_count,nonmotr_death_count,nonmotr_susp_serious_inj_count,ntfy_hiwy_maint,ped_count,ped_death_count,ped_susp_serious_inj_count,person_count,police_agcy,possible_inj_count,rdwy_surf_type_cd,relation_to_road,roadway_cleared,road_condition,sch_bus_ind,sch_zone_ind,secondary_crash,small_truck_count,spec_juris_cd,susp_minor_inj_count,susp_serious_inj_count,suv_count,tcd_func_cd,tcd_type,tfc_detour_ind,time_of_day,total_units,tot_inj_count,unbelted_occ_count,unb_death_count,unb_susp_serious_inj_count,unk_inj_deg_count,unk_inj_per_count,urban_rural,van_count,vehicle_count,weather1,weather2,workers_pres,work_zone_ind,work_zone_loc,work_zone_type,wz_close_detour,wz_flagger,wz_law_offcr_ind,wz_ln_closure,wz_moving,wz_other,wz_shlder_mdn,wz_workers_inj_killed,aggressive_driving,alcohol_related,angle_crash,atv,atv_route,backup_congestion,backup_nonrecurring,backup_prior,bicycle,cell_phone,child_passenger,comm_vehicle,core_network,cross_median,curved_road,curve_dvr_error,deer_related,distracted,drinking_driver,driver_16yr,driver_17yr,driver_18yr,driver_19yr,driver_20yr,driver_50_64yr,driver_65_74yr,driver_75plus,drugged_driver,drug_related,fatal,fatal_or_susp_serious_inj,fatigue_asleep,federal_aid_route,fire_in_vehicle,hazardous_truck,hit_barrier,hit_bridge,hit_deer,hit_embankment,hit_fixed_object,hit_gdrail,hit_gdrail_end,hit_parked_vehicle,hit_pole,hit_roadway_equipment,hit_run,hit_temp_construction_barrier,hit_traffic_island,hit_tree_shrub,hit_utility_pole,horse_buggy,ho_oppdir_sdswp,hvy_truck_related,icy_road,illegal_drug_related,illumination_dark,impaired_driver,impaired_nonmotorist,injury,injury_or_fatal,intersection,intersection_related_y,interstate,lane_departure,left_turn,limit_65mph,limit_70mph,local_road,local_road_only,marijuana_drugged_driver,marijuana_related,mature_driver,mc_drinking_driver,motorcycle,multiple_vehicle,nhtsa_agg_driving,non_intersection,no_clearance,opioid_related,other_freeway_expressway,overturned,pedestrian,phantom_vehicle,possible_injury,property_damage_only,psp_reported,ramp,ramp_segment,ramp_terminal,rear_end,roundabout,running_red_lt,running_stop_sign,rural,school_bus,school_bus_related,school_bus_unit,school_zone,shldr_related,signalized_int,single_vehicle,snowmobile,snow_slush_road,speeding,speeding_related,speed_change_lane,state_road,stop_controlled_int,sudden_deer,suspected_minor_injury,suspected_serious_injury,sv_run_off_rd,tailgating,train,train_trolley,trolley,turnpike,unbelted,underage_drnk_drv,unlicensed,unsignalized_int,urban,vehicle_failure,vehicle_towed,vulnerable_road_user,vulnerable_road_user_fatal,wet_road,work_zone,young_driver
-8365368.38421767,4865831.12332142,28778,2023080505,1516,1,0,0,0,0,0,0,0,0,4,0,,67,9,2023,1,39.999227,-75.147381,1514,6,0,0,0,1,0,0,0,0,,0,0,0,,,2,,5,,39 59:57.217,,0,75 08:50.570,3,0,0,0,67301,0,0,0,N,0,0,0,3,67301,0,,1,,1,N,N,N,0,,2,0,1,,2,,,2,2,0,0,0,0,0,2,0,2,04,04,,N,,,,,,,,,,,1,0,1,0,0,0,0,0,0,0,0,0,0,0,0,0,0,0,0,0,0,0,1,0,0,0,0,0,0,0,0,0,0,0,0,0,0,0,0,0,0,0,0,0,0,0,0,0,0,0,0,0,0,0,0,0,0,0,1,1,1,0,0,0,0,0,0,1,1,0,0,0,0,0,1,0,0,0,0,0,0,0,0,0,0,0,0,0,0,0,0,1,0,0,0,0,0,0,0,1,0,0,0,0,0,0,0,0,0,1,0,0,0,0,0,0,0,0,0,0,0,1,0,1,0,0,0,0,1
-8372437.50777725,4859873.22504653,28779,2023096532,0905,2,0,0,0,0,0,0,0,0,1,0,,67,10,2023,4,39.958215,-75.210884,0905,6,0,0,0,0,0,0,0,0,,0,0,0,,,1,N,0,,39 57:29.575,3,0,75 12:39.181,3,0,0,0,67301,0,0,0,N,0,0,0,1,67301,0,,1,1000,1,N,N,N,0,,1,0,0,,0,N,,2,1,0,0,0,0,0,2,0,2,03,04,,N,,,,,,,,,,,0,0,0,0,0,0,0,0,0,0,0,0,0,0,0,0,0,0,0,0,0,0,0,0,0,0,0,0,0,0,0,0,0,0,0,0,0,0,0,0,0,0,0,0,0,1,0,0,0,0,0,0,0,0,0,0,0,0,1,1,0,0,0,0,0,0,0,0,0,0,0,0,0,0,1,0,1,0,0,0,0,0,0,0,0,0,0,0,0,1,0,0,0,0,0,0,0,0,0,0,0,0,0,0,0,0,1,0,0,1,0,0,0,0,0,0,0,0,0,0,0,1,0,0,0,0,0,0,0
-8354307.11981911,4870761.02036643,28780,2023072691,1812,1,0,0,0,0,0,0,0,0,4,0,,67,8,2023,2,40.033144,-75.048016,1805,6,0,0,0,0,0,0,0,0,,0,0,0,,,1,N,0,,40 01:59.317,,7,75 02:52.859,2,0,1,1,67301,0,0,0,N,0,0,0,2,67301,0,,1,,1,N,N,N,0,,0,1,0,,0,,,2,1,0,0,0,0,1,2,0,2,03,,,N,,,,,,,,,,,0,0,1,0,0,0,0,0,0,0,0,0,0,0,0,0,0,0,0,0,0,0,0,0,0,0,0,0,0,0,1,0,0,0,0,0,0,0,0,0,0,0,0,0,0,1,0,0,0,0,0,0,0,0,0,0,0,0,1,1,0,0,0,0,0,0,0,0,0,0,0,0,0,1,1,0,1,0,0,0,0,0,0,0,0,0,0,0,0,0,0,0,0,0,0,0,0,0,0,0,0,0,0,0,0,0,1,0,0,0,1,0,0,0,0,0,0,0,0,0,0,1,0,1,0,0,0,0,0
-8365791.28717099,4867255.31918555,28781,2023073000,2242,1,0,0,0,0,0,0,0,0,7,0,,67,8,2023,2,40.009027,-75.15118,2242,6,0,0,1,0,0,0,0,0,,0,0,0,,,0,N,0,,40 00:32.498,,0,75 09:04.249,0,0,0,0,67301,0,0,0,N,0,0,0,4,67301,0,,4,,1,N,N,N,0,,0,0,0,,0,,,2,0,0,0,0,0,0,2,0,1,03,03,,N,,,,,,,,,,,1,0,0,0,0,0,0,0,0,0,0,0,0,0,0,0,0,0,0,0,0,1,0,0,0,0,0,0,0,0,0,0,0,0,0,0,0,0,0,1,0,0,0,1,0,0,0,0,0,1,0,0,0,0,0,1,0,0,0,0,0,0,0,1,0,0,0,0,0,0,0,0,0,0,0,0,1,0,0,0,0,0,1,0,1,0,0,0,0,0,0,0,0,0,0,0,0,0,0,0,1,0,0,0,0,0,1,0,0,0,0,1,0,0,0,0,0,0,0,0,0,1,0,1,0,0,0,0,1
-8376510.1321166,4847929.11814665,28782,2023096534,1240,1,0,0,0,0,0,1,0,0,5,1,,67,10,2023,5,39.875922,-75.247469,1224,6,0,0,0,0,0,1,0,0,,0,0,0,,,3,N,0,,39 52:33.320,,0,75 14:50.890,8,0,0,0,67301,0,0,0,N,0,0,0,5,67301,0,,1,,1,N,N,N,0,,0,0,0,,0,,,2,3,0,0,0,3,1,2,0,2,03,03,,N,,,,,,,,,,,1,0,0,0,0,0,0,0,0,0,0,1,0,0,0,0,0,0,0,0,0,0,0,0,1,0,0,0,0,0,0,0,0,0,0,0,0,0,0,0,0,0,0,0,0,0,0,0,0,0,0,0,0,0,0,0,0,0,1,1,0,0,0,0,0,0,0,1,1,0,0,0,0,0,1,0,1,0,0,0,0,0,0,0,0,0,0,0,0,0,0,0,0,0,0,0,0,0,0,0,0,0,0,0,0,0,0,0,0,0,0,0,0,0,0,0,0,0,0,0,0,1,0,0,0,0,0,0,0
-8368788.67664474,4863729.49981253,28783,2023072252,1341,1,0,0,0,0,0,0,0,0,7,0,,67,8,2023,2,39.984763,-75.178106,1341,6,0,0,0,0,0,0,0,0,,0,0,0,,,0,,1,,39 59:05.148,,0,75 10:41.180,0,0,0,0,67301,0,0,0,N,0,0,0,1,67301,0,,5,,1,N,N,N,0,,0,0,0,,2,,,1,0,1,0,0,0,0,2,0,1,03,03,,N,,,,,,,,,,,0,0,0,0,0,0,0,0,0,0,0,0,0,0,0,0,0,0,0,0,0,0,0,0,0,0,0,0,0,0,0,0,0,0,0,0,0,0,0,1,0,0,0,0,0,1,0,0,0,0,0,0,0,0,0,0,0,0,0,0,1,0,0,0,1,0,0,1,0,0,0,0,0,0,0,0,0,0,0,0,0,0,0,0,1,0,0,0,0,0,0,0,0,0,0,0,0,0,0,1,1,0,0,0,1,0,1,0,0,0,0,1,0,0,0,0,0,1,0,0,0,1,0,1,0,0,0,0,0
-8351765.13846061,4871071.71927356,28784,2023073215,0753,1,0,0,0,0,0,0,0,0,4,0,,67,8,2023,5,40.035281,-75.025181,0752,6,0,0,0,0,0,2,0,0,,0,0,0,,,1,,1,,40 02:07.013,,0,75 01:30.652,8,0,0,0,67301,0,0,0,N,0,0,0,2,67301,0,,1,,1,N,N,N,0,,0,0,1,,2,,,2,1,0,0,0,1,0,2,0,2,03,,,N,,,,,,,,,,,0,0,1,0,0,0,0,0,0,0,0,0,0,0,0,0,0,0,0,0,0,0,0,0,1,0,0,0,0,0,0,0,0,0,0,0,0,0,0,0,0,0,0,0,0,0,0,0,0,0,0,0,0,0,0,0,0,0,1,1,1,0,0,0,1,0,0,0,0,0,0,0,0,0,1,0,0,0,0,0,0,0,0,0,0,0,0,0,0,0,0,0,0,0,0,0,0,0,0,1,0,0,0,0,0,0,1,0,0,0,0,0,0,0,0,0,0,0,0,0,0,1,0,0,0,0,0,0,0
-8366569.18777453,4862693.96303563,28785,2023071405,1503,2,0,0,0,0,0,0,0,0,5,0,,67,8,2023,1,39.977635,-75.158168,1502,6,0,0,0,0,0,0,0,0,,0,0,0,,,8,N,0,,39 58:39.485,2,0,75 09:29.403,4,0,0,0,67301,0,0,0,N,0,0,0,8,67505,8,,1,1540,1,N,N,Y,0,,0,0,1,,0,Y,,3,8,4,0,0,0,0,2,0,3,03,03,,N,,,,,,,,,,,0,0,0,0,0,0,0,0,0,0,1,0,0,0,0,0,0,0,0,0,0,0,0,0,0,0,0,0,0,0,0,0,0,0,0,0,0,0,0,0,0,0,1,0,0,0,0,0,0,0,0,0,0,0,0,0,0,0,1,1,0,0,0,0,0,0,0,0,0,0,0,0,0,0,1,0,1,0,0,0,0,0,0,1,0,0,0,0,0,0,0,0,0,0,0,0,0,0,0,0,0,0,0,0,0,0,1,0,0,0,0,0,0,0,0,0,0,1,0,0,0,1,0,1,0,0,0,0,0
-8374601.89319969,4854644.63281612,28786,2023073306,1241,1,0,0,0,0,0,0,0,0,4,0,,67,8,2023,5,39.922203,-75.230327,1240,6,0,0,0,0,0,0,1,0,,0,0,0,,,2,,1,,39 55:19.930,,0,75 13:49.176,8,0,0,0,67301,0,0,0,N,0,0,0,4,67301,0,,1,,1,N,N,N,0,,0,0,2,,2,,,3,2,0,0,0,2,0,2,0,3,03,03,,N,,,,,,,,,,,1,0,1,0,0,0,0,0,0,0,0,0,0,0,0,0,0,0,0,0,0,0,0,0,0,1,0,0,0,0,0,0,0,0,0,0,0,0,0,0,0,0,0,0,0,0,0,0,0,0,0,0,0,0,0,0,0,0,1,1,1,0,0,0,0,0,0,0,0,0,0,1,0,0,1,0,0,0,0,0,0,0,0,0,0,0,0,0,0,0,0,1,0,0,0,0,0,0,0,1,0,0,0,0,0,0,1,0,0,0,0,0,0,0,0,0,0,0,0,0,0,1,0,1,0,0,0,0,0
-8374253.35241995,4869854.13109558,28787,2023076268,1208,0,0,0,0,0,0,0,0,0,8,0,,67,8,2023,4,40.026906,-75.227196,1208,6,0,0,0,0,0,0,0,0,,0,0,0,,,1,,1,,40 01:36.861,,3,75 13:37.905,8,0,0,0,67301,1,0,0,N,1,0,0,2,67301,0,,1,,1,N,N,N,0,,0,0,1,,2,,,2,1,0,0,0,1,0,2,0,1,03,03,,N,,,,,,,,,,,0,0,0,0,0,0,0,0,0,0,0,0,0,0,0,0,0,1,0,0,0,0,0,0,0,0,0,0,0,0,0,0,0,0,0,0,0,0,0,0,0,0,0,0,0,0,0,0,0,0,0,0,0,0,0,0,0,0,1,1,1,0,0,0,1,0,0,1,1,0,0,0,0,0,0,0,0,0,0,0,0,1,0,0,0,0,0,0,0,0,0,0,0,0,0,0,0,0,0,1,1,0,0,0,0,0,0,0,0,0,0,0,0,0,0,0,0,0,0,0,0,1,0,0,1,0,0,0,0
-8373192.47716017,4864914.51406674,28788,2023074581,1450,1,0,0,0,0,0,0,0,0,4,0,,67,8,2023,3,39.992919,-75.217666,1445,6,0,0,0,0,0,2,0,0,,0,0,0,,,0,,1,,39 59:34.507,,0,75 13:03.597,0,0,0,0,67301,0,0,0,N,0,0,0,2,67301,0,,1,,1,N,N,N,0,,0,0,1,,2,,,2,0,0,0,0,0,0,2,0,2,03,03,,N,,,,,,,,,,,0,0,1,0,0,0,0,0,0,0,0,0,0,0,0,0,0,0,0,0,0,0,0,0,1,0,0,0,0,0,0,0,0,0,0,0,0,0,0,0,0,0,0,0,0,0,0,0,0,0,0,0,0,0,0,0,0,0,0,0,1,0,0,0,0,0,0,1,0,0,0,0,0,0,1,0,0,0,0,0,0,0,0,0,1,0,0,0,0,0,0,0,0,0,0,0,0,0,0,1,0,0,0,0,0,0,1,0,0,0,0,0,0,0,0,0,0,0,0,0,0,1,0,1,0,0,0,0,0
-8355542.54402193,4872816.43685146,28789,2023071609,1140,0,0,0,0,0,0,0,0,0,4,0,,67,8,2023,1,40.04728,-75.059114,1136,6,0,0,0,0,0,0,0,0,,0,0,0,,,4,N,0,,40 02:50.207,6,7,75 03:32.810,3,0,0,0,67301,0,0,0,N,0,0,0,5,67301,0,,1,1155,1,N,N,N,0,,4,0,2,,3,N,,2,4,0,0,0,0,1,2,0,2,03,03,,N,,,,,,,,,,,1,0,1,0,0,0,0,0,0,0,0,0,0,0,0,0,0,0,0,0,0,0,0,0,0,0,0,0,0,0,0,0,0,0,0,0,0,0,0,0,0,0,0,0,0,0,0,0,0,0,0,0,0,0,0,0,0,0,1,1,0,0,0,0,1,0,0,0,0,0,0,0,0,0,1,0,1,1,0,0,0,0,0,0,0,0,0,0,0,0,0,0,0,0,0,0,0,0,0,0,0,0,0,0,0,0,1,0,0,1,0,0,0,0,0,0,0,0,0,0,0,1,0,1,0,0,0,0,0
-8363139.98997208,4865689.87759424,28790,2023073440,1901,0,0,0,0,0,0,0,0,0,8,0,,67,8,2023,2,39.998255,-75.127363,1900,6,0,0,0,0,0,0,0,0,,0,0,0,,,1,,1,,39 59:53.719,,0,75 07:38.508,2,0,0,1,67301,1,0,1,N,1,0,1,2,67301,0,,1,,1,N,N,N,0,,0,1,0,,2,,,2,1,0,0,0,0,0,2,0,1,03,03,,N,,,,,,,,,,,0,0,0,0,0,0,0,0,0,0,0,0,0,0,0,0,0,0,0,0,0,0,0,0,0,0,0,0,0,0,1,0,0,0,0,0,0,0,0,0,0,0,0,0,0,0,0,0,0,0,0,0,0,0,0,0,0,0,1,1,1,0,0,0,0,0,0,1,0,0,0,0,0,1,0,0,0,0,0,0,0,1,0,0,0,0,0,0,0,0,0,0,0,0,0,0,0,0,0,1,1,0,0,0,0,0,1,0,0,0,1,0,0,0,0,0,0,0,0,0,0,1,0,0,1,0,0,0,0
-8368132.78207022,4867088.32879733,28791,2023098845,1041,1,0,0,0,0,0,0,0,0,2,0,,67,11,2023,4,40.007878,-75.172214,1039,6,0,0,0,0,1,0,0,0,,0,0,0,,,2,,1,,40 00:28.360,,6,75 10:19.971,3,0,0,0,67301,0,0,0,N,0,0,0,3,67301,0,,1,,1,N,N,N,1,,2,0,0,,2,,,2,2,0,0,0,0,0,2,0,2,03,03,,N,,,,,,,,,,,1,0,0,0,0,0,0,0,0,0,0,0,0,0,0,0,0,0,0,0,0,0,0,1,0,0,0,0,0,0,0,0,0,0,0,0,0,0,0,0,0,0,0,0,0,0,0,0,0,0,0,1,0,0,0,0,0,0,1,1,1,0,0,0,0,0,0,1,0,0,0,0,0,0,1,0,0,0,0,0,0,0,0,0,0,0,0,0,0,0,0,0,0,0,0,0,0,0,0,1,0,0,0,0,0,0,1,0,0,1,0,0,0,0,0,0,0,0,0,0,0,1,0,1,0,0,0,0,1
-8357953.83629799,4873600.56198206,28792,2023072351,1835,1,0,0,0,0,0,0,0,0,5,0,,67,8,2023,3,40.052672,-75.080775,1830,6,0,0,1,0,0,0,0,0,,0,0,0,,,2,N,0,,40 03:09.620,6,0,75 04:50.790,3,0,0,0,67301,0,0,0,N,0,0,0,2,67301,0,,6,1900,1,N,N,N,0,,2,0,1,,0,Y,,2,2,0,0,0,0,0,2,0,2,03,03,,N,,,,,,,,,,,0,0,0,0,0,0,0,0,0,0,0,0,0,0,0,0,0,0,0,0,0,1,0,0,0,0,0,0,0,0,0,0,0,0,0,0,0,0,0,0,0,0,1,0,0,0,0,0,0,0,0,0,0,0,0,0,0,0,1,1,0,0,0,0,0,0,0,1,1,0,0,0,0,0,1,0,1,0,0,0,1,0,0,0,0,0,0,0,0,0,0,0,0,0,0,0,0,0,0,0,0,0,0,0,0,0,0,0,0,1,0,0,0,0,0,0,0,0,0,0,0,1,0,1,0,0,0,0,1
-8367792.25577818,4869751.93349483,28793,2023096234,1400,0,0,0,0,0,0,1,0,0,4,1,,67,9,2023,7,40.026203,-75.169155,1330,6,0,0,0,0,0,1,0,0,,0,0,0,,,4,,1,,40 01:34.330,,0,75 10:08.958,4,0,0,0,67301,0,0,0,N,0,0,0,6,67508,4,,1,,1,N,N,Y,1,,0,0,0,,2,,,2,4,0,0,0,0,0,2,0,2,03,03,,N,,,,,,,,,,,0,0,1,0,0,0,0,0,0,0,0,1,0,0,0,0,0,0,0,0,0,0,0,0,1,0,0,0,0,0,0,0,0,0,0,0,0,0,0,0,0,0,0,0,0,0,0,0,0,0,0,0,0,0,0,0,0,0,1,1,1,0,0,0,0,0,0,1,0,0,0,0,0,0,1,0,0,0,0,0,0,0,0,1,0,0,0,0,0,0,0,0,0,0,0,0,0,0,0,1,0,0,0,0,0,0,1,0,0,0,0,0,0,0,0,0,0,0,0,0,0,1,0,0,0,0,0,0,0
-8357866.22746438,4866984.12529628,28794,2023081115,1615,0,0,0,0,0,0,0,0,0,8,0,,67,9,2023,3,40.007161,-75.079988,1615,6,0,0,0,0,0,0,0,0,,0,0,0,,,1,N,0,,40 00:25.780,,0,75 04:47.955,3,0,0,0,67301,1,0,0,N,1,0,0,2,67301,0,,1,,1,N,N,N,0,,1,0,1,,0,,,2,1,0,0,0,0,0,2,0,1,03,,,N,,,,,,,,,,,0,0,0,0,0,0,0,0,0,0,0,0,0,0,0,0,0,0,0,0,0,0,0,0,0,0,0,0,0,0,0,0,0,0,0,0,0,0,0,0,0,0,0,0,0,0,0,0,0,0,0,0,0,0,0,0,0,0,1,1,0,0,0,0,0,0,0,0,0,0,0,0,0,0,0,0,1,0,0,0,0,1,0,0,0,0,0,0,0,0,0,0,0,0,0,0,0,0,0,0,1,0,0,0,0,0,1,0,0,1,0,0,0,0,0,0,0,0,0,0,0,1,0,0,1,0,0,0,0
-8366405.10312348,4869217.70174495,28795,2023075243,1205,0,0,0,0,0,0,0,0,0,5,0,,67,8,2023,5,40.022528,-75.156694,1205,6,0,0,0,0,0,0,0,0,,0,0,0,,,1,N,0,,40 01:21.100,4,0,75 09:24.100,2,0,0,0,67301,1,0,1,N,1,0,1,1,67301,0,,6,1430,1,N,N,N,1,,0,1,1,,0,Y,,3,1,0,0,0,0,0,2,0,2,03,03,,N,,,,,,,,,,,1,0,0,0,0,0,0,0,0,0,0,0,0,0,0,0,0,0,0,0,0,0,0,0,0,0,0,0,0,0,1,0,0,0,0,0,0,0,0,0,0,0,1,0,0,0,0,0,0,0,0,0,0,0,0,0,0,0,1,1,0,0,0,0,0,0,0,1,1,0,0,0,0,0,1,0,1,0,0,0,0,1,0,0,0,0,0,0,0,0,0,0,0,0,0,0,0,0,0,0,0,0,0,0,0,0,0,0,0,0,1,0,0,0,0,0,0,0,0,0,0,1,0,1,1,0,0,0,0
-8350779.1819551,4883157.12920387,28796,2023071280,0117,0,0,0,0,0,0,0,0,0,4,0,,67,8,2023,7,40.118353,-75.016324,0111,6,0,0,0,0,0,0,0,0,,0,0,0,,,0,,2,,40 07:06.072,,0,75 00:58.766,0,0,0,0,67301,0,0,0,N,0,0,0,2,67301,0,,1,,1,N,N,N,0,,0,0,2,,3,,,2,0,0,0,0,0,0,2,0,2,03,03,,N,,,,,,,,,,,1,0,1,0,0,0,0,0,0,0,0,0,0,0,0,0,0,0,0,0,0,0,0,0,0,0,0,0,0,0,0,0,0,0,0,0,0,0,0,0,0,0,0,0,0,0,0,0,0,0,0,0,0,0,0,1,0,0,0,0,1,0,0,0,1,0,0,1,1,0,0,0,0,0,1,0,0,1,0,0,0,0,0,0,1,0,0,0,0,0,0,0,0,0,0,0,0,0,0,0,0,0,0,0,0,0,0,1,0,0,0,0,0,0,0,0,0,0,0,1,1,1,0,1,0,0,0,0,0
-8375387.8089293,4853923.25314187,28797,2023074196,1735,0,0,0,0,0,0,0,0,0,4,0,,67,8,2023,1,39.917233,-75.237387,1730,6,0,0,0,0,0,1,0,0,,0,0,0,,,0,,1,,39 55:02.039,,0,75 14:14.592,0,0,0,0,67301,0,0,0,N,0,0,0,2,67301,0,,1,,99,N,N,N,0,,0,0,1,,2,,,2,0,1,0,0,0,0,2,0,2,99,03,,N,,,,,,,,,,,0,0,1,0,0,0,0,0,0,0,0,0,0,0,0,0,0,0,0,0,0,0,0,0,1,0,0,0,0,0,0,0,0,0,0,0,0,0,0,0,0,0,0,0,0,1,0,0,0,0,0,0,0,0,0,1,0,0,0,0,1,0,0,0,0,0,0,1,0,0,0,0,0,0,1,0,0,0,0,0,0,0,0,0,1,0,0,0,0,0,0,0,0,0,0,0,0,0,0,1,0,0,0,0,0,0,1,0,0,0,0,0,0,0,0,0,0,1,0,0,0,1,0,1,0,0,0,0,0
-8354053.97925921,4873999.77442428,28798,2023073310,1339,2,0,0,0,0,0,0,0,0,5,0,,67,8,2023,5,40.055417,-75.045742,1322,6,0,0,0,0,0,0,1,0,,0,0,0,,,0,N,0,,40 03:19.500,,0,75 02:44.670,0,0,0,0,67301,0,0,0,N,0,0,0,1,67301,0,,6,,1,N,N,N,0,,0,0,1,,0,,,3,0,0,0,0,0,0,2,0,3,03,03,,N,,,,,,,,,,,0,0,0,0,0,0,0,0,0,0,0,0,0,0,0,0,0,0,0,0,0,0,0,0,0,1,0,0,0,0,0,0,0,0,0,0,0,0,0,0,0,0,1,0,0,0,0,0,0,0,0,0,0,0,0,0,0,0,0,0,0,0,0,0,0,0,0,1,1,0,0,1,0,0,1,0,1,0,0,0,0,0,0,0,1,0,0,0,0,0,0,0,0,0,0,0,0,0,0,0,0,0,0,0,0,0,0,0,0,0,0,0,0,0,0,0,0,0,0,0,0,1,0,1,0,0,0,0,0
-8374255.57845444,4861766.89450091,28799,2023072905,0538,3,0,0,0,0,0,0,0,0,4,0,,67,8,2023,4,39.971253,-75.227216,0534,6,0,0,0,0,0,1,0,0,,0,0,0,,,2,,1,,39 58:16.510,,0,75 13:37.977,3,0,0,0,67301,0,0,0,N,0,0,0,3,67301,0,,1,,9,N,N,N,0,,2,0,0,,2,,,3,2,0,0,0,0,0,2,0,3,07,07,,N,,,,,,,,,,,0,0,1,0,0,0,0,0,0,0,0,0,0,0,0,0,0,0,0,0,0,0,0,0,1,0,0,0,0,0,0,0,0,0,0,0,0,0,0,0,0,0,1,0,0,0,0,0,0,0,0,0,0,0,0,0,0,0,1,1,1,0,0,0,0,0,0,1,1,0,0,0,0,0,1,0,0,0,0,0,0,0,0,0,0,0,0,0,0,0,0,0,0,0,0,0,0,0,0,1,0,0,0,0,0,0,0,0,0,1,0,0,0,0,0,0,0,0,0,0,0,1,0,0,0,0,1,0,0
-8372518.43705427,4859441.76046534,28800,2023072003,0840,1,0,0,0,0,0,0,0,0,4,0,,67,8,2023,2,39.955244,-75.211611,0840,6,0,0,0,0,0,1,0,0,,0,0,0,,,1,,1,,39 57:18.880,,0,75 12:41.798,4,0,0,0,67301,0,0,0,N,0,0,0,3,67301,1,,1,,1,N,N,Y,0,,0,0,1,,2,,,2,1,0,0,0,0,1,2,0,2,03,,,N,,,,,,,,,,,1,0,1,0,0,0,0,0,0,0,0,0,0,0,0,0,0,0,0,0,0,0,0,0,1,0,0,0,0,0,0,0,0,0,0,0,0,0,0,0,0,0,0,0,0,0,0,0,0,0,0,0,0,0,0,0,0,0,1,1,1,0,0,0,1,0,0,1,0,0,0,0,0,0,1,0,0,0,0,0,0,0,0,1,0,0,0,0,0,0,0,0,0,0,0,0,0,0,0,1,0,0,0,0,0,0,1,0,0,0,0,0,0,0,0,0,0,0,0,0,0,1,0,0,0,0,0,0,0
-8353479.01396906,4874365.84214046,28801,2023096656,2331,0,0,0,0,0,0,0,0,0,1,0,,67,10,2023,4,40.057934,-75.040577,2321,6,0,1,0,0,0,0,0,0,,0,0,0,,,0,Y,0,,40 03:28.561,,0,75 02:26.078,9,0,0,0,67301,0,0,0,N,0,0,0,1,67301,0,,6,,1,N,N,N,0,,0,0,2,,0,,,2,0,0,0,0,0,1,2,0,2,03,03,,N,,,,,,,,,,,0,0,0,0,0,0,0,0,0,0,0,0,0,0,0,0,0,0,0,0,1,0,0,0,0,0,0,0,0,0,0,0,0,0,0,0,0,0,0,0,0,0,1,0,0,0,0,0,0,0,0,0,0,0,0,1,0,0,0,0,0,0,0,0,0,0,0,0,0,0,0,0,0,0,1,0,1,0,0,0,0,0,0,0,0,0,0,0,0,1,0,0,0,0,0,0,0,0,0,0,0,0,0,0,0,0,1,0,0,0,0,0,0,0,0,0,0,0,0,0,0,1,0,1,0,0,0,0,1
-8375038.26602094,4861691.79725672,28802,2023083068,2345,3,0,0,0,0,0,0,0,0,5,0,,67,9,2023,7,39.970736,-75.234247,2342,6,0,0,0,0,0,0,1,0,,0,0,0,,,0,N,0,,39 58:14.650,,0,75 14:03.290,9,0,0,0,67301,0,0,0,N,0,0,0,1,67301,0,,6,,1,N,N,N,0,,0,0,0,,0,,,3,0,0,0,0,0,1,2,0,3,03,03,,N,,,,,,,,,,,0,0,0,0,0,0,0,0,0,0,0,0,0,0,0,0,0,0,0,0,0,0,0,0,0,1,0,0,0,0,0,0,0,0,0,0,0,0,0,0,0,0,1,0,0,1,0,0,0,0,0,0,0,0,0,1,0,0,0,0,0,0,0,0,0,0,0,1,1,0,0,1,0,0,1,0,1,0,0,0,0,0,0,0,0,0,0,0,0,0,0,0,0,0,0,0,0,0,0,0,0,0,0,0,0,0,0,0,0,0,0,0,0,0,0,0,0,0,0,0,0,1,0,1,0,0,0,0,0
-8367873.18437239,4854779.48032322,28803,2023072237,0033,0,0,0,0,0,0,0,0,0,0,0,,67,8,2023,1,39.923132,-75.169882,0033,6,0,0,0,0,0,0,0,0,,0,0,0,,,1,,1,,39 55:23.275,,0,75 10:11.576,3,0,0,1,67301,0,0,0,N,0,0,0,1,67301,0,,1,,1,N,N,N,0,,1,0,0,,2,,,2,1,0,0,0,0,0,2,0,1,03,03,,N,,,,,,,,,,,1,0,0,0,0,0,0,0,0,0,0,0,0,0,0,0,0,0,0,0,0,0,0,0,0,0,0,0,0,0,0,0,0,0,0,0,0,0,0,0,0,0,0,0,0,0,0,0,0,0,0,0,0,0,0,1,0,0,1,1,1,0,0,0,1,0,0,1,0,0,0,0,0,1,0,0,0,0,0,0,0,0,1,0,0,0,0,0,0,0,0,0,0,0,0,0,0,0,0,1,1,0,0,0,0,0,1,0,0,1,0,1,0,0,0,0,0,0,0,0,0,1,0,0,0,0,0,0,0