X,Y,objectid,crn,arrival_tm,automobile_count,belted_death_count,belted_susp_serious_inj_count,bicycle_count,bicycle_death_count,bicycle_susp_serious_inj_count,bus_count,chldpas_death_count,chldpas_susp_serious_inj_count,collision_type,comm_veh_count,cons_zone_spd_lim,county,crash_month,crash_year,day_of_week,dec_latitude,dec_longitude,dispatch_tm,district,driver_count_16yr,driver_count_17yr,driver_count_18yr,driver_count_19yr,driver_count_20yr,driver_count_50_64yr,driver_count_65_74yr,driver_count_75plus,est_hrs_closed,fatal_count,heavy_truck_count,horse_buggy_count,hour_of_day,illumination,injury_count,intersection_related_x,intersect_type,lane_closed,latitude,ln_close_dir,location_type,longitude,max_severity_level,mcycle_death_count,mcycle_susp_serious_inj_count,motorcycle_count,municipality,nonmotr_count,nonmotr_death_count,nonmotr_susp_serious_inj_count,ntfy_hiwy_maint,ped_count,ped_death_count,ped_susp_serious_inj_count,person_count,police_agcy,possible_inj_count,rdwy_surf_type_cd,relation_to_road,roadway_cleared,road_condition,sch_bus_ind,sch_zone_ind,secondary_crash,small_truck_count,spec_juris_cd,susp_minor_inj_count,susp_serious_inj_count,suv_count,tcd_func_cd,tcd_type,tfc_detour_ind,time_of_day,total_units,tot_inj_count,unbelted_occ_count,unb_death_count,unb_susp_serious_inj_count,unk_inj_deg_count,unk_inj_per_count,urban_rural,van_count,vehicle_count,weather1,weather2,workers_pres,work_zone_ind,work_zone_loc,work_zone_type,wz_close_detour,wz_flagger,wz_law_offcr_ind,wz_ln_closure,wz_moving,wz_other,wz_shlder_mdn,wz_workers_inj_killed,aggressive_driving,alcohol_related,angle_crash,atv,atv_route,backup_congestion,backup_nonrecurring,backup_prior,bicycle,cell_phone,child_passenger,comm_vehicle,core_network,cross_median,curved_road,curve_dvr_error,deer_related,distracted,drinking_driver,driver_16yr,driver_17yr,driver_18yr,driver_19yr,driver_20yr,driver_50_64yr,driver_65_74yr,driver_75plus,drugged_driver,drug_related,fatal,fatal_or_susp_serious_inj,fatigue_asleep,federal_aid_route,fire_in_vehicle,hazardous_truck,hit_barrier,hit_bridge,hit_deer,hit_embankment,hit_fixed_object,hit_gdrail,hit_gdrail_end,hit_parked_vehicle,hit_pole,hit_roadway_equipment,hit_run,hit_temp_construction_barrier,hit_traffic_island,hit_tree_shrub,hit_utility_pole,horse_buggy,ho_oppdir_sdswp,hvy_truck_related,icy_road,illegal_drug_related,illumination_dark,impaired_driver,impaired_nonmotorist,injury,injury_or_fatal,intersection,intersection_related_y,interstate,lane_departure,left_turn,limit_65mph,limit_70mph,local_road,local_road_only,marijuana_drugged_driver,marijuana_related,mature_driver,mc_drinking_driver,motorcycle,multiple_vehicle,nhtsa_agg_driving,non_intersection,no_clearance,opioid_related,other_freeway_expressway,overturned,pedestrian,phantom_vehicle,possible_injury,property_damage_only,psp_reported,ramp,ramp_segment,ramp_terminal,rear_end,roundabout,running_red_lt,running_stop_sign,rural,school_bus,school_bus_related,school_bus_unit,school_zone,shldr_related,signalized_int,single_vehicle,snowmobile,snow_slush_road,speeding,speeding_related,speed_change_lane,state_road,stop_controlled_int,sudden_deer,suspected_minor_injury,suspected_serious_injury,sv_run_off_rd,tailgating,train,train_trolley,trolley,turnpike,unbelted,underage_drnk_drv,unlicensed,unsignalized_int,urban,vehicle_failure,vehicle_towed,vulnerable_road_user,vulnerable_road_user_fatal,wet_road,work_zone,young_driver
-8358541.38069287,4873351.15335598,30599,2024015323,2200,0,0,0,0,0,0,0,0,0,8,0,,67,1,2024,1,40.050957,-75.086053,2153,6,0,0,0,0,0,0,0,0,,1,0,0,,,0,,5,,40 03:03.445,,0,75 05:09.789,1,0,0,0,67301,1,1,0,N,1,1,0,2,67301,0,2,1,,9,N,N,N,0,0,0,0,0,,0,,,2,0,0,0,0,0,0,2,0,1,03,,,N,,,,,,,,,,,0,1,0,0,0,0,0,0,0,0,0,0,0,0,1,0,0,0,0,0,0,0,0,0,0,0,0,0,0,1,1,0,0,0,0,0,0,0,0,0,0,0,0,0,0,1,0,0,0,0,0,0,0,0,0,1,0,1,0,1,1,0,0,0,0,0,0,1,0,0,0,0,0,0,0,0,0,0,0,0,0,1,0,0,0,0,0,0,0,0,0,0,0,0,0,0,0,0,0,0,1,0,0,0,0,0,1,0,0,0,0,0,0,0,0,0,0,0,0,0,1,1,0,0,1,1,1,0,0
-8359120.68706725,4864624.6408487,30600,2024015550,2034,2,0,0,0,0,0,0,0,0,2,0,,67,2,2024,3,39.990924,-75.091257,2034,6,0,0,0,0,0,1,0,0,,0,0,0,,,0,N,0,,39 59:27.326,,0,75 05:28.526,0,0,0,0,67301,0,0,0,N,0,0,0,3,67301,0,,1,,1,N,N,N,0,,0,0,1,,9,,,3,0,3,0,0,0,0,2,0,3,03,03,,N,,,,,,,,,,,0,0,0,0,0,0,0,0,0,0,0,0,0,0,0,0,0,0,0,0,0,0,0,0,1,0,0,0,0,0,0,0,0,0,0,0,0,0,0,0,0,0,0,0,0,0,0,0,0,0,0,1,0,0,0,1,0,0,0,0,0,0,0,0,0,0,0,0,0,0,0,0,0,0,1,0,1,0,0,0,0,0,0,0,1,0,0,0,0,0,0,0,0,0,0,0,0,0,0,0,0,0,0,0,0,0,1,0,0,0,0,0,0,0,0,0,0,1,0,0,0,1,0,1,0,0,0,0,0
-8358202.41248807,4866996.62379233,30601,2024015908,1541,0,0,0,0,0,0,0,0,0,7,1,,67,1,2024,3,40.007247,-75.083008,1528,6,0,0,0,0,0,0,0,0,,0,1,0,,,0,N,0,,40 00:26.090,6,1,75 04:58.830,0,0,0,0,67301,0,0,0,N,0,0,0,2,67301,0,,1,1820,9,N,N,N,0,,0,0,0,,0,Y,,1,0,0,0,0,0,0,2,0,1,07,,,N,,,,,,,,,,,1,0,0,0,0,0,0,0,0,0,0,1,0,0,0,0,0,0,0,0,0,0,0,0,0,0,0,0,0,0,0,0,0,0,0,0,1,0,0,1,0,0,0,0,0,0,0,0,0,0,0,0,1,0,0,0,0,0,0,0,0,0,0,0,0,0,0,1,1,0,0,0,0,0,0,0,1,0,0,0,0,0,0,0,1,0,0,0,0,0,0,0,0,0,0,0,0,0,0,0,1,0,0,0,0,0,0,0,0,0,0,1,0,0,0,0,0,0,0,0,0,1,0,1,0,0,1,0,0
-8361235.86948969,4864920.03600262,30602,2024014612,0107,1,0,0,0,0,0,1,0,0,4,1,,67,1,2024,7,39.992957,-75.110258,0107,6,0,0,0,0,0,1,0,0,,1,0,0,,,0,,1,,39 59:34.645,7,0,75 06:36.928,1,0,0,0,67301,0,0,0,N,0,0,0,4,67301,0,2,1,240,2,N,N,N,0,0,0,0,0,,2,Y,,2,0,1,1,0,0,0,2,0,2,03,03,,N,,,,,,,,,,,1,0,1,0,0,0,0,0,0,0,0,1,0,0,0,0,0,0,0,0,0,0,0,0,1,0,0,0,0,1,1,0,0,0,0,0,0,0,0,0,0,0,0,0,0,0,0,0,0,0,0,0,0,1,0,1,0,0,0,1,1,0,0,0,0,0,0,0,0,0,0,0,0,0,1,1,0,0,0,0,0,0,0,0,0,0,0,0,0,0,0,1,0,0,0,0,0,0,0,1,0,0,0,1,1,0,1,0,0,0,0,0,0,0,0,0,0,1,0,0,0,1,0,1,0,0,0,0,0
-8365704.68002078,4853225.14726636,30603,2024016722,2100,1,0,0,0,0,0,0,0,0,1,1,,67,2,2024,7,39.912423,-75.150402,2100,6,0,0,0,0,0,0,0,0,,0,1,0,,,2,Y,0,,39 54:44.724,,0,75 09:01.446,3,0,0,0,67301,0,0,0,N,0,0,0,3,67301,0,,1,,1,N,N,N,0,,1,0,0,,2,,,2,2,0,0,0,1,1,2,0,2,03,,,N,,,,,,,,,,,0,0,0,0,0,0,0,0,0,0,0,1,0,0,0,0,0,0,0,0,0,0,0,0,0,0,0,0,0,0,0,0,0,0,0,0,0,0,0,0,0,0,0,0,0,0,0,0,0,0,0,0,1,0,0,0,0,0,1,1,0,0,0,0,0,0,0,1,1,0,0,0,0,0,1,0,1,0,0,0,0,0,0,0,0,0,0,0,0,1,0,0,0,0,0,0,0,0,0,0,0,0,0,0,0,0,0,0,0,1,0,0,0,0,0,0,0,0,0,0,0,1,0,1,0,0,0,0,0
-8355072.99830474,4875102.2361037,30604,2024019897,0057,2,0,0,0,0,0,0,0,0,2,0,,67,2,2024,4,40.062997,-75.054896,0051,6,0,1,0,0,0,1,0,0,,0,0,0,,,0,,1,,40 03:46.789,,0,75 03:17.625,0,0,0,0,67301,0,0,0,N,0,0,0,2,67301,0,,1,,1,N,N,N,0,,0,0,0,,0,,,2,0,0,0,0,0,0,2,0,2,04,,,N,,,,,,,,,,,0,0,0,0,0,0,0,0,0,0,0,0,0,0,0,0,0,0,0,0,1,0,0,0,1,0,0,0,0,0,0,0,0,0,0,0,0,0,0,0,0,0,0,0,0,0,0,0,0,0,0,1,0,0,0,1,0,0,0,0,1,0,0,0,0,0,0,1,0,0,0,0,0,0,1,0,0,0,0,0,0,0,0,0,1,0,0,0,0,0,0,0,0,0,0,0,0,0,0,0,0,0,0,0,0,0,1,0,0,0,0,0,0,0,0,0,0,0,0,0,1,1,0,1,0,0,0,0,1
-8366363.91446788,4860252.5692962,30605,2024021724,1745,1,0,0,0,0,0,1,0,0,4,1,,67,1,2024,2,39.960827,-75.156324,1740,6,0,0,0,0,0,0,0,0,,0,0,0,,,0,,1,,39 57:38.977,,0,75 09:22.766,0,0,0,0,67301,0,0,0,N,0,0,0,2,67508,0,,1,,9,,,N,0,,0,0,0,,3,,,2,0,1,0,0,0,0,2,0,2,10,,,N,,,,,,,,,,,0,0,1,0,0,0,0,0,0,0,0,1,0,0,0,0,0,0,0,0,0,0,0,0,0,0,0,0,0,0,0,0,0,0,0,0,0,0,0,0,0,0,0,0,0,0,0,0,0,0,0,0,0,0,0,1,0,0,0,0,1,0,0,0,0,0,0,1,1,0,0,0,0,0,1,0,0,0,0,0,0,0,0,0,1,0,0,0,0,0,0,0,0,0,0,0,0,0,0,0,0,0,0,0,0,0,0,1,0,0,0,0,0,0,0,0,0,1,0,0,1,1,0,1,0,0,1,0,0
-8370426.29791056,4859100.93007543,30606,2024014176,1042,0,0,0,0,0,0,1,0,0,5,2,,67,1,2024,3,39.952897,-75.192817,1038,6,0,0,0,0,0,1,0,0,,0,1,0,,,1,N,0,,39 57:10.428,4,0,75 11:34.142,3,0,0,0,67301,0,0,0,N,0,0,0,3,67504,0,,1,15,9,N,N,N,0,,1,0,0,,0,N,,2,1,1,0,0,0,0,2,0,2,07,04,,N,,,,,,,,,,,1,0,0,0,0,0,0,0,0,0,0,1,0,0,0,0,0,0,0,0,0,0,0,0,1,0,0,0,0,0,0,0,0,0,0,0,0,0,0,0,0,0,0,0,0,0,0,0,0,0,0,0,1,0,0,0,0,0,1,1,0,0,0,0,0,0,0,0,0,0,0,0,0,0,1,0,1,0,0,0,0,0,0,0,0,0,0,0,0,0,0,0,0,0,0,0,0,0,0,0,0,0,0,0,0,0,1,0,0,1,0,0,0,0,0,0,0,1,0,0,0,1,0,0,0,0,1,0,0
-8364844.73697831,4861564.8455577,30607,2024020362,0253,3,0,0,0,0,0,0,0,0,3,0,,67,3,2024,7,39.969862,-75.142677,0251,6,0,0,0,0,0,0,0,0,,0,0,0,,,1,N,0,,39 58:11.503,4,0,75 08:33.638,3,0,0,0,67301,0,0,0,N,0,0,0,3,67301,0,,3,355,9,N,N,N,0,,1,0,0,,0,Y,,3,1,0,0,0,0,1,2,0,3,07,,,N,,,,,,,,,,,0,0,0,0,0,0,0,0,0,0,0,0,0,0,0,0,0,0,0,0,0,0,0,0,0,0,0,0,0,0,0,0,0,0,0,0,0,0,0,0,0,0,1,0,0,1,0,0,0,0,0,0,0,0,0,1,0,0,1,1,0,0,0,1,0,0,0,0,0,0,0,0,0,0,1,0,1,0,0,0,0,0,0,0,0,0,0,0,0,0,0,0,0,0,0,0,0,0,0,0,0,0,0,0,0,0,1,0,0,1,0,1,0,0,0,0,0,0,0,0,0,1,0,1,0,0,1,0,0
-8367186.5654391,4852652.18515067,30608,2024017143,2202,0,0,0,0,0,0,0,0,0,0,0,,67,1,2024,2,39.908475,-75.163714,2202,6,0,0,0,0,0,0,0,0,,0,0,0,,,1,N,0,,39 54:30.510,,7,75 09:49.370,4,0,0,0,67301,0,0,0,N,0,0,0,1,68Z99,1,,4,,7,N,N,N,0,,0,0,1,,0,,,1,1,1,0,0,0,0,2,0,1,10,,,N,,,,,,,,,,,0,0,0,0,0,0,0,0,0,0,0,0,0,0,0,0,0,0,0,0,0,0,0,0,0,0,0,0,0,0,0,0,0,0,0,0,0,0,0,0,0,0,0,0,0,0,0,0,0,0,0,0,0,0,0,1,0,0,1,1,0,0,0,0,0,0,0,1,1,0,0,0,0,0,0,0,1,0,0,0,1,0,0,1,0,1,0,0,0,0,0,0,0,0,0,0,0,0,0,0,1,0,1,0,0,0,0,0,0,0,0,1,0,0,0,0,0,1,0,0,0,1,0,1,0,0,0,0,0
-8353233.77724396,4878223.53731407,30609,2024015545,2323,1,0,0,0,0,0,0,0,0,2,0,,67,2,2024,3,40.084453,-75.038374,2318,6,0,0,0,0,1,0,0,0,,0,0,0,,,0,,1,,40 05:04.029,,0,75 02:18.148,0,0,0,0,67301,0,0,0,N,0,0,0,2,67301,0,,1,,1,N,N,N,0,,0,0,1,,2,,,2,0,0,0,0,0,0,2,0,2,03,,,N,,,,,,,,,,,0,0,0,0,0,0,0,0,0,0,0,0,0,0,0,0,0,0,0,0,0,0,0,1,0,0,0,0,0,0,0,0,0,0,0,0,0,0,0,0,0,0,0,0,0,0,0,0,0,0,0,1,0,0,0,1,0,0,0,0,1,0,0,0,1,0,0,0,0,0,0,0,0,0,1,0,0,0,0,0,0,0,0,0,1,0,0,0,0,0,0,0,0,0,0,0,0,0,0,1,0,0,0,0,0,0,1,0,0,0,0,0,0,0,0,0,0,0,0,0,0,1,0,1,0,0,0,0,1
-8369144.00827261,4859341.70311674,30610,2024022096,0215,1,0,0,0,0,0,0,0,0,7,0,,67,3,2024,6,39.954555,-75.181298,0215,6,0,1,0,0,0,0,0,0,,0,0,0,,,2,,1,,39 57:16.399,,0,75 10:52.674,3,0,0,0,67301,0,0,0,N,0,0,0,3,67301,0,,9,,1,N,N,N,0,,2,0,0,,2,,,1,2,0,0,0,0,1,2,0,1,03,03,,N,,,,,,,,,,,1,0,0,0,0,0,0,0,0,0,0,0,0,0,0,0,0,0,0,0,1,0,0,0,0,0,0,0,0,0,0,0,0,0,0,0,0,0,0,1,0,0,0,0,0,0,0,0,0,0,0,0,0,0,0,1,0,0,1,1,1,0,0,0,0,0,0,0,0,0,0,0,0,0,0,0,0,0,0,0,0,0,0,0,0,0,0,0,0,0,0,0,0,0,0,0,0,0,0,1,1,0,0,0,0,0,1,0,0,1,0,1,0,0,0,0,0,0,0,0,0,1,0,1,0,0,0,0,1
-8349804.35670933,4879165.6782438,30611,2024015906,1215,1,0,0,0,0,0,0,0,0,4,1,,67,1,2024,6,40.090928,-75.007567,1155,6,0,0,0,0,0,0,0,0,,0,1,0,,,1,N,0,,40 05:27.340,1,7,75 00:27.240,3,0,0,0,67301,0,0,0,N,0,0,0,2,67301,0,,1,1347,7,N,N,N,0,,1,0,0,,0,Y,,2,1,0,0,0,0,0,2,0,2,10,,,N,,,,,,,,,,,1,0,1,0,0,0,0,0,0,0,0,1,0,0,0,0,0,0,0,0,0,0,0,0,0,0,0,0,0,0,0,0,0,0,0,0,0,0,0,0,0,0,0,0,0,0,0,0,0,0,0,0,1,0,0,0,0,0,1,1,0,0,0,0,1,0,0,1,1,0,0,0,0,0,1,0,1,0,0,0,0,0,0,0,0,0,0,0,0,0,0,0,0,0,0,0,0,0,0,0,0,0,1,0,1,0,0,0,0,1,0,0,0,0,0,0,0,0,0,0,0,1,0,1,0,0,0,0,0
-8366543.47301609,4861759.19630309,30612,2024018665,2330,1,0,0,0,0,0,0,0,0,4,0,,67,2,2024,7,39.9712,-75.157937,2325,6,0,0,0,0,0,1,0,0,,0,0,0,,,2,N,0,,39 58:16.320,4,0,75 09:28.572,8,0,0,0,67301,0,0,0,N,0,0,0,2,67301,0,,1,40,1,N,N,N,1,,0,0,0,,0,N,,2,2,1,0,0,2,0,2,0,2,03,03,,N,,,,,,,,,,,0,0,1,0,0,0,0,0,0,0,0,0,0,0,0,0,0,0,0,0,0,0,0,0,1,0,0,0,0,0,0,0,0,0,0,0,0,0,0,0,0,0,0,0,0,0,0,0,0,0,0,0,0,0,0,1,0,0,1,1,0,0,0,0,0,0,0,0,0,0,0,0,0,0,1,0,1,0,0,0,0,0,0,0,0,0,0,0,0,0,0,0,0,0,0,0,0,0,0,0,0,0,0,0,0,0,1,0,0,0,0,0,0,0,0,0,0,1,0,0,0,1,0,1,0,0,0,0,0
-8367881.0885161,4865351.59309801,30613,2024019682,0225,2,0,0,0,0,0,0,0,0,4,0,,67,2,2024,4,39.995927,-75.169953,0218,6,0,0,0,0,0,0,0,0,,0,0,0,,,0,N,0,,39 59:45.337,,0,75 10:11.831,0,0,0,0,67301,0,0,0,N,0,0,0,2,67301,0,,1,,9,N,N,N,0,,0,0,0,,0,,,2,0,1,0,0,0,0,2,0,2,04,07,,N,,,,,,,,,,,1,0,1,0,0,0,0,0,0,0,0,0,0,0,0,0,0,0,0,0,0,0,0,0,0,0,0,0,0,0,0,0,0,0,0,0,0,0,0,0,0,0,0,0,0,1,0,0,0,0,0,0,0,0,0,1,0,0,0,0,0,0,0,0,0,0,0,0,0,0,0,0,0,0,1,0,1,0,0,0,0,0,0,0,1,0,0,0,0,0,0,0,0,0,0,0,0,0,0,0,0,0,0,0,0,0,1,0,0,0,0,0,0,0,0,0,0,1,0,0,0,1,0,1,0,0,1,0,0
-8377289.36887841,4848594.50338512,30614,2024018661,1655,0,0,0,0,0,0,0,0,0,7,0,,67,2,2024,7,39.880509,-75.254469,1650,6,0,0,0,0,0,0,0,0,,0,0,0,,,1,N,0,,39 52:49.831,,0,75 15:16.088,3,0,0,0,67301,0,0,0,N,0,0,0,1,67301,0,,5,,1,N,N,N,0,,1,0,1,,0,,,1,1,0,0,0,0,0,2,0,1,03,,,N,,,,,,,,,,,0,0,0,0,0,0,0,0,0,0,0,0,0,0,0,0,0,0,0,0,0,0,0,0,0,0,0,0,0,0,0,0,0,0,0,0,0,0,0,1,0,0,0,0,0,0,0,0,0,0,0,0,0,0,0,0,0,0,1,1,0,0,0,1,0,0,0,0,0,0,0,0,0,0,0,0,1,0,0,0,0,0,0,0,0,0,0,0,0,0,0,0,0,0,0,0,0,0,0,0,1,0,0,0,0,0,1,0,0,1,0,1,0,0,0,0,0,0,0,0,0,1,0,1,0,0,0,0,0
-8353441.16526709,4873669.93231637,30615,2024017348,1306,0,0,0,0,0,0,0,0,0,4,1,,67,2,2024,2,40.053149,-75.040237,1306,6,0,0,0,0,0,0,0,0,,0,1,0,,,3,,1,,40 03:11.336,6,0,75 02:24.854,2,0,0,0,67301,0,0,0,N,0,0,0,5,67301,0,,1,1514,1,N,N,N,0,,2,1,0,,2,Y,,2,3,2,0,1,0,1,2,1,2,03,03,,N,,,,,,,,,,,0,0,1,0,0,0,0,0,0,0,1,1,0,0,0,0,0,0,0,0,0,0,0,0,0,0,0,0,0,0,1,0,0,0,0,0,0,0,0,0,0,0,0,0,0,0,0,0,0,0,0,0,1,0,0,0,0,0,1,1,1,0,0,0,0,0,0,1,0,0,0,0,0,0,1,0,0,0,0,0,0,0,0,0,0,0,0,0,0,0,0,0,0,0,0,0,0,0,0,1,0,0,0,0,0,0,1,0,0,1,1,0,0,0,0,0,0,1,0,0,0,1,0,1,0,0,0,0,0
-8374757.1838929,4854815.47837077,30616,2024019681,1316,1,0,0,1,0,0,0,0,0,8,0,,67,2,2024,3,39.92338,-75.231722,1316,6,0,0,0,0,0,1,0,0,,0,0,0,,,1,,2,,39 55:24.167,,0,75 13:54.200,3,0,0,0,67301,1,0,0,N,0,0,0,2,67301,0,,1,,1,N,N,N,0,,1,0,0,,3,,,2,1,1,0,0,0,0,2,0,1,03,03,,N,,,,,,,,,,,1,0,0,0,0,0,0,0,1,0,0,0,0,0,0,0,0,0,0,0,0,0,0,0,1,0,0,0,0,0,0,0,0,0,0,0,0,0,0,0,0,0,0,0,0,0,0,0,0,0,0,0,0,0,0,0,0,0,1,1,1,0,0,0,0,0,0,1,0,0,0,0,0,0,0,0,0,0,0,0,0,0,0,0,0,0,0,0,0,0,0,0,1,0,0,0,0,0,0,0,1,0,0,0,0,0,1,1,0,1,0,0,0,0,0,0,0,1,0,0,1,1,0,0,1,0,0,0,0
-8364837.72388451,4863185.27768547,30617,2024018814,0402,0,0,0,0,0,0,0,0,0,8,0,,67,2,2024,1,39.981017,-75.142614,0357,6,0,0,0,0,0,0,0,0,,0,0,0,,,1,N,0,,39 58:51.660,3,7,75 08:33.410,2,0,0,0,67301,1,0,1,N,1,0,1,2,67301,0,,6,412,1,N,N,N,0,,0,1,0,,0,N,,2,1,0,0,0,0,1,2,0,1,03,,,N,,,,,,,,,,,1,0,0,0,0,0,0,0,0,0,0,0,0,0,0,0,0,0,0,0,0,0,0,0,0,0,0,0,0,0,1,0,0,0,0,0,0,0,0,0,0,0,0,0,0,1,0,0,0,0,0,0,0,0,0,1,0,0,1,1,0,0,0,0,0,0,0,1,1,0,0,0,0,0,0,0,1,0,0,0,0,1,0,0,0,0,0,0,0,0,0,0,0,0,0,0,0,0,0,0,1,0,0,1,1,0,0,0,0,0,1,0,0,0,0,0,0,0,0,0,0,1,0,0,1,0,0,0,0
-8367907.02632159,4871885.51361087,30618,2024020360,0446,0,0,0,0,0,0,0,0,0,7,0,,67,3,2024,7,40.040878,-75.170186,0446,6,0,0,0,0,0,1,0,0,,0,0,0,,,0,N,0,,40 02:27.160,5,0,75 10:12.670,0,0,0,0,67301,0,0,0,N,0,0,0,1,67301,0,,4,450,9,N,N,N,0,,0,0,1,,0,Y,,1,0,0,0,0,0,0,2,0,1,07,05,,N,,,,,,,,,,,0,0,0,0,0,0,0,0,0,0,0,0,0,0,0,0,0,0,0,0,0,0,0,0,1,0,0,0,0,0,0,0,0,0,0,0,0,0,0,1,0,0,0,1,0,0,0,0,0,1,0,0,0,0,0,1,0,0,0,0,0,0,0,1,0,0,0,1,1,0,0,0,0,0,0,0,1,0,0,0,0,0,0,0,1,0,0,0,0,0,0,0,0,0,0,0,0,0,0,0,1,0,0,0,0,0,0,0,0,0,0,1,0,0,0,0,0,0,0,0,0,1,0,1,0,0,1,0,0
-8359973.39504904,4871119.69854149,30619,2024015902,1026,4,0,0,0,0,0,0,0,0,3,1,,67,2,2024,5,40.035611,-75.098917,1002,6,0,0,0,0,0,1,0,0,,0,1,0,,,0,N,0,,40 02:08.200,,0,75 05:56.100,0,0,0,0,67301,0,0,0,N,0,0,0,1,67301,0,,6,,1,N,N,N,0,,0,0,2,,0,,,7,0,0,0,0,0,0,2,0,7,03,,,N,,,,,,,,,,,0,0,0,0,0,0,0,0,0,0,0,1,0,0,0,0,0,0,0,0,0,0,0,0,1,0,0,0,0,0,0,0,0,0,0,0,0,0,0,0,0,0,1,0,0,0,0,0,0,0,0,0,1,0,0,0,0,0,0,0,0,0,0,0,0,0,0,1,1,0,0,0,0,0,1,0,1,0,0,0,0,0,0,0,1,0,0,0,0,0,0,0,0,0,0,0,0,0,0,0,0,0,0,0,0,0,0,0,0,0,0,0,0,0,0,0,0,0,0,0,0,1,0,1,0,0,0,0,0
-8364783.3997832,4857268.02268457,30620,2024019446,1937,2,0,0,0,0,0,0,0,0,1,0,,67,2,2024,7,39.940274,-75.142126,1937,6,0,0,0,0,0,0,0,0,,0,0,0,,,1,N,0,,39 56:24.985,,0,75 08:31.652,8,0,0,0,67301,0,0,0,N,0,0,0,2,68K01,0,,1,,1,N,N,N,0,,0,0,0,,0,,,2,1,0,0,0,1,0,2,0,2,03,03,,N,,,,,,,,,,,1,0,0,0,0,0,0,0,0,0,0,0,0,0,0,0,0,0,0,0,0,0,0,0,0,0,0,0,0,0,0,0,0,0,0,0,0,0,0,0,0,0,0,0,0,0,0,0,0,0,0,0,0,0,0,0,0,0,1,1,0,0,0,0,0,0,0,0,0,0,0,0,0,0,1,0,1,0,0,0,0,0,0,0,0,1,0,0,0,1,0,0,0,0,0,0,0,0,0,0,0,0,0,0,0,0,1,0,0,0,0,0,1,0,0,0,0,0,0,0,0,1,0,1,0,0,0,0,0
-8365913.6277025,4875288.41544204,30621,2024020542,0007,1,0,0,0,0,0,0,0,0,4,0,,67,3,2024,7,40.064277,-75.152279,0003,6,0,0,0,0,0,1,0,0,,0,0,0,,,5,,1,,40 03:51.397,3,0,75 09:08.204,3,0,0,0,67301,0,0,0,N,0,0,0,6,67301,0,,1,146,9,N,N,N,0,,5,0,1,,3,N,,2,5,0,0,0,0,0,2,0,2,98,,,N,,,,,,,,,,,1,0,1,0,0,0,0,0,0,0,0,0,0,0,0,0,0,0,0,0,0,0,0,0,1,0,0,0,0,0,0,0,0,0,0,0,0,0,0,0,0,0,0,0,0,0,0,0,0,0,0,0,0,0,0,1,0,0,1,1,1,0,0,0,0,0,0,1,1,0,0,0,0,0,1,0,0,1,0,0,0,0,0,0,0,0,0,0,0,0,0,0,0,0,0,0,0,0,0,0,0,0,0,0,0,0,0,1,0,1,0,0,0,0,0,0,0,0,0,0,1,1,0,1,0,0,1,0,0
-8372822.11676543,4859716.8150682,30622,2024003259,0050,0,0,0,0,0,0,0,0,0,8,0,,67,1,2024,7,39.957138,-75.214339,0045,6,0,0,0,0,0,0,0,0,,0,0,0,,,1,,1,,39 57:25.697,,0,75 12:51.620,2,0,0,0,67301,1,0,1,N,1,0,1,2,67301,0,,1,,1,N,N,N,0,,0,1,1,,2,,,2,1,1,0,0,0,0,2,0,1,03,03,,N,,,,,,,,,,,0,0,0,0,0,0,0,0,0,0,0,0,0,0,0,0,0,0,0,0,0,0,0,0,0,0,0,0,0,0,1,0,0,0,0,0,0,0,0,0,0,0,0,0,0,0,0,0,0,0,0,0,0,0,0,1,0,0,1,1,1,0,0,0,0,0,0,1,0,0,0,0,0,0,0,0,0,0,0,0,0,1,0,0,0,0,0,0,0,0,0,0,0,0,0,0,0,0,0,1,1,0,0,0,0,0,1,0,0,0,1,0,0,0,0,0,0,1,0,0,0,1,0,0,1,0,0,0,0
-8365031.64309357,4874089.07156508,30623,2024020986,0316,2,0,0,0,0,0,0,0,0,4,0,,67,3,2024,2,40.056031,-75.144356,0312,6,0,0,0,0,0,0,0,0,,0,0,0,,,0,N,0,,40 03:21.710,,0,75 08:39.680,9,0,0,0,67301,0,0,0,N,0,0,0,1,67301,0,,1,,1,N,N,N,0,,0,0,2,,0,,,4,0,0,0,0,0,1,2,0,4,03,03,,N,,,,,,,,,,,0,0,1,0,0,0,0,0,0,0,0,0,0,0,0,0,0,0,0,0,0,0,0,0,0,0,0,0,0,0,0,0,0,0,0,0,0,0,0,0,0,0,1,0,0,1,0,0,0,0,0,0,0,0,0,1,0,0,0,0,0,0,0,0,0,0,0,1,1,0,0,0,0,0,1,0,1,0,0,0,0,0,0,0,0,0,0,0,0,0,0,0,0,0,0,0,0,0,0,0,0,0,0,0,0,0,0,0,0,0,0,0,0,0,0,0,0,0,0,0,0,1,0,1,0,0,0,0,0
-8356915.33649541,4876225.47690841,30624,2024021861,2324,1,0,0,0,0,0,0,0,0,4,0,,67,3,2024,4,40.070719,-75.071446,2324,6,0,0,0,0,0,0,0,0,,0,0,0,,,0,,1,,40 04:14.589,,0,75 04:17.204,0,0,0,0,67301,0,0,0,N,0,0,0,3,67301,0,,1,,9,N,N,N,0,,0,0,1,,3,,,2,0,0,0,0,0,0,2,0,2,07,,,N,,,,,,,,,,,1,0,1,0,0,0,0,0,0,0,0,0,0,0,0,0,0,0,0,0,0,0,0,0,0,0,0,0,0,0,0,0,0,0,0,0,0,0,0,0,0,0,0,0,0,0,0,0,0,0,0,0,0,0,0,0,0,0,0,0,1,0,0,0,0,0,0,1,0,0,0,0,0,0,1,0,0,0,0,0,0,0,0,0,1,0,0,0,0,0,0,0,1,0,0,0,0,0,0,0,0,0,0,0,0,0,1,1,0,0,0,0,0,0,0,0,0,0,0,0,1,1,0,1,0,0,1,0,0