X,Y,objectid,crn,arrival_tm,automobile_count,belted_death_count,belted_susp_serious_inj_count,bicycle_count,bicycle_death_count,bicycle_susp_serious_inj_count,bus_count,chldpas_death_count,chldpas_susp_serious_inj_count,collision_type,comm_veh_count,cons_zone_spd_lim,county,crash_month,crash_year,day_of_week,dec_latitude,dec_longitude,dispatch_tm,district,driver_count_16yr,driver_count_17yr,driver_count_18yr,driver_count_19yr,driver_count_20yr,driver_count_50_64yr,driver_count_65_74yr,driver_count_75plus,est_hrs_closed,fatal_count,heavy_truck_count,horse_buggy_count,hour_of_day,illumination,injury_count,intersection_related_x,intersect_type,lane_closed,latitude,ln_close_dir,location_type,longitude,max_severity_level,mcycle_death_count,mcycle_susp_serious_inj_count,motorcycle_count,municipality,nonmotr_count,nonmotr_death_count,nonmotr_susp_serious_inj_count,ntfy_hiwy_maint,ped_count,ped_death_count,ped_susp_serious_inj_count,person_count,police_agcy,possible_inj_count,rdwy_surf_type_cd,relation_to_road,roadway_cleared,road_condition,sch_bus_ind,sch_zone_ind,secondary_crash,small_truck_count,spec_juris_cd,susp_minor_inj_count,susp_serious_inj_count,suv_count,tcd_func_cd,tcd_type,tfc_detour_ind,time_of_day,total_units,tot_inj_count,unbelted_occ_count,unb_death_count,unb_susp_serious_inj_count,unk_inj_deg_count,unk_inj_per_count,urban_rural,van_count,vehicle_count,weather1,weather2,workers_pres,work_zone_ind,work_zone_loc,work_zone_type,wz_close_detour,wz_flagger,wz_law_offcr_ind,wz_ln_closure,wz_moving,wz_other,wz_shlder_mdn,wz_workers_inj_killed,aggressive_driving,alcohol_related,angle_crash,atv,atv_route,backup_congestion,backup_nonrecurring,backup_prior,bicycle,cell_phone,child_passenger,comm_vehicle,core_network,cross_median,curved_road,curve_dvr_error,deer_related,distracted,drinking_driver,driver_16yr,driver_17yr,driver_18yr,driver_19yr,driver_20yr,driver_50_64yr,driver_65_74yr,driver_75plus,drugged_driver,drug_related,fatal,fatal_or_susp_serious_inj,fatigue_asleep,federal_aid_route,fire_in_vehicle,hazardous_truck,hit_barrier,hit_bridge,hit_deer,hit_embankment,hit_fixed_object,hit_gdrail,hit_gdrail_end,hit_parked_vehicle,hit_pole,hit_roadway_equipment,hit_run,hit_temp_construction_barrier,hit_traffic_island,hit_tree_shrub,hit_utility_pole,horse_buggy,ho_oppdir_sdswp,hvy_truck_related,icy_road,illegal_drug_related,illumination_dark,impaired_driver,impaired_nonmotorist,injury,injury_or_fatal,intersection,intersection_related_y,interstate,lane_departure,left_turn,limit_65mph,limit_70mph,local_road,local_road_only,marijuana_drugged_driver,marijuana_related,mature_driver,mc_drinking_driver,motorcycle,multiple_vehicle,nhtsa_agg_driving,non_intersection,no_clearance,opioid_related,other_freeway_expressway,overturned,pedestrian,phantom_vehicle,possible_injury,property_damage_only,psp_reported,ramp,ramp_segment,ramp_terminal,rear_end,roundabout,running_red_lt,running_stop_sign,rural,school_bus,school_bus_related,school_bus_unit,school_zone,shldr_related,signalized_int,single_vehicle,snowmobile,snow_slush_road,speeding,speeding_related,speed_change_lane,state_road,stop_controlled_int,sudden_deer,suspected_minor_injury,suspected_serious_injury,sv_run_off_rd,tailgating,train,train_trolley,trolley,turnpike,unbelted,underage_drnk_drv,unlicensed,unsignalized_int,urban,vehicle_failure,vehicle_towed,vulnerable_road_user,vulnerable_road_user_fatal,wet_road,work_zone,young_driver
-8367230.64911512,4875927.12595648,32183,2024031705,1245,0,0,0,0,0,0,0,0,0,4,0,,67,1,2024,5,40.068668,-75.16411,1241,6,0,0,0,0,0,1,1,0,,0,0,0,,,1,,1,,40 04:07.205,,0,75 09:50.797,3,0,0,0,67301,0,0,0,N,0,0,0,2,67301,0,,1,,9,N,N,N,0,,1,0,2,,2,,,2,1,0,0,0,0,0,2,0,2,03,,,N,,,,,,,,,,,1,0,1,0,0,0,0,0,0,0,0,0,0,0,0,0,0,0,0,0,0,0,0,0,1,1,0,0,0,0,0,0,0,0,0,0,0,0,0,0,0,0,0,0,0,0,0,0,0,0,0,0,0,0,0,0,0,0,1,1,1,0,0,0,0,0,0,1,0,0,0,1,0,0,1,0,0,0,0,0,0,0,0,0,0,0,0,0,0,0,0,1,0,0,0,0,0,0,0,1,0,0,0,0,0,0,1,0,0,1,0,0,0,0,0,0,0,0,0,0,0,1,0,1,0,0,1,0,0
-8373032.84486853,4864154.17648344,32184,2024027854,1220,1,0,0,0,0,0,0,0,0,4,0,,67,3,2024,5,39.987686,-75.216232,1212,6,0,0,0,0,0,1,0,0,,0,0,0,,,3,,3,,39 59:15.669,,0,75 12:58.434,3,0,0,0,67301,0,0,0,N,0,0,0,4,67301,0,,1,,9,N,N,N,0,,3,0,1,,2,,,2,3,1,0,0,0,0,2,0,2,04,,,N,,,,,,,,,,,1,0,1,0,0,0,0,0,0,0,0,0,0,0,0,0,0,0,0,0,0,0,0,0,1,0,0,0,0,0,0,0,0,0,0,0,0,0,0,0,0,0,0,0,0,1,0,0,0,0,0,0,0,0,0,0,0,0,1,1,1,0,0,0,0,0,0,1,0,0,0,0,0,0,1,0,0,0,0,0,0,0,0,0,0,0,0,0,0,0,0,1,0,0,0,0,0,0,0,1,0,0,0,0,0,0,1,0,0,1,0,0,0,0,0,0,0,1,0,0,0,1,0,0,0,0,1,0,0
-8354906.57558731,4874153.64619394,32185,2024017155,1600,3,0,0,0,0,0,0,0,0,4,0,,67,2,2024,2,40.056475,-75.053401,1550,6,0,0,0,0,0,0,0,0,,0,0,0,,,2,,1,,40 03:23.309,,0,75 03:12.243,3,0,0,0,67301,0,0,0,N,0,0,0,4,67301,0,,1,,1,N,N,N,0,,2,0,0,,2,,,3,2,1,0,0,0,0,2,0,3,03,,,N,,,,,,,,,,,1,0,1,0,0,0,0,0,0,0,0,0,0,0,0,0,0,0,0,0,0,0,0,0,0,0,0,0,0,0,0,0,0,0,0,0,0,0,0,0,0,0,0,0,0,1,0,0,0,0,0,0,0,0,0,0,0,0,1,1,1,0,0,0,1,0,0,1,0,0,0,0,0,0,1,0,0,0,0,0,0,0,0,0,0,0,0,0,0,0,0,0,0,0,0,0,0,0,0,1,0,0,0,0,0,0,1,0,0,1,0,0,0,0,0,0,0,1,0,1,0,1,0,1,0,0,0,0,0
-8372703.6732371,4868505.43711492,32186,2024031544,2140,2,0,0,0,0,0,0,0,0,2,0,,67,3,2024,7,40.017628,-75.213275,2129,6,0,0,0,0,0,0,0,0,,0,0,0,,,1,N,0,,40 01:03.460,,0,75 12:47.790,3,0,0,0,67301,0,0,0,N,0,0,0,1,67301,0,,6,,9,N,N,N,0,,1,0,2,,0,,,4,1,0,0,0,0,0,2,0,4,07,07,,N,,,,,,,,,,,0,1,0,0,0,0,0,0,0,0,0,0,0,0,0,0,0,0,1,0,0,0,0,0,0,0,0,0,0,0,0,0,0,0,0,0,0,0,0,0,0,0,1,0,0,0,0,0,0,0,0,1,0,0,0,1,1,0,1,1,0,0,0,0,0,0,0,1,1,0,0,0,0,0,1,0,1,0,0,0,0,0,0,0,0,0,0,0,0,0,0,0,0,0,0,0,0,0,0,0,0,0,0,0,0,0,0,0,0,1,0,0,0,0,0,0,0,0,0,0,0,1,0,1,0,0,1,0,0
-8350333.34674646,4873049.83583141,32187,2024031635,1422,1,0,0,0,0,0,0,0,0,4,0,,67,1,2024,6,40.048885,-75.012319,1418,6,0,0,0,0,0,0,0,0,,0,0,0,,,2,,2,,40 02:55.985,,7,75 00:44.349,3,0,0,0,67301,0,0,0,N,0,0,0,2,67301,0,,1,,9,N,N,N,0,,1,0,1,,2,,,2,2,1,0,0,1,0,2,0,2,10,,,N,,,,,,,,,,,1,0,1,0,0,0,0,0,0,0,0,0,0,0,0,0,0,0,0,0,0,0,0,0,0,0,0,0,0,0,0,0,0,0,0,0,0,0,0,0,0,0,0,0,0,0,0,0,0,0,0,0,0,0,0,0,0,0,1,1,1,0,0,0,1,0,0,1,0,0,0,0,0,0,1,0,0,0,0,0,0,0,0,0,0,0,0,0,0,0,0,0,0,0,0,0,0,0,0,1,0,0,0,0,0,0,1,0,0,1,0,0,0,0,0,0,0,1,0,0,0,1,0,1,0,0,1,0,0
-8357822.81330353,4876012.95039519,32188,2024031137,2237,0,0,0,0,0,0,0,0,0,7,0,,67,4,2024,3,40.069258,-75.079598,2219,6,0,0,0,0,0,0,0,0,,0,0,0,,,1,,1,,40 04:09.328,7,0,75 04:46.554,8,0,0,0,67301,0,0,0,N,0,0,0,2,67301,0,,1,2327,1,N,N,N,0,,0,0,1,,3,Y,,1,1,0,0,0,1,0,2,0,1,03,03,,N,,,,,,,,,,,0,0,0,0,0,0,0,0,0,0,0,0,0,0,0,0,0,0,0,0,0,0,0,0,0,0,0,0,0,0,0,0,0,0,0,1,0,0,0,1,0,0,0,0,0,0,0,0,0,0,0,0,0,0,0,1,0,0,1,1,1,0,0,0,0,0,0,1,0,0,0,0,0,0,0,0,0,0,0,0,0,0,0,0,0,0,0,0,0,0,0,0,0,0,0,0,0,0,0,0,1,0,0,0,0,0,1,1,0,0,0,1,0,0,0,0,0,0,0,0,1,1,0,1,0,0,0,0,0
-8355200.12496568,4870221.0642289,32189,2024031760,1917,1,0,0,0,0,0,0,0,0,8,0,,67,1,2024,6,40.02943,-75.056038,1917,6,0,0,0,0,0,0,0,0,,0,0,0,,,1,,1,,40 01:45.949,,0,75 03:21.737,8,0,0,0,67301,1,0,0,N,1,0,0,2,67301,0,,1,,1,N,N,N,0,,0,0,0,,2,,,2,1,0,0,0,1,0,2,0,1,05,05,,N,,,,,,,,,,,0,0,0,0,0,0,0,0,0,0,0,0,0,0,0,0,0,0,0,0,0,0,0,0,0,0,0,0,0,0,0,0,0,0,0,0,0,0,0,0,0,0,0,0,0,0,0,0,0,0,0,0,0,0,0,1,0,0,1,1,1,0,0,0,1,0,0,1,0,0,0,0,0,0,0,0,0,0,0,0,0,1,0,0,0,0,0,0,0,0,0,0,0,0,0,0,0,0,0,1,1,0,0,0,0,0,1,0,0,0,0,0,0,0,0,0,0,0,0,0,0,1,0,0,1,0,0,0,0
-8365688.98458927,4867270.72484935,32190,2024032035,1048,1,0,0,0,0,0,0,0,0,4,0,,67,1,2024,6,40.009133,-75.150261,1124,6,0,0,0,0,0,0,0,0,,0,0,0,,,0,Y,0,,40 00:32.878,,0,75 09:00.939,9,0,0,0,67301,0,0,0,N,0,0,0,2,67301,0,,1,,9,N,N,N,0,,0,0,1,,2,,,2,0,0,0,0,0,1,2,0,2,07,04,,N,,,,,,,,,,,1,0,1,0,0,0,0,0,0,0,0,0,0,0,0,0,0,0,0,0,0,0,0,0,0,0,0,0,0,0,0,0,0,0,0,0,0,0,0,0,0,0,0,0,0,0,0,0,0,0,0,0,0,0,0,1,0,0,0,0,0,0,0,0,0,0,0,0,0,0,0,0,0,0,1,0,1,0,0,0,0,0,0,0,0,0,0,0,0,0,0,0,0,0,0,0,0,0,0,0,0,0,0,0,0,0,1,0,0,0,0,0,0,0,0,0,0,0,0,0,0,1,0,1,0,0,1,0,0
-8359234.23319837,4868166.47601065,32191,2024026254,0152,1,0,0,0,0,0,0,0,0,4,0,,67,3,2024,7,40.015296,-75.092277,0149,6,0,0,0,0,0,0,0,0,,0,0,0,,,1,,5,,40 00:55.065,,0,75 05:32.197,3,0,0,0,67301,0,0,0,N,0,0,0,2,67301,0,,1,,1,N,N,N,1,,1,0,0,,3,,,3,1,1,0,0,0,0,2,0,3,03,03,,N,,,,,,,,,,,0,0,1,0,0,0,0,0,0,0,0,0,0,0,0,0,0,1,0,0,0,0,0,0,0,0,0,0,0,0,0,0,0,0,0,0,0,0,0,0,0,0,1,0,0,1,0,0,0,0,0,0,0,0,0,1,0,0,1,1,1,0,0,0,0,0,0,1,1,0,0,0,0,0,1,0,0,0,0,0,0,0,0,0,0,0,0,0,0,0,0,0,0,0,0,0,0,0,0,0,0,0,0,0,0,0,0,1,0,1,0,0,0,0,0,0,0,1,0,1,1,1,0,1,0,0,0,0,0
-8363814.58677341,4874636.51064341,32192,2024030936,0710,0,0,0,0,0,0,0,0,0,4,0,,67,4,2024,3,40.059795,-75.133423,0700,6,0,0,0,0,0,1,0,1,,0,0,0,,,1,,1,,40 03:35.262,3,0,75 08:00.324,2,0,0,0,67301,0,0,0,N,0,0,0,3,67301,0,,1,1025,1,N,N,N,0,,0,1,2,,2,Y,,2,1,1,0,0,1,0,2,0,2,03,03,,N,,,,,,,,,,,0,0,1,0,0,0,0,0,0,0,0,0,0,0,0,0,0,0,0,0,0,0,0,0,1,0,1,0,0,0,1,0,0,0,0,0,0,0,0,0,0,0,0,1,0,0,0,0,0,1,0,0,0,0,0,0,0,0,1,1,1,0,0,0,0,0,0,1,0,0,0,1,0,0,1,0,0,0,0,0,0,0,0,0,0,0,0,0,0,0,0,0,0,0,0,0,0,0,0,1,0,0,0,0,0,0,1,0,0,0,1,0,0,0,0,0,0,1,0,0,0,1,0,1,0,0,0,0,0
-8357762.36635591,4867468.53056412,32193,2024032731,0030,0,0,0,0,0,0,0,0,0,4,0,,67,4,2024,4,40.010494,-75.079055,0029,6,0,0,0,0,0,0,0,0,,0,0,0,,,2,,1,,40 00:37.780,7,0,75 04:44.598,8,0,0,0,67301,0,0,0,N,0,0,0,2,67301,0,,1,200,1,N,N,N,0,,0,0,2,,2,Y,,2,2,0,0,0,2,0,2,0,2,03,03,,N,,,,,,,,,,,1,0,1,0,0,0,0,0,0,0,0,0,0,0,0,0,0,0,0,0,0,0,0,0,0,0,0,0,0,0,0,0,0,0,0,0,0,0,0,0,0,0,0,1,0,0,0,0,0,0,0,0,0,0,0,1,0,0,1,1,1,0,0,0,0,0,0,1,0,0,0,0,0,0,1,0,0,0,0,0,0,0,0,0,0,0,0,0,0,0,0,1,0,0,0,0,0,0,0,1,0,0,0,0,0,0,1,0,0,0,0,0,0,0,0,0,0,0,0,0,0,1,0,1,0,0,0,0,0
-8367776.78205529,4862542.7383401,32194,2024016033,1319,0,0,0,0,0,0,0,0,0,8,0,,67,2,2024,6,39.976594,-75.169016,1319,6,0,0,0,0,0,1,0,0,,0,0,0,,,1,N,0,,39 58:35.738,,0,75 10:08.458,4,0,0,0,67301,1,0,0,N,1,0,0,2,67509,1,,1,,1,N,N,N,0,,0,0,1,,0,N,,2,1,0,0,0,0,0,2,0,1,03,03,,N,,,,,,,,,,,0,0,0,0,0,0,0,0,0,0,0,0,0,0,0,0,0,0,0,0,0,0,0,0,1,0,0,0,0,0,0,0,0,0,0,0,0,0,0,0,0,0,0,0,0,0,0,0,0,0,0,0,0,0,0,0,0,0,1,1,0,0,0,0,0,0,0,0,0,0,0,0,0,0,0,0,1,0,0,0,0,1,0,1,0,0,0,0,0,0,0,0,0,0,0,0,0,0,0,0,1,0,0,0,0,0,1,0,0,0,0,0,0,0,0,0,0,0,0,0,0,1,0,0,1,0,0,0,0
-8347613.81087351,4876088.59285306,32195,2024027925,0748,2,0,0,0,0,0,0,0,0,3,0,,67,3,2024,6,40.069778,-74.987889,0738,6,0,0,0,0,0,0,0,0,,0,0,0,,,1,N,0,,40 04:11.200,,7,74 59:16.400,3,0,0,0,67301,0,0,0,N,0,0,0,3,67301,0,,1,,1,N,N,N,0,,1,0,0,,0,,,3,1,0,0,0,0,0,2,1,3,03,03,,N,,,,,,,,,,,1,0,0,0,0,0,0,0,0,0,0,0,0,0,0,0,0,0,0,0,0,0,0,0,0,0,0,0,0,0,0,0,0,0,0,0,0,0,0,0,0,0,1,0,0,0,0,0,0,0,0,0,0,0,0,0,0,0,1,1,0,0,0,0,0,0,0,1,1,0,0,0,0,0,1,0,1,0,0,0,0,0,0,0,0,0,0,0,0,0,0,0,0,0,0,0,0,0,0,0,0,0,0,0,1,0,0,0,0,1,0,0,0,0,0,0,0,0,0,0,0,1,0,1,0,0,0,0,0
-8366760.54638747,4867853.54228473,32196,2024032170,2040,0,0,0,0,0,0,0,0,0,7,0,,67,1,2024,4,40.013143,-75.159887,2039,6,0,0,0,0,0,0,0,0,,0,0,0,,,1,N,0,,40 00:47.315,,0,75 09:35.593,2,0,0,0,67301,0,0,0,N,0,0,0,1,67301,0,,4,,9,N,N,N,0,,0,1,1,,0,,,3,1,0,0,0,0,0,2,1,2,07,05,,N,,,,,,,,,,,1,0,0,0,0,0,0,0,0,0,0,0,0,0,0,0,0,0,0,0,0,0,0,0,0,0,0,0,0,0,1,0,0,0,0,0,0,0,0,1,0,0,1,0,0,0,0,0,1,0,0,0,0,0,0,1,0,0,1,1,0,0,0,1,0,0,0,0,0,0,0,0,0,0,1,0,1,0,0,0,0,0,1,0,0,0,0,0,0,0,0,0,0,0,0,0,0,0,0,0,0,0,0,0,0,0,1,0,0,0,1,1,0,0,0,0,0,0,0,0,0,1,1,1,0,0,1,0,0
-8365729.39357224,4868818.24604868,32197,2024032172,2107,1,0,0,0,0,0,0,0,0,4,0,,67,1,2024,7,40.01978,-75.150624,2103,6,0,0,0,0,0,0,0,0,,0,0,0,,,1,,1,,40 01:11.208,,0,75 09:02.246,4,0,0,0,67301,0,0,0,N,0,0,0,2,67301,1,,1,,1,N,N,N,0,,0,0,0,,2,,,2,1,0,0,0,0,0,2,1,2,03,,,N,,,,,,,,,,,0,0,1,0,0,0,0,0,0,0,0,0,0,0,0,0,0,0,0,0,0,0,0,0,0,0,0,0,0,0,0,0,0,0,0,0,0,0,0,0,0,0,0,0,0,0,0,0,0,0,0,0,0,0,0,1,0,0,1,1,1,0,0,0,0,0,0,1,1,0,0,0,0,0,1,0,0,0,0,0,0,0,0,1,0,0,0,0,0,0,0,0,0,0,0,0,0,0,0,1,0,0,0,0,0,0,0,0,0,0,0,0,0,0,0,0,0,0,0,0,0,1,0,1,0,0,0,0,0
-8371746.99274291,4858663.25501631,32198,2024031883,0410,2,0,0,0,0,0,0,0,0,4,0,,67,1,2024,2,39.949883,-75.204681,0405,6,0,0,0,0,0,0,0,0,,0,0,0,,,0,,2,,39 56:59.578,,0,75 12:16.853,0,0,0,0,67301,0,0,0,N,0,0,0,2,67301,0,,1,,1,N,N,N,0,,0,0,0,,3,,,2,0,0,0,0,0,0,2,0,2,03,03,,N,,,,,,,,,,,1,0,1,0,0,0,0,0,0,0,0,0,0,0,0,0,0,0,0,0,0,0,0,0,0,0,0,0,0,0,0,0,0,0,0,0,0,0,0,0,0,0,0,0,0,0,0,0,0,0,0,0,0,0,0,1,0,0,0,0,1,0,0,0,1,0,0,1,0,0,0,0,0,0,1,0,0,0,0,0,0,0,0,0,1,0,0,0,0,0,0,0,1,0,0,0,0,0,0,0,0,0,0,0,0,0,1,1,0,0,0,0,0,0,0,0,0,0,0,0,1,1,0,1,0,0,0,0,0
-8356786.65095877,4872744.74600929,32199,2024026249,2303,2,0,0,0,0,0,0,0,0,4,0,,67,3,2024,6,40.046787,-75.07029,2300,6,0,0,0,0,0,1,0,0,,0,0,0,,,1,,1,,40 02:48.433,,0,75 04:13.043,8,0,0,0,67301,0,0,0,N,0,0,0,4,67301,0,,1,,1,N,N,N,0,,0,0,0,,2,,,2,1,1,0,0,1,0,2,0,2,03,03,,N,,,,,,,,,,,0,0,1,0,0,0,0,0,0,0,0,0,0,0,0,0,0,0,0,0,0,0,0,0,1,0,0,0,0,0,0,0,0,0,0,0,0,0,0,0,0,0,0,0,0,0,0,0,0,0,0,0,0,0,0,1,0,0,1,1,1,0,0,0,1,0,0,1,0,0,0,0,0,0,1,0,0,0,0,0,0,0,0,0,0,0,0,0,0,0,0,0,0,0,0,0,0,0,0,1,0,0,0,0,0,0,1,0,0,0,0,0,0,0,0,0,0,1,0,0,0,1,0,0,0,0,0,0,0
-8368578.39429574,4870941.15700072,32200,2024031714,1155,2,0,0,0,0,0,0,0,0,5,1,,67,2,2024,4,40.034383,-75.176217,1147,6,0,0,0,0,0,1,0,0,,0,1,0,,,1,N,0,,40 02:03.780,,0,75 10:34.380,4,0,0,0,67301,0,0,0,N,0,0,0,3,67301,1,,1,,1,N,N,N,0,,0,0,0,,0,,,3,1,0,0,0,0,0,2,0,3,03,,,N,,,,,,,,,,,1,0,0,0,0,0,0,0,0,0,0,1,0,0,0,0,0,0,0,0,0,0,0,0,1,0,0,0,0,0,0,0,0,0,0,0,0,0,0,0,0,0,1,0,0,0,0,0,0,0,0,0,1,0,0,0,0,0,1,1,0,0,0,0,0,0,0,1,1,0,0,0,0,0,1,0,1,0,0,0,0,0,0,1,0,0,0,0,0,0,0,0,0,0,0,0,0,0,0,0,0,0,0,0,0,0,0,0,0,0,0,0,0,0,0,0,0,0,0,0,0,1,0,1,0,0,0,0,0
-8356410.16819909,4868161.82493776,32201,2024031770,1832,1,0,0,0,0,0,0,0,0,1,0,,67,2,2024,4,40.015264,-75.066908,1830,6,0,0,0,0,0,0,0,0,,0,0,0,,,3,N,0,,40 00:54.950,,0,75 04:00.870,8,0,0,0,67301,0,0,0,N,0,0,0,3,67301,0,,6,,1,N,N,N,1,,0,0,1,,0,,,3,3,3,0,0,3,0,2,0,3,03,,,N,,,,,,,,,,,0,0,0,0,0,0,0,0,0,0,0,0,0,0,0,0,0,1,0,0,0,0,0,0,0,0,0,0,0,0,0,0,0,0,0,0,0,0,0,0,0,0,1,0,0,0,0,0,0,0,0,0,0,0,0,1,0,0,1,1,0,0,0,0,0,0,0,1,1,0,0,0,0,0,1,0,1,0,0,0,0,0,0,0,0,0,0,0,0,1,0,0,0,0,0,0,0,0,0,0,0,0,0,0,0,0,0,0,0,0,0,0,0,0,0,0,0,1,0,0,0,1,0,1,0,0,0,0,0
-8365488.94297558,4859054.60607924,32202,2024031554,1600,1,0,0,0,0,0,0,0,0,4,0,,67,1,2024,7,39.952578,-75.148464,1600,6,0,0,0,0,0,0,0,0,,0,0,0,,,0,,1,,39 57:09.282,,0,75 08:54.470,0,0,0,0,67301,0,0,0,N,0,0,0,3,67301,0,,1,,99,N,N,N,0,,0,0,1,,2,,,2,0,0,0,0,0,0,2,0,2,99,,,N,,,,,,,,,,,1,0,1,0,0,0,0,0,0,0,0,0,0,0,0,0,0,0,0,0,0,0,0,0,0,0,0,0,0,0,0,0,0,0,0,0,0,0,0,0,0,0,0,0,0,0,0,0,0,0,0,0,0,0,0,1,0,0,0,0,1,0,0,0,1,0,0,0,0,0,0,0,0,0,1,0,0,0,0,0,0,0,0,0,1,0,0,0,0,0,0,0,0,0,0,0,0,0,0,1,0,0,0,0,0,0,1,0,0,0,0,0,0,0,0,0,0,0,0,0,0,1,0,1,0,0,0,0,0
-8366448.740016,4859754.86474414,32203,2024031547,1120,0,0,0,1,0,0,0,0,0,8,0,,67,1,2024,4,39.9574,-75.157086,1120,6,0,0,0,0,0,0,0,0,,0,0,0,,,1,,1,,39 57:26.640,,0,75 09:25.508,4,0,0,0,67301,1,0,0,N,0,0,0,2,67301,1,,1,,1,N,N,N,0,,0,0,1,,2,,,2,1,1,0,0,0,0,2,0,1,99,,,N,,,,,,,,,,,1,0,0,0,0,0,0,0,1,0,0,0,0,0,0,0,0,0,0,0,0,0,0,0,0,0,0,0,0,0,0,0,0,0,0,0,0,0,0,0,0,0,0,0,0,0,0,0,0,0,0,0,0,0,0,0,0,0,1,1,1,0,0,0,0,0,0,1,0,0,0,0,0,0,0,0,0,0,0,0,0,0,0,1,0,0,0,0,0,0,0,0,0,0,0,0,0,0,0,1,1,0,0,0,0,0,1,0,0,0,0,0,0,0,0,0,0,1,0,0,0,1,0,0,1,0,0,0,0
-8364945.59292489,4870872.53298486,32204,2024032143,1923,1,0,0,0,0,0,0,0,0,1,1,,67,3,2024,7,40.033911,-75.143583,1922,6,0,0,0,0,0,0,0,0,,0,1,0,,,0,N,0,,40 02:02.080,,0,75 08:36.900,0,0,0,0,67301,0,0,0,N,0,0,0,1,67301,0,,6,,9,N,N,N,0,,0,0,0,,0,,,2,0,1,0,0,0,0,2,0,2,07,07,,N,,,,,,,,,,,0,0,0,0,0,0,0,0,0,0,0,1,0,0,0,0,0,0,0,0,0,0,0,0,0,0,0,0,0,0,0,0,0,0,0,0,0,0,0,0,0,0,1,0,0,1,0,0,0,0,0,0,1,0,0,1,0,0,0,0,0,0,0,0,0,0,0,1,1,0,0,0,0,0,1,0,1,0,0,0,0,0,0,0,1,0,0,0,0,1,0,0,0,0,0,0,0,0,0,0,0,0,0,0,0,0,0,0,0,0,0,0,0,0,0,0,0,1,0,0,0,1,0,1,0,0,1,0,1
-8372575.98943498,4861990.59153526,32205,2024031848,0740,1,0,0,0,0,0,0,0,0,8,0,,67,3,2024,7,39.972793,-75.212128,0732,6,0,0,0,0,0,0,0,0,,0,0,0,,,1,N,0,,39 58:22.054,,0,75 12:43.660,3,0,0,0,67301,1,0,0,N,1,0,0,2,67301,0,,9,,9,N,N,N,0,,1,0,0,,0,,,2,1,1,0,0,0,1,2,0,1,07,04,,N,,,,,,,,,,,1,0,0,0,0,0,0,0,0,0,0,0,0,0,0,0,0,0,0,0,0,0,0,0,0,0,0,0,0,0,0,0,0,0,0,0,0,0,0,0,0,0,0,0,0,0,0,0,0,0,0,0,0,0,0,1,0,0,1,1,0,0,0,0,0,0,0,0,0,0,0,0,0,0,0,0,1,0,0,0,0,1,0,0,0,0,0,0,0,0,0,0,0,0,0,0,0,0,0,0,1,0,0,0,1,0,1,0,0,1,0,0,0,0,0,0,0,1,0,0,0,1,0,0,1,0,1,0,0
-8361102.06364263,4870559.80520938,32206,2024031475,0854,2,0,0,0,0,0,0,0,0,4,0,,67,1,2024,2,40.03176,-75.109056,0851,6,0,0,0,0,0,0,0,0,,0,0,0,,,1,,5,,40 01:54.335,,0,75 06:32.601,3,0,0,0,67301,0,0,0,N,0,0,0,2,67301,0,,1,,1,N,N,N,0,,1,0,0,,2,,,3,1,0,0,0,0,1,2,1,3,03,03,,N,,,,,,,,,,,0,0,1,0,0,0,0,0,0,0,0,0,0,0,0,0,0,0,0,0,0,0,0,0,0,0,0,0,0,0,0,0,0,0,0,0,0,0,0,0,0,0,1,0,0,1,0,0,0,0,0,0,0,0,0,0,0,0,1,1,1,0,0,0,0,0,0,1,1,0,0,0,0,0,1,0,0,0,0,0,0,0,0,0,0,0,0,0,0,0,0,0,0,0,0,0,0,0,0,1,0,0,0,0,0,0,0,0,0,1,0,0,0,0,0,0,0,0,0,0,0,1,0,0,0,0,0,0,0
-8365947.46882681,4874172.26178235,32207,2024021862,0348,0,0,0,0,0,0,0,0,0,1,0,,67,3,2024,4,40.056603,-75.152583,0342,6,0,0,0,0,0,0,0,0,,0,0,0,,,1,N,0,,40 03:23.770,5,0,75 09:09.300,3,0,0,0,67301,0,0,0,N,0,0,0,1,67301,0,,6,418,9,N,N,N,0,,1,0,2,,0,N,,2,1,0,0,0,0,0,2,0,2,04,05,,N,,,,,,,,,,,0,0,0,0,0,0,0,0,0,0,0,0,0,0,0,0,0,0,0,0,0,0,0,0,0,0,0,0,0,0,0,0,0,0,0,0,0,0,0,0,0,0,1,0,0,0,0,0,0,0,0,0,0,0,0,1,0,0,1,1,0,0,0,0,0,0,0,1,1,0,0,0,0,0,1,0,1,0,0,0,1,0,0,0,0,0,0,0,0,1,0,0,0,0,0,0,0,0,0,0,0,0,0,0,0,0,0,0,0,1,0,0,0,0,0,0,0,0,0,0,0,1,0,1,0,0,1,0,0
-8359869.64499273,4866662.80005288,32208,2024032027,1649,0,0,0,0,0,0,0,0,0,4,0,,67,4,2024,5,40.00495,-75.097985,1649,6,0,0,0,0,0,0,0,0,,0,0,0,,,1,,2,,40 00:17.821,,0,75 05:52.747,3,0,0,0,67301,0,0,0,N,0,0,0,2,67301,0,,1,,9,N,N,N,0,,1,0,1,,3,,,2,1,0,0,0,0,0,2,0,2,07,04,,N,,,,,,,,,,,1,0,1,0,0,0,0,0,0,0,0,0,0,0,0,0,0,0,0,0,0,0,0,0,0,0,0,0,0,0,0,0,0,0,0,0,0,0,0,0,0,0,0,0,0,0,0,0,0,0,0,0,0,0,0,0,0,0,1,1,1,0,0,0,0,0,0,1,1,0,0,0,0,0,1,0,0,0,0,0,0,0,0,0,0,0,0,0,0,0,0,0,1,0,0,0,0,0,0,0,0,0,0,0,0,0,0,1,0,1,0,0,0,0,0,0,0,0,0,0,1,1,0,0,0,0,1,0,0