X,Y,objectid,crn,arrival_tm,automobile_count,belted_death_count,belted_susp_serious_inj_count,bicycle_count,bicycle_death_count,bicycle_susp_serious_inj_count,bus_count,chldpas_death_count,chldpas_susp_serious_inj_count,collision_type,comm_veh_count,cons_zone_spd_lim,county,crash_month,crash_year,day_of_week,dec_latitude,dec_longitude,dispatch_tm,district,driver_count_16yr,driver_count_17yr,driver_count_18yr,driver_count_19yr,driver_count_20yr,driver_count_50_64yr,driver_count_65_74yr,driver_count_75plus,est_hrs_closed,fatal_count,heavy_truck_count,horse_buggy_count,hour_of_day,illumination,injury_count,intersection_related_x,intersect_type,lane_closed,latitude,ln_close_dir,location_type,longitude,max_severity_level,mcycle_death_count,mcycle_susp_serious_inj_count,motorcycle_count,municipality,nonmotr_count,nonmotr_death_count,nonmotr_susp_serious_inj_count,ntfy_hiwy_maint,ped_count,ped_death_count,ped_susp_serious_inj_count,person_count,police_agcy,possible_inj_count,rdwy_surf_type_cd,relation_to_road,roadway_cleared,road_condition,sch_bus_ind,sch_zone_ind,secondary_crash,small_truck_count,spec_juris_cd,susp_minor_inj_count,susp_serious_inj_count,suv_count,tcd_func_cd,tcd_type,tfc_detour_ind,time_of_day,total_units,tot_inj_count,unbelted_occ_count,unb_death_count,unb_susp_serious_inj_count,unk_inj_deg_count,unk_inj_per_count,urban_rural,van_count,vehicle_count,weather1,weather2,workers_pres,work_zone_ind,work_zone_loc,work_zone_type,wz_close_detour,wz_flagger,wz_law_offcr_ind,wz_ln_closure,wz_moving,wz_other,wz_shlder_mdn,wz_workers_inj_killed,aggressive_driving,alcohol_related,angle_crash,atv,atv_route,backup_congestion,backup_nonrecurring,backup_prior,bicycle,cell_phone,child_passenger,comm_vehicle,core_network,cross_median,curved_road,curve_dvr_error,deer_related,distracted,drinking_driver,driver_16yr,driver_17yr,driver_18yr,driver_19yr,driver_20yr,driver_50_64yr,driver_65_74yr,driver_75plus,drugged_driver,drug_related,fatal,fatal_or_susp_serious_inj,fatigue_asleep,federal_aid_route,fire_in_vehicle,hazardous_truck,hit_barrier,hit_bridge,hit_deer,hit_embankment,hit_fixed_object,hit_gdrail,hit_gdrail_end,hit_parked_vehicle,hit_pole,hit_roadway_equipment,hit_run,hit_temp_construction_barrier,hit_traffic_island,hit_tree_shrub,hit_utility_pole,horse_buggy,ho_oppdir_sdswp,hvy_truck_related,icy_road,illegal_drug_related,illumination_dark,impaired_driver,impaired_nonmotorist,injury,injury_or_fatal,intersection,intersection_related_y,interstate,lane_departure,left_turn,limit_65mph,limit_70mph,local_road,local_road_only,marijuana_drugged_driver,marijuana_related,mature_driver,mc_drinking_driver,motorcycle,multiple_vehicle,nhtsa_agg_driving,non_intersection,no_clearance,opioid_related,other_freeway_expressway,overturned,pedestrian,phantom_vehicle,possible_injury,property_damage_only,psp_reported,ramp,ramp_segment,ramp_terminal,rear_end,roundabout,running_red_lt,running_stop_sign,rural,school_bus,school_bus_related,school_bus_unit,school_zone,shldr_related,signalized_int,single_vehicle,snowmobile,snow_slush_road,speeding,speeding_related,speed_change_lane,state_road,stop_controlled_int,sudden_deer,suspected_minor_injury,suspected_serious_injury,sv_run_off_rd,tailgating,train,train_trolley,trolley,turnpike,unbelted,underage_drnk_drv,unlicensed,unsignalized_int,urban,vehicle_failure,vehicle_towed,vulnerable_road_user,vulnerable_road_user_fatal,wet_road,work_zone,young_driver
-8357585.81377998,4870765.23640569,33669,2024076349,1352,1,0,0,0,0,0,0,0,0,1,0,,67,8,2024,5,40.033173,-75.077469,1337,6,0,0,0,0,0,0,0,0,,0,0,0,,,1,,3,,40 01:59.423,,0,75 04:38.890,4,0,0,0,67301,0,0,0,N,0,0,0,2,67301,1,,1,,1,N,N,N,0,,0,0,1,3,3,,,2,1,1,0,0,0,0,2,0,2,03,03,,N,,,,,,,,,,,0,0,0,0,0,0,0,0,0,0,0,0,0,0,0,0,0,0,0,0,0,0,0,0,0,0,0,0,0,0,0,0,0,0,0,0,0,0,0,0,0,0,0,0,0,1,0,0,0,0,0,0,0,0,0,0,0,0,1,1,1,0,0,0,0,0,0,1,0,0,0,0,0,0,1,0,0,0,0,0,0,0,0,1,0,0,0,0,0,1,0,0,0,1,0,0,0,0,0,0,0,0,0,0,0,0,1,1,0,0,0,0,0,0,0,0,0,1,0,0,1,0,0,0,0,0,0,0,0
-8365532.02407792,4868882.4950653,33670,2024083564,0235,0,0,0,0,0,0,0,0,0,4,0,,67,9,2024,5,40.020222,-75.148851,0228,6,0,0,0,0,0,1,0,0,,0,0,0,,,2,,1,,40 01:12.800,2,0,75 08:55.865,2,0,1,1,67301,0,0,0,N,0,0,0,3,67301,0,,1,1614,1,N,N,N,1,,1,1,0,3,2,N,,2,2,0,0,0,0,0,2,0,2,03,03,,N,,,,,,,,,,,0,0,1,0,0,0,0,0,0,0,0,0,0,0,0,0,0,0,0,0,0,0,0,0,1,0,0,0,0,0,1,0,0,0,0,0,0,0,0,0,0,0,0,0,0,0,0,0,0,0,0,0,0,0,0,0,0,0,1,1,1,0,0,0,1,0,0,1,0,0,0,0,0,1,1,0,0,0,0,0,0,0,0,0,0,0,0,0,0,0,0,0,0,1,0,0,0,0,0,1,0,0,0,0,0,0,1,0,0,1,1,0,0,0,0,0,0,0,0,0,0,0,0,1,0,0,0,0,0
-8352293.34965058,4874154.228066,33671,2024081022,1917,2,0,0,0,0,0,0,0,0,3,0,,67,9,2024,3,40.056479,-75.029926,1901,6,0,0,0,0,0,1,0,0,,0,0,0,,,0,N,0,,40 03:23.326,,0,75 01:47.734,0,0,0,0,67301,0,0,0,N,0,0,0,2,67301,0,,1,,1,N,N,N,0,,0,0,0,0,0,,,2,0,0,0,0,0,0,2,0,2,04,04,,N,,,,,,,,,,,0,0,0,0,0,0,0,0,0,1,0,0,0,0,0,0,0,1,0,0,0,0,0,0,1,0,0,0,0,0,0,0,0,0,0,0,0,0,0,0,0,0,0,0,0,0,0,0,0,0,0,0,0,0,0,0,0,0,0,0,0,0,0,0,0,0,0,0,0,0,0,0,0,0,1,0,1,0,0,0,0,0,0,0,1,0,0,0,0,0,0,0,0,1,0,0,0,0,0,0,0,0,0,0,0,0,1,0,0,0,0,0,0,0,0,0,0,0,0,0,0,0,0,1,0,0,0,0,0
-8370317.3158917,4855373.03281116,33672,2024076068,1114,1,0,0,0,0,0,0,0,0,4,0,,67,9,2024,1,39.927221,-75.191838,1112,6,0,0,0,0,0,0,1,0,,0,0,0,,,1,,2,,39 55:37.995,,0,75 11:30.616,4,0,0,0,67301,0,0,0,N,0,0,0,2,67301,1,,1,,1,N,N,N,0,,0,0,1,3,3,,,2,1,0,0,0,0,0,2,0,2,03,03,,N,,,,,,,,,,,1,0,1,0,0,0,0,0,0,0,0,0,0,0,0,0,0,0,0,0,0,0,0,0,0,1,0,0,0,0,0,0,0,0,0,0,0,0,0,0,0,0,0,0,0,0,0,0,0,0,0,0,0,0,0,0,0,0,1,1,1,0,0,0,0,0,0,1,0,0,0,1,0,0,1,0,0,1,0,0,0,0,0,1,0,0,0,0,0,0,0,0,0,1,0,0,0,0,0,0,0,0,0,0,0,0,1,1,0,0,0,0,0,0,0,0,0,0,0,0,1,0,0,0,0,0,0,0,0
-8366430.59569587,4875999.85815112,33673,2024083559,1633,1,0,0,0,0,0,0,0,0,4,0,,67,9,2024,2,40.069168,-75.156923,1633,6,0,0,0,0,0,0,0,0,,0,0,0,,,0,,1,,40 04:09.004,,0,75 09:24.922,0,0,0,0,67301,0,0,0,N,0,0,0,2,67301,0,,1,,9,N,N,N,1,,0,0,0,3,3,,,2,0,0,0,0,0,0,2,0,2,03,,,N,,,,,,,,,,,0,0,1,0,0,0,0,0,0,0,0,0,0,0,0,0,0,0,0,0,0,0,0,0,0,0,0,0,0,0,0,0,0,0,0,0,0,0,0,0,0,0,0,0,0,0,0,0,0,0,0,0,0,0,0,0,0,0,0,0,1,0,0,0,0,0,0,1,1,0,0,0,0,0,1,0,0,0,0,0,0,0,0,0,1,0,0,0,0,0,0,0,0,1,0,0,0,0,0,0,0,0,0,0,0,0,0,1,0,0,0,0,0,0,0,0,0,0,0,0,1,0,1,1,0,0,1,0,0
-8374967.46664099,4859761.25428258,33674,2024069492,0957,1,0,0,0,0,0,0,0,0,7,0,,67,8,2024,4,39.957444,-75.233611,0957,6,0,0,0,0,0,0,0,0,,0,0,0,,,2,N,0,,39 57:26.800,,0,75 14:01.000,8,0,0,0,67301,1,0,0,N,1,0,0,2,67301,0,,5,,1,N,N,N,0,,0,0,0,0,0,,,2,2,0,0,0,2,0,2,0,1,03,03,,N,,,,,,,,,,,1,0,0,0,0,0,0,0,0,0,0,0,0,0,0,0,0,0,0,0,0,0,0,0,0,0,0,0,0,0,0,0,0,0,0,0,0,0,0,1,0,0,0,0,0,0,0,0,0,0,0,0,0,0,0,0,0,0,1,1,0,0,0,1,0,0,0,1,1,0,0,0,0,0,0,0,1,0,0,0,0,1,0,0,0,0,0,0,0,0,0,0,0,0,0,0,0,0,0,0,1,0,0,0,0,0,0,0,0,0,0,1,0,0,0,0,0,0,0,0,0,1,0,1,1,0,0,0,0
-8358672.73752777,4867810.08449978,33675,2024084472,1933,0,0,0,0,0,0,0,0,0,8,0,,67,9,2024,3,40.012844,-75.087233,1933,6,0,0,0,0,0,0,1,0,,0,0,0,,,1,N,0,,40 00:46.240,,0,75 05:14.038,3,0,0,0,67301,1,0,0,N,1,0,0,2,67301,0,,1,,1,N,N,N,1,,1,0,0,0,0,,,2,1,1,0,0,0,0,2,0,1,04,04,,N,,,,,,,,,,,0,1,0,0,0,0,0,0,0,0,0,0,0,0,0,0,0,0,0,0,0,0,0,0,0,1,0,0,0,0,0,0,0,0,0,0,0,0,0,0,0,0,0,0,0,0,0,0,0,0,0,0,0,0,0,1,0,1,1,1,0,0,0,0,0,0,0,0,0,0,0,1,0,0,0,0,1,0,0,0,0,1,0,0,0,0,0,0,0,0,0,0,0,1,0,0,0,0,0,0,1,0,0,0,0,0,1,0,0,1,0,0,0,0,0,0,0,1,0,0,0,0,0,0,1,0,0,0,0
-8370665.96895487,4862341.83523245,33676,2024077214,2338,2,0,0,0,0,0,0,0,0,4,0,,67,9,2024,2,39.975211,-75.19497,2336,6,0,0,0,0,0,0,0,0,,0,0,0,,,4,,1,,39 58:30.761,,0,75 11:41.892,2,0,0,0,67301,0,0,0,N,0,0,0,4,67301,0,,1,,1,N,N,N,0,,3,1,0,3,2,,,2,4,1,0,1,0,0,2,0,2,03,03,,N,,,,,,,,,,,1,0,1,0,0,0,0,0,0,0,0,0,1,0,0,0,0,0,0,0,0,0,0,0,0,0,0,0,0,0,1,0,0,0,0,0,0,0,0,0,0,0,0,0,0,0,0,0,0,0,0,0,0,0,0,1,0,0,1,1,1,0,0,0,1,0,0,1,0,0,0,0,0,0,1,0,0,0,0,0,0,0,0,0,0,0,0,0,0,0,0,0,0,1,0,0,0,0,0,1,0,0,0,1,1,0,1,0,0,1,1,0,0,0,0,0,0,1,0,0,0,0,0,1,0,0,0,0,0
-8353520.09078719,4871287.04786384,33677,2024067306,1717,0,0,0,0,0,0,0,0,0,1,0,,67,8,2024,7,40.036762,-75.040946,1717,6,0,0,0,0,0,0,0,0,,0,0,0,,,2,,5,,40 02:12.343,2,0,75 02:27.405,4,0,0,0,67301,0,0,0,N,0,0,0,2,67301,2,,1,120,1,N,N,N,0,,0,0,1,3,2,N,,2,2,1,0,0,0,0,2,1,2,03,,,N,,,,,,,,,,,1,0,0,0,0,0,0,0,0,0,0,0,0,0,0,0,0,0,0,0,0,0,0,0,0,0,0,0,0,0,0,0,0,0,0,0,0,0,0,0,0,0,0,0,0,0,0,0,0,0,0,0,0,0,0,0,0,0,1,1,1,0,0,0,0,0,0,1,0,0,0,0,0,0,1,0,0,0,0,0,0,0,0,1,0,0,0,0,0,1,0,0,0,0,0,0,0,0,0,1,0,0,0,0,0,0,1,0,0,0,0,0,1,0,0,0,0,1,0,0,0,1,0,1,0,0,0,0,0
-8363926.01695182,4861423.80583725,33678,2024076514,1240,0,0,0,0,0,0,0,0,0,4,0,,67,9,2024,1,39.968891,-75.134424,1240,6,0,0,0,0,0,0,0,0,,0,0,0,,,0,,1,,39 58:08.006,1,0,75 08:03.925,0,0,0,0,67301,0,0,0,N,0,0,0,2,67301,0,,1,1332,1,N,N,N,0,,0,0,2,3,2,Y,,2,0,0,0,0,0,0,2,0,2,03,03,,N,,,,,,,,,,,1,0,1,0,0,0,0,0,0,0,0,0,0,0,0,0,0,0,0,0,0,0,0,0,0,0,0,0,0,0,0,0,0,0,0,0,0,0,0,0,0,0,0,0,0,0,0,0,0,0,0,0,0,0,0,0,0,0,0,0,1,0,0,0,1,0,0,0,0,0,0,0,0,0,1,0,0,0,0,0,0,0,0,0,1,0,0,0,0,0,0,0,0,1,0,0,0,0,0,1,0,0,0,0,0,0,1,0,0,0,0,0,0,0,0,0,0,0,0,0,0,0,0,1,0,0,0,0,0
-8367797.93291498,4864803.93983386,33679,2024080659,1355,0,0,0,0,0,0,0,0,0,7,0,,67,8,2024,1,39.992158,-75.169206,1355,6,0,0,0,0,0,0,0,0,,0,0,0,,,2,N,0,,39 59:31.770,6,0,75 10:09.140,2,0,0,0,67301,0,0,0,N,0,0,0,3,67301,0,,5,2300,9,N,N,N,0,,1,1,1,0,0,Y,,1,2,0,0,0,0,0,2,0,1,07,07,,N,,,,,,,,,,,0,0,0,0,0,0,0,0,0,0,0,0,0,0,0,0,0,0,0,0,0,0,0,0,0,0,0,0,0,0,1,0,0,0,0,0,0,0,0,1,0,0,0,1,0,0,0,0,0,1,0,0,0,0,0,1,0,0,1,1,0,0,0,1,0,0,0,1,1,0,0,0,0,0,0,0,1,0,0,0,0,0,0,0,0,0,0,0,0,0,0,0,0,1,0,0,0,0,0,0,1,0,0,0,0,0,0,0,0,1,1,1,0,0,0,0,0,0,0,0,0,0,0,1,0,0,1,0,0
-8366824.99996477,4858516.7385436,33680,2024081501,1331,0,0,0,0,0,0,0,0,0,8,0,,67,9,2024,3,39.948874,-75.160466,1330,6,0,0,0,0,0,0,0,0,,0,0,0,,,1,,1,,39 56:55.948,,0,75 09:37.678,3,0,0,0,67301,1,0,0,N,1,0,0,2,67301,0,,1,,1,N,N,N,0,,1,0,1,3,2,,,2,1,1,0,0,0,1,2,0,1,03,03,,N,,,,,,,,,,,0,0,0,0,0,0,0,0,0,0,0,0,0,0,0,0,0,0,0,0,0,0,0,0,0,0,0,0,0,0,0,0,0,0,0,0,0,0,0,0,0,0,0,0,0,1,0,0,0,0,0,0,0,0,0,1,0,0,1,1,1,0,0,0,0,0,0,1,0,0,0,0,0,0,0,0,0,0,0,0,0,1,0,0,0,0,0,0,0,0,0,0,0,1,0,0,0,0,0,1,1,0,0,0,0,0,1,0,0,1,0,0,0,0,0,0,0,1,0,0,0,0,0,0,1,0,0,0,0
-8374406.08189343,4850166.24868058,33681,2024081648,1338,1,0,0,0,0,0,0,0,0,7,0,,67,9,2024,5,39.891343,-75.228568,1330,6,0,0,0,0,0,0,0,0,,0,0,0,,,0,N,0,,39 53:28.835,,0,75 13:42.845,9,0,0,0,67301,0,0,0,N,0,0,0,1,67301,0,,4,,1,N,N,N,0,,0,0,0,0,0,,,1,0,0,0,0,0,1,2,0,1,03,03,,N,,,,,,,,,,,0,0,0,0,0,0,0,0,0,0,0,0,0,0,1,0,0,0,0,0,0,0,0,0,0,0,0,0,0,0,0,0,0,0,0,0,0,0,0,1,1,0,0,0,0,1,0,0,0,0,0,0,0,0,0,0,0,0,0,0,0,0,0,1,0,0,0,0,0,0,0,0,0,0,0,0,1,0,0,0,0,0,0,0,0,0,0,0,0,0,0,0,0,1,0,0,0,0,0,0,1,0,0,0,0,0,1,0,0,0,0,1,0,0,0,0,0,0,0,0,0,0,0,1,0,0,0,0,0
-8367139.36684876,4872416.39931453,33682,2024078869,0224,0,0,0,0,0,0,0,0,0,5,0,,67,9,2024,1,40.044529,-75.16329,0223,6,0,0,0,0,0,0,0,0,,0,0,0,,,4,N,0,,40 02:40.306,,0,75 09:47.845,3,0,0,0,67301,0,0,0,N,0,0,0,4,67301,0,,1,,1,N,N,N,0,,4,0,3,0,0,,,3,4,0,0,0,0,0,2,0,3,03,03,,N,,,,,,,,,,,0,0,0,0,0,0,0,0,0,0,0,0,0,0,0,0,0,0,0,0,0,0,0,0,0,0,0,0,0,0,0,0,0,0,0,0,0,0,0,0,0,0,1,0,0,0,0,0,0,0,0,0,0,0,0,1,0,0,1,1,0,0,0,0,0,0,0,0,0,0,0,0,0,0,1,0,1,0,0,0,0,0,0,0,0,0,0,0,0,0,0,0,0,1,0,0,0,0,0,0,0,0,0,0,0,0,1,0,0,1,0,0,0,0,0,0,0,0,0,0,0,0,0,1,0,0,0,0,0
-8372399.77017015,4851175.37803174,33683,2024076852,0955,1,0,0,0,0,0,0,0,0,1,0,,67,9,2024,2,39.898298,-75.210545,0947,6,0,0,0,0,0,0,0,0,,0,0,0,,,1,N,0,,39 53:53.873,3,3,75 12:37.962,8,0,0,0,67301,0,0,0,N,0,0,0,3,67301,0,,1,1005,1,N,N,N,1,,0,0,0,0,0,N,,3,1,0,0,0,1,0,2,1,3,03,,,N,,,,,,,,,,,0,0,0,0,0,0,0,0,0,0,0,0,0,0,0,0,0,0,0,0,0,0,0,0,0,0,0,0,0,0,0,0,0,0,0,0,0,0,0,0,0,0,1,0,0,0,0,0,0,0,0,0,0,0,0,0,0,0,1,1,0,0,0,0,0,0,0,0,0,0,0,0,0,0,1,0,1,0,0,0,0,0,0,0,0,0,0,0,0,1,0,0,0,1,0,0,0,0,0,0,0,0,0,0,0,0,1,0,0,0,0,0,0,0,0,0,0,0,0,0,0,0,0,1,0,0,0,0,0
-8374310.34758021,4859561.85985891,33684,2024071319,1457,0,0,0,0,0,0,0,0,0,4,0,,67,8,2024,3,39.956071,-75.227708,1453,6,0,0,0,0,0,1,0,0,,0,0,0,,,0,,1,,39 57:21.855,,0,75 13:39.748,0,0,0,0,67301,0,0,0,N,0,0,0,2,67301,0,,1,,1,N,N,N,0,,0,0,2,3,2,,,2,0,1,0,0,0,0,2,0,2,03,03,,N,,,,,,,,,,,0,0,1,0,0,0,0,0,0,0,0,0,0,0,0,0,0,0,0,0,0,0,0,0,1,0,0,0,0,0,0,0,0,0,0,0,0,0,0,0,0,0,0,0,0,0,0,0,0,0,0,0,0,0,0,0,0,0,0,0,1,0,0,0,0,0,0,1,1,0,0,0,0,0,1,0,0,0,0,0,0,0,0,0,1,0,0,0,0,0,0,0,0,0,0,0,0,0,0,1,0,0,0,0,0,0,0,0,0,0,0,0,0,0,0,0,0,1,0,0,0,1,0,1,0,0,0,0,0
-8371569.43824905,4861226.99208543,33685,2024074602,1724,0,0,0,0,0,0,0,0,0,8,0,,67,8,2024,3,39.967536,-75.203086,1724,6,0,0,0,0,0,0,0,0,,0,0,0,,,2,N,0,,39 58:03.130,,0,75 12:11.110,3,0,0,0,67301,2,0,0,N,2,0,0,2,67301,0,,1,,1,N,N,N,0,,2,0,1,0,0,,,3,2,0,0,0,0,0,2,0,1,03,,,N,,,,,,,,,,,0,0,0,0,0,0,0,0,0,0,0,0,0,0,0,0,0,0,0,0,0,0,0,0,0,0,0,0,0,0,0,0,0,0,0,0,0,0,0,0,0,0,0,0,0,1,0,0,0,0,0,0,0,0,0,0,0,0,1,1,0,0,0,0,0,0,0,1,1,0,0,0,0,0,0,0,1,0,0,0,0,1,0,0,0,0,0,0,0,0,0,0,0,0,0,0,0,0,0,0,1,0,0,0,0,0,0,0,0,1,0,0,0,0,0,0,0,0,0,0,0,1,0,0,1,0,0,0,0
-8365993.44374708,4873465.16755701,33686,2024073765,0124,5,0,0,0,0,0,0,0,0,4,0,,67,8,2024,6,40.051741,-75.152996,0123,6,0,0,0,0,0,0,0,0,,0,0,0,,,2,,1,,40 03:06.267,5,0,75 09:10.785,3,0,0,0,67301,0,0,0,N,0,0,0,2,67301,0,,1,322,1,N,N,N,0,,2,0,1,3,2,N,,6,2,0,0,0,0,0,2,0,6,03,03,,N,,,,,,,,,,,0,0,1,0,0,0,0,0,0,0,0,0,0,0,0,0,0,0,0,0,0,0,0,0,0,0,0,0,0,0,0,0,0,0,0,0,0,0,0,0,0,0,1,0,0,1,0,0,0,0,0,0,0,0,0,1,0,0,1,1,1,0,0,0,0,0,0,1,1,0,0,0,0,0,1,0,0,0,0,0,0,0,0,0,0,0,0,0,0,0,0,0,0,0,0,0,0,0,0,1,0,0,0,0,0,0,0,0,0,1,0,0,0,0,0,0,0,0,0,0,0,1,0,1,0,0,0,0,0
-8367519.1883661,4856916.52280423,33687,2024075395,1857,0,0,0,1,0,0,0,0,0,8,0,,67,8,2024,1,39.937853,-75.166702,1855,6,0,0,0,0,0,0,0,0,,0,0,0,,,1,,1,,39 56:16.271,,0,75 10:00.127,3,0,0,0,67301,1,0,0,N,0,0,0,2,67301,0,,1,,1,N,N,N,0,,1,0,1,3,2,,,2,1,0,0,0,0,0,2,0,1,03,,,N,,,,,,,,,,,0,0,0,0,0,0,0,0,1,0,0,0,0,0,0,0,0,0,0,0,0,0,0,0,0,0,0,0,0,0,0,0,0,0,0,0,0,0,0,0,0,0,0,0,0,1,0,0,0,0,0,0,0,0,0,0,0,0,1,1,1,0,0,0,1,0,0,1,0,0,0,0,0,0,0,0,0,0,0,0,0,0,0,0,0,0,0,0,0,0,0,0,0,0,0,0,0,0,0,1,1,0,0,0,0,0,1,0,0,1,0,0,0,0,0,0,0,0,0,0,0,1,0,0,1,0,0,0,0
-8376289.72016478,4861452.41971023,33688,2024074964,1000,1,0,0,0,0,0,0,0,0,5,1,,67,8,2024,3,39.969088,-75.245489,0959,6,0,0,0,0,0,1,0,0,,0,1,0,,,2,N,0,,39 58:08.718,,0,75 14:43.760,3,0,0,0,67301,0,0,0,N,0,0,0,2,67301,0,,1,,1,N,Y,N,2,,2,0,3,0,0,,,7,2,0,0,0,0,0,2,0,7,03,03,,N,,,,,,,,,,,1,0,0,0,0,0,0,0,0,0,0,1,0,1,0,0,0,0,0,0,0,0,0,0,1,0,0,0,0,0,0,0,0,0,0,0,0,0,0,0,0,0,1,0,0,0,0,0,0,0,0,0,1,0,0,0,0,0,1,1,0,0,0,0,0,0,0,0,0,0,0,0,0,0,1,1,1,0,0,0,0,0,0,0,0,0,0,0,0,0,0,0,0,0,0,0,0,1,0,0,0,0,0,0,1,0,1,0,0,1,0,0,0,0,0,0,0,0,0,0,0,1,0,1,0,0,0,0,0
-8367020.36591883,4862718.80422162,33689,2024071997,1230,6,0,0,0,0,0,0,0,0,4,0,,67,8,2024,3,39.977806,-75.162221,1227,6,0,0,0,0,0,2,0,0,,0,0,0,,,1,,1,,39 58:40.101,,0,75 09:43.997,4,0,0,0,67301,0,0,0,N,0,0,0,6,67301,1,,1,,1,N,N,N,0,,0,0,1,3,3,,,7,1,2,0,0,0,0,2,0,7,03,03,,N,,,,,,,,,,,1,0,1,0,0,0,0,0,0,0,0,0,0,0,0,0,0,0,0,0,0,0,0,0,1,0,0,0,0,0,0,0,0,0,0,0,0,0,0,0,0,0,1,0,0,0,0,0,0,0,0,0,0,0,0,0,0,0,1,1,1,0,0,0,0,0,0,1,1,0,0,0,0,0,1,0,0,0,0,0,0,0,0,1,0,0,0,0,0,0,0,0,1,0,0,0,0,0,0,0,0,0,0,0,0,0,0,1,0,0,0,0,0,0,0,0,0,1,0,0,1,1,0,1,0,0,0,0,0
-8360300.22891439,4866359.94139525,33690,2024074966,2020,0,0,0,0,0,0,0,0,0,1,0,,67,8,2024,6,40.002866,-75.101853,2020,6,0,0,0,0,0,1,0,0,,0,0,0,,,1,,5,,40 00:10.317,,1,75 06:06.670,3,0,0,0,67301,0,0,0,N,0,0,0,3,67301,0,,1,,9,N,N,N,0,,1,0,2,3,2,,,2,1,0,0,0,0,0,2,0,2,07,04,,N,,,,,,,,,,,0,1,0,0,0,0,0,0,0,0,0,0,0,0,0,0,0,0,1,0,0,0,0,0,1,0,0,1,1,0,0,0,0,0,0,0,0,0,0,0,0,0,0,0,0,0,0,0,0,0,0,0,0,0,1,1,1,0,1,1,1,0,0,0,0,0,0,1,1,0,0,0,0,0,1,0,0,0,0,0,0,0,0,0,0,0,0,0,0,1,0,0,0,0,0,0,0,0,0,1,0,0,0,0,0,0,0,0,0,1,0,0,0,0,0,0,0,0,0,0,0,1,0,1,0,0,1,0,0
-8373915.49698911,4857029.76776978,33691,2024069407,1655,2,0,0,0,0,0,0,0,0,2,0,,67,8,2024,6,39.938633,-75.224161,1645,6,0,0,0,0,0,0,0,0,,0,0,0,,,1,N,0,,39 56:19.080,,0,75 13:26.980,8,0,0,0,67301,0,0,0,N,0,0,0,4,67301,0,,1,,9,N,N,N,1,,0,0,0,0,0,,,3,1,0,0,0,1,3,2,0,3,07,07,,N,,,,,,,,,,,0,0,0,0,0,0,0,0,0,0,0,0,0,0,0,0,0,0,0,0,0,0,0,0,0,0,0,0,0,0,0,0,0,0,0,0,0,0,0,0,0,0,0,0,0,1,0,0,0,0,0,1,0,0,0,0,0,0,1,1,0,0,0,1,0,0,0,1,1,0,0,0,0,0,1,0,1,0,0,0,0,0,0,0,0,0,0,0,0,0,0,0,0,0,0,0,0,0,0,0,0,0,0,0,0,0,0,0,0,0,0,0,0,0,0,0,0,0,0,0,0,1,0,1,0,0,1,0,0
-8370254.75437437,4854723.88642355,33692,2024072702,2351,0,0,0,0,0,0,0,0,0,7,0,,67,8,2024,2,39.922749,-75.191276,2351,6,0,0,0,0,0,0,0,0,,0,0,0,,,0,N,0,,39 55:21.898,3,0,75 11:28.592,0,0,0,0,67301,0,0,0,N,0,0,0,1,67301,0,,4,1250,1,N,N,N,0,,0,0,1,0,0,Y,,1,0,0,0,0,0,0,2,0,1,03,03,,N,,,,,,,,,,,0,0,0,0,0,0,0,0,0,0,0,0,0,0,0,0,0,0,0,0,0,0,0,0,0,0,0,0,0,0,0,0,0,0,0,0,0,0,0,1,0,0,0,1,0,0,0,0,0,1,0,0,0,0,0,1,0,0,0,0,0,0,0,1,0,0,0,0,0,0,0,0,0,0,0,0,1,0,0,0,1,0,0,0,1,0,0,0,0,0,0,0,0,0,0,0,0,0,0,0,1,0,0,0,0,0,1,0,0,0,0,1,0,0,0,0,0,0,0,0,0,1,0,1,0,0,0,0,0
-8356599.18878368,4871379.37428425,33693,2024073755,0110,0,0,0,0,0,0,0,0,0,5,0,,67,8,2024,1,40.037397,-75.068606,0105,6,0,0,0,0,0,0,0,0,,0,0,0,,,1,N,0,,40 02:14.630,1,0,75 04:06.980,3,0,0,0,67301,0,0,0,N,0,0,0,1,67301,0,,6,231,1,N,N,N,0,,1,0,4,0,0,N,,4,1,0,0,0,0,0,2,0,4,03,,,N,,,,,,,,,,,0,0,0,0,0,0,0,0,0,0,0,0,0,0,0,0,0,0,0,0,0,0,0,0,0,0,0,0,0,0,0,0,0,0,0,0,0,0,0,0,0,0,1,0,0,1,0,0,0,0,0,0,0,0,0,1,0,0,1,1,0,0,0,0,0,0,0,0,0,0,0,0,0,0,1,0,1,0,0,0,0,0,0,0,0,0,0,0,0,0,0,0,0,0,0,0,0,0,0,0,0,0,0,0,0,0,1,0,0,1,0,0,0,0,0,0,0,0,0,0,0,1,0,1,0,0,0,0,0
-8355965.33543108,4869505.52972351,33694,2024069753,1929,1,0,0,0,0,0,0,0,0,4,0,,67,8,2024,7,40.024508,-75.062912,1913,6,0,0,0,0,0,1,0,0,,0,0,0,,,1,,5,,40 01:28.228,,0,75 03:46.484,3,0,0,0,67301,0,0,0,N,0,0,0,2,67301,0,,1,,1,N,N,N,0,,1,0,1,3,2,,,2,1,0,0,0,0,0,2,0,2,03,,,N,,,,,,,,,,,1,0,1,0,0,0,0,0,0,0,0,0,0,0,0,0,0,0,0,0,0,0,0,0,1,0,0,0,0,0,0,0,0,0,0,0,0,0,0,0,0,0,0,0,0,0,0,0,0,0,0,0,0,0,0,0,0,0,1,1,1,0,0,0,1,0,0,1,0,0,0,0,0,0,1,0,0,0,0,0,0,0,0,0,0,0,0,0,0,0,0,0,0,0,0,0,0,0,0,1,0,0,0,0,0,0,1,0,0,1,0,0,0,0,0,0,0,0,0,0,0,1,0,0,0,0,0,0,0