X,Y,objectid,crn,arrival_tm,automobile_count,belted_death_count,belted_susp_serious_inj_count,bicycle_count,bicycle_death_count,bicycle_susp_serious_inj_count,bus_count,chldpas_death_count,chldpas_susp_serious_inj_count,collision_type,comm_veh_count,cons_zone_spd_lim,county,crash_month,crash_year,day_of_week,dec_latitude,dec_longitude,dispatch_tm,district,driver_count_16yr,driver_count_17yr,driver_count_18yr,driver_count_19yr,driver_count_20yr,driver_count_50_64yr,driver_count_65_74yr,driver_count_75plus,est_hrs_closed,fatal_count,heavy_truck_count,horse_buggy_count,hour_of_day,illumination,injury_count,intersection_related_x,intersect_type,lane_closed,latitude,ln_close_dir,location_type,longitude,max_severity_level,mcycle_death_count,mcycle_susp_serious_inj_count,motorcycle_count,municipality,nonmotr_count,nonmotr_death_count,nonmotr_susp_serious_inj_count,ntfy_hiwy_maint,ped_count,ped_death_count,ped_susp_serious_inj_count,person_count,police_agcy,possible_inj_count,rdwy_surf_type_cd,relation_to_road,roadway_cleared,road_condition,sch_bus_ind,sch_zone_ind,secondary_crash,small_truck_count,spec_juris_cd,susp_minor_inj_count,susp_serious_inj_count,suv_count,tcd_func_cd,tcd_type,tfc_detour_ind,time_of_day,total_units,tot_inj_count,unbelted_occ_count,unb_death_count,unb_susp_serious_inj_count,unk_inj_deg_count,unk_inj_per_count,urban_rural,van_count,vehicle_count,weather1,weather2,workers_pres,work_zone_ind,work_zone_loc,work_zone_type,wz_close_detour,wz_flagger,wz_law_offcr_ind,wz_ln_closure,wz_moving,wz_other,wz_shlder_mdn,wz_workers_inj_killed,aggressive_driving,alcohol_related,angle_crash,atv,atv_route,backup_congestion,backup_nonrecurring,backup_prior,bicycle,cell_phone,child_passenger,comm_vehicle,core_network,cross_median,curved_road,curve_dvr_error,deer_related,distracted,drinking_driver,driver_16yr,driver_17yr,driver_18yr,driver_19yr,driver_20yr,driver_50_64yr,driver_65_74yr,driver_75plus,drugged_driver,drug_related,fatal,fatal_or_susp_serious_inj,fatigue_asleep,federal_aid_route,fire_in_vehicle,hazardous_truck,hit_barrier,hit_bridge,hit_deer,hit_embankment,hit_fixed_object,hit_gdrail,hit_gdrail_end,hit_parked_vehicle,hit_pole,hit_roadway_equipment,hit_run,hit_temp_construction_barrier,hit_traffic_island,hit_tree_shrub,hit_utility_pole,horse_buggy,ho_oppdir_sdswp,hvy_truck_related,icy_road,illegal_drug_related,illumination_dark,impaired_driver,impaired_nonmotorist,injury,injury_or_fatal,intersection,intersection_related_y,interstate,lane_departure,left_turn,limit_65mph,limit_70mph,local_road,local_road_only,marijuana_drugged_driver,marijuana_related,mature_driver,mc_drinking_driver,motorcycle,multiple_vehicle,nhtsa_agg_driving,non_intersection,no_clearance,opioid_related,other_freeway_expressway,overturned,pedestrian,phantom_vehicle,possible_injury,property_damage_only,psp_reported,ramp,ramp_segment,ramp_terminal,rear_end,roundabout,running_red_lt,running_stop_sign,rural,school_bus,school_bus_related,school_bus_unit,school_zone,shldr_related,signalized_int,single_vehicle,snowmobile,snow_slush_road,speeding,speeding_related,speed_change_lane,state_road,stop_controlled_int,sudden_deer,suspected_minor_injury,suspected_serious_injury,sv_run_off_rd,tailgating,train,train_trolley,trolley,turnpike,unbelted,underage_drnk_drv,unlicensed,unsignalized_int,urban,vehicle_failure,vehicle_towed,vulnerable_road_user,vulnerable_road_user_fatal,wet_road,work_zone,young_driver
-8365718.70623168,4853171.88427595,34256,2024061466,2040,2,0,0,0,0,0,0,0,0,4,0,,67,7,2024,7,39.912056,-75.150528,2035,6,0,0,0,0,0,0,0,0,,0,0,0,,,1,,2,,39 54:43.400,2,2,75 09:01.900,4,0,0,0,67301,0,0,0,N,0,0,0,3,67301,1,,1,2055,1,N,N,N,0,,0,0,0,,2,N,,2,1,0,0,0,0,0,2,0,2,04,,,N,,,,,,,,,,,1,0,1,0,0,1,0,0,0,0,0,0,0,0,0,0,0,0,0,0,0,0,0,0,0,0,0,0,0,0,0,0,0,0,0,0,0,0,0,0,0,0,0,0,0,0,0,0,0,0,0,0,0,0,0,0,0,0,1,1,1,0,0,0,1,0,0,1,1,0,0,0,0,0,1,0,0,1,0,0,0,0,0,1,0,0,1,0,0,0,0,0,0,0,0,0,0,0,0,1,0,0,0,0,0,0,0,0,0,0,0,0,0,0,0,0,0,0,0,0,0,1,0,1,0,0,0,0,0
-8354754.62423332,4870605.456477,34257,2024070617,2041,1,0,0,0,0,0,0,0,0,4,0,,67,8,2024,2,40.032074,-75.052036,2041,6,0,0,1,0,0,1,0,0,,0,0,0,,,1,N,0,,40 01:55.466,,7,75 03:07.329,3,0,0,0,67301,0,0,0,N,0,0,0,5,67301,0,,1,,1,N,N,N,1,,1,0,1,,2,,,3,1,0,0,0,0,0,2,0,3,03,,,N,,,,,,,,,,,0,0,1,0,0,0,0,0,0,0,0,0,0,0,0,0,0,0,0,0,0,1,0,0,1,0,0,0,0,0,0,0,0,0,0,0,0,0,0,0,0,0,0,0,0,0,0,0,0,0,0,0,0,0,0,1,0,0,1,1,0,0,0,0,1,0,0,0,0,0,0,0,0,0,1,0,1,0,0,0,0,0,0,0,0,0,0,0,0,0,0,0,0,0,0,0,0,0,0,0,0,0,0,0,0,0,1,0,0,1,0,0,0,0,0,0,0,0,0,0,0,1,0,1,0,0,0,0,1
-8374454.17260859,4864452.75413784,34258,2024063552,1850,0,0,0,0,0,0,0,0,0,4,0,,67,7,2024,4,39.989741,-75.229,1843,6,0,0,0,0,0,1,0,0,,0,0,0,,,3,,1,,39 59:23.067,,0,75 13:44.399,3,0,0,0,67301,0,0,0,N,0,0,0,5,67301,0,,1,,1,N,N,N,0,,3,0,1,,3,,,2,3,2,0,0,0,0,2,1,2,03,03,,N,,,,,,,,,,,1,0,1,0,0,0,0,0,0,0,1,0,0,0,0,0,0,0,0,0,0,0,0,0,1,0,0,0,0,0,0,0,0,0,0,0,0,0,0,0,0,0,0,0,0,0,0,0,0,0,0,0,0,0,0,0,0,0,1,1,1,0,0,0,0,0,0,1,1,0,0,0,0,0,1,0,0,0,0,0,0,0,0,0,0,0,0,0,0,0,0,0,1,0,0,0,0,0,0,0,0,0,0,0,0,0,0,1,0,1,0,0,0,0,0,0,0,1,0,0,1,1,0,0,0,0,0,0,0
-8364692.22890907,4854471.3232333,34259,2024059499,1450,1,0,0,0,0,0,0,0,0,1,0,,67,7,2024,7,39.921009,-75.141307,1446,6,0,0,0,0,0,1,0,0,,0,0,0,,,2,N,0,,39 55:15.633,,0,75 08:28.706,3,0,0,0,67301,0,0,0,N,0,0,0,3,67301,0,,1,,1,N,N,N,1,,1,0,1,,0,,,3,2,0,0,0,1,1,2,0,3,03,,,N,,,,,,,,,,,0,0,0,0,0,0,0,0,0,0,0,0,0,0,0,0,0,0,0,0,0,0,0,0,1,0,0,0,0,0,0,0,0,0,0,0,0,0,0,0,0,0,0,0,0,0,0,0,0,0,0,0,0,0,0,0,0,0,1,1,0,0,0,0,0,0,0,0,0,0,0,0,0,0,1,0,1,0,0,0,0,0,0,0,0,0,0,0,0,1,0,0,0,0,0,0,0,0,0,0,0,0,0,0,0,0,1,0,0,1,0,0,0,0,0,0,0,0,0,0,0,1,0,1,0,0,0,0,0
-8363236.72656639,4863157.67515119,34260,2024063558,1405,1,0,0,0,0,0,0,0,0,2,0,,67,7,2024,5,39.980827,-75.128232,1400,6,0,0,0,0,0,1,0,0,,0,0,0,,,2,N,0,,39 58:50.977,,0,75 07:41.634,3,0,0,0,67301,0,0,0,N,0,0,0,2,67301,0,,1,,1,N,N,N,0,,2,0,1,,0,,,2,2,0,0,0,0,0,2,0,2,03,,,N,,,,,,,,,,,0,0,0,0,0,0,0,0,0,0,0,0,0,0,0,0,0,0,0,0,0,0,0,0,1,0,0,0,0,0,0,0,0,0,0,0,0,0,0,0,0,0,0,0,0,0,0,0,0,0,0,1,0,0,0,0,0,0,1,1,0,0,0,1,0,0,0,0,0,0,0,0,0,0,1,0,1,0,0,0,0,0,0,0,0,0,0,0,0,0,0,0,0,0,0,0,0,0,0,0,0,0,0,0,0,0,1,0,0,1,0,0,0,0,0,0,0,0,0,0,0,1,0,0,0,0,0,0,0
-8371120.48645514,4859441.61539339,34261,2024068541,1848,1,0,0,0,0,0,0,0,0,1,0,,67,7,2024,7,39.955243,-75.199053,1847,6,0,0,0,0,0,0,0,0,,0,0,0,,,1,N,0,,39 57:18.876,,0,75 11:56.590,4,0,0,0,67301,0,0,0,N,0,0,0,1,67504,1,,6,,1,N,N,N,0,,0,0,1,,0,,,2,1,0,0,0,0,0,2,0,2,03,,,N,,,,,,,,,,,0,0,0,0,0,0,0,0,0,0,0,0,0,0,0,0,0,1,0,0,0,0,0,0,0,0,0,0,0,0,0,0,0,0,0,0,0,0,0,0,0,0,1,0,0,0,0,0,0,0,0,0,0,0,0,0,0,0,1,1,0,0,0,0,0,0,0,0,0,0,0,0,0,0,1,0,1,0,0,0,0,0,0,1,0,0,0,0,0,1,0,0,0,0,0,0,0,0,0,0,0,0,0,0,0,0,1,0,0,0,0,0,0,0,0,0,0,0,0,0,0,1,1,1,0,0,0,0,0
-8354143.92550982,4874166.88108926,34262,2024061158,0950,1,0,0,0,0,0,0,0,0,4,0,,67,7,2024,7,40.056566,-75.04655,0940,6,0,0,0,0,0,1,0,1,,0,0,0,,,2,,1,,40 03:23.636,,0,75 02:47.581,3,0,0,0,67301,0,0,0,N,0,0,0,2,67301,0,,1,,1,N,N,N,0,,2,0,1,,2,,,2,2,0,0,0,0,0,2,0,2,03,,,N,,,,,,,,,,,0,0,1,0,0,0,0,0,0,0,0,0,1,0,0,0,0,0,0,0,0,0,0,0,1,0,1,0,0,0,0,0,0,0,0,0,0,0,0,0,0,0,0,0,0,0,0,0,0,0,0,0,0,0,0,0,0,0,1,1,1,0,0,0,0,0,0,0,0,0,0,1,0,0,1,0,0,0,0,0,0,0,0,0,0,0,0,0,0,0,0,0,0,0,0,0,0,0,0,1,0,0,0,0,0,0,1,0,0,1,0,0,0,0,0,0,0,0,0,0,0,1,0,1,0,0,0,0,0
-8367508.16825523,4865950.2827747,34263,2024064853,0245,0,0,0,0,0,0,0,0,0,8,0,,67,7,2024,7,40.000047,-75.166603,0240,6,0,0,0,0,0,1,0,0,,0,0,0,,,1,N,0,,40 00:00.170,,0,75 09:59.770,8,0,0,0,67301,1,0,0,N,1,0,0,3,67301,0,,1,,1,N,N,N,0,,0,0,1,,0,,,2,1,0,0,0,1,0,2,0,1,03,03,,N,,,,,,,,,,,0,0,0,0,0,0,0,0,0,0,0,0,0,0,0,0,0,0,0,0,0,0,0,0,1,0,0,0,0,0,0,0,0,0,0,0,0,0,0,0,0,0,0,0,0,1,0,0,0,0,0,0,0,0,0,1,0,0,1,1,0,0,0,0,0,0,0,1,1,0,0,0,0,0,0,0,1,0,0,0,0,1,0,0,0,0,0,0,0,0,0,0,0,0,0,0,0,0,0,0,1,0,0,0,0,0,0,0,0,0,0,0,0,0,0,0,0,0,0,0,0,1,0,0,1,0,0,0,0
-8369149.46284984,4855418.03353012,34264,2024084465,0135,1,0,0,0,0,0,0,0,0,6,0,,67,9,2024,5,39.927531,-75.181347,0131,6,0,0,0,0,0,0,0,0,,0,0,0,,,1,N,0,,39 55:39.110,,0,75 10:52.850,3,0,0,0,67301,0,0,0,N,0,0,0,1,67301,0,,9,,1,N,N,N,0,,1,0,1,,0,,,2,1,0,0,0,0,0,2,0,2,03,03,,N,,,,,,,,,,,0,0,0,0,0,0,0,0,0,0,0,0,0,0,0,0,0,0,0,0,0,0,0,0,0,0,0,0,0,0,0,1,0,0,0,0,0,0,0,0,0,0,1,0,0,0,0,0,0,0,0,1,0,0,0,0,0,0,1,1,0,0,0,0,0,0,0,1,1,0,0,0,0,0,1,0,1,0,0,0,0,0,0,0,0,0,0,0,0,0,0,0,0,1,0,0,0,0,0,0,0,0,0,0,0,0,0,0,0,1,0,0,0,0,0,0,0,0,0,0,0,0,0,0,0,0,0,0,0
-8375890.86167101,4850253.15588435,34265,2024060486,1015,2,0,0,0,0,0,0,0,0,1,0,,67,7,2024,4,39.891942,-75.241906,1004,6,0,0,0,0,0,0,0,0,,0,0,0,,,0,,2,,39 53:30.990,,7,75 14:30.862,0,0,0,0,67301,0,0,0,N,0,0,0,2,67301,0,,1,,1,N,N,N,0,,0,0,0,,2,,,2,0,0,0,0,0,0,2,0,2,03,,,N,,,,,,,,,,,0,0,0,0,0,0,0,0,0,0,0,0,0,0,0,0,0,0,0,0,0,0,0,0,0,0,0,0,0,0,0,0,0,0,0,0,0,0,0,0,0,0,0,0,0,0,0,0,0,0,0,0,0,0,0,0,0,0,0,0,1,0,0,0,0,0,0,0,0,0,0,0,0,0,1,0,0,0,0,0,0,0,0,0,1,0,0,0,0,1,0,0,0,0,0,0,0,0,0,1,0,0,0,0,0,0,1,0,0,0,0,0,0,0,0,0,0,0,0,0,0,1,0,1,0,0,0,0,0
-8369419.74679262,4859164.68058813,34266,2024070086,0645,2,0,0,0,0,0,0,0,0,4,1,,67,7,2024,3,39.953336,-75.183775,0630,6,0,0,0,0,0,0,0,0,,0,1,0,,,1,,1,,39 57:12.011,,0,75 11:01.589,3,0,0,0,67301,0,0,0,N,0,0,0,2,67301,0,,1,,1,N,N,N,0,,1,0,0,,2,,,3,1,0,0,0,0,0,2,0,3,03,03,,N,,,,,,,,,,,1,0,1,0,0,0,0,0,0,0,0,1,0,0,0,0,0,0,0,0,0,0,0,0,0,0,0,0,0,0,0,0,0,0,0,0,0,0,0,0,0,0,1,0,0,1,0,0,0,0,0,0,1,0,0,0,0,0,1,1,1,0,0,0,0,0,0,1,0,0,0,0,0,0,1,0,0,0,0,0,0,0,0,0,0,0,0,0,0,0,0,1,0,0,0,0,0,0,0,1,0,0,0,0,0,0,1,0,0,1,0,0,0,0,0,0,0,0,0,0,0,1,0,1,0,0,0,0,0
-8355202.57410998,4872117.58239796,34267,2024061471,1620,1,0,0,0,0,0,0,0,0,1,0,,67,7,2024,7,40.042474,-75.05606,1616,6,0,0,0,0,0,0,0,0,,0,0,0,,,1,N,0,,40 02:32.906,,0,75 03:21.815,3,0,0,0,67301,0,0,0,N,0,0,0,2,67301,0,,1,,1,N,N,N,0,,1,0,1,,0,,,3,1,0,0,0,0,0,2,0,2,03,,,N,,,,,,,,,,,1,0,0,0,0,0,0,0,0,0,0,0,0,0,0,0,0,0,0,0,0,0,0,0,0,0,0,0,0,0,0,0,0,0,0,0,0,0,0,0,0,0,0,0,0,0,0,0,0,0,0,0,0,0,0,0,0,0,1,1,0,0,0,0,0,0,0,0,0,0,0,0,0,0,1,0,1,0,0,0,0,0,1,0,0,0,0,0,0,1,0,0,0,0,0,0,0,0,0,0,0,0,0,0,0,0,1,0,0,1,0,0,0,0,0,0,0,0,0,0,0,1,0,1,0,0,0,0,0
-8371182.26875307,4856493.46181929,34268,2024064542,1741,2,0,0,0,0,0,0,0,0,1,0,,67,7,2024,7,39.934939,-75.199608,1719,6,0,0,0,0,0,2,0,0,,0,0,0,,,1,N,0,,39 56:05.781,4,0,75 11:58.588,3,0,0,0,67301,0,0,0,N,0,0,0,5,68K01,0,,1,1940,1,N,N,N,0,,1,0,1,,0,N,,3,1,0,0,0,0,0,2,0,3,03,,,N,,,,,,,,,,,1,0,0,0,0,0,0,0,0,0,1,0,0,0,0,0,0,0,0,0,0,0,0,0,1,0,0,0,0,0,0,0,0,0,0,0,0,0,0,0,0,0,0,0,0,0,0,0,0,0,0,0,0,0,0,0,0,0,1,1,0,0,0,0,0,0,0,0,0,0,0,0,0,0,1,0,1,0,0,0,0,0,0,0,0,1,0,0,0,1,0,0,0,0,0,0,0,0,0,0,0,0,0,0,1,0,1,0,0,1,0,0,0,0,0,0,0,0,0,0,0,1,0,0,0,0,0,0,0
-8370032.56104966,4865945.48716836,34269,2024070270,1245,0,0,0,0,0,0,0,0,0,7,1,,67,8,2024,7,40.000014,-75.18928,1215,6,0,0,0,0,0,0,0,0,,0,1,0,,,0,N,0,,40 00:00.050,3,1,75 11:21.407,0,0,0,0,67301,0,0,0,N,0,0,0,1,67301,0,,1,1930,1,N,N,N,0,,0,0,0,,8,Y,,1,0,1,0,0,0,0,2,0,1,03,03,,N,,,,,,,,,,,1,0,0,0,0,0,0,0,0,0,0,1,0,0,0,0,0,0,0,0,0,0,0,0,0,0,0,0,0,0,0,0,0,0,0,0,1,0,0,1,0,0,0,0,0,0,0,0,0,0,0,0,1,0,0,0,0,0,0,0,0,0,0,0,0,0,0,0,0,0,0,0,0,0,0,0,1,0,0,0,0,0,0,0,1,0,0,0,0,0,0,0,0,0,0,0,0,0,0,0,1,0,0,0,0,0,1,0,0,0,0,1,0,0,0,0,0,1,0,0,0,1,0,1,0,0,0,0,0
-8358563.31058304,4872173.85520369,34270,2024063513,1214,2,0,0,0,0,0,0,0,0,7,0,,67,7,2024,5,40.042861,-75.08625,1213,6,0,0,0,0,0,0,0,0,,0,0,0,,,3,N,0,,40 02:34.300,,0,75 05:10.500,4,0,0,0,67301,0,0,0,N,0,0,0,3,67301,3,,3,,1,N,N,N,1,,0,0,0,,0,,,3,3,0,0,0,0,0,2,0,3,03,03,,N,,,,,,,,,,,0,1,0,0,0,0,0,0,0,0,0,0,0,0,0,0,0,0,1,0,0,0,0,0,0,0,0,0,0,0,0,0,0,0,0,0,0,0,0,1,0,0,1,0,0,0,0,0,1,0,0,0,0,0,0,1,1,0,1,1,0,0,0,1,0,0,0,1,1,0,0,0,0,0,1,0,1,0,0,0,0,0,0,1,0,0,0,0,0,0,0,0,0,0,0,0,0,0,0,0,0,0,0,0,0,0,0,0,0,0,0,1,0,0,0,0,0,0,0,0,0,1,0,1,0,0,0,0,0
-8357985.67335181,4867345.71925917,34271,2024070894,2007,1,0,0,0,0,0,0,0,0,1,0,,67,8,2024,4,40.009649,-75.081061,2004,6,0,0,0,0,0,0,0,1,,0,0,0,,,2,N,0,,40 00:34.736,,0,75 04:51.818,3,0,0,0,67301,0,0,0,N,0,0,0,2,67301,1,,1,,1,N,N,N,0,,1,0,1,,0,,,2,2,0,0,0,0,0,2,0,2,03,,,N,,,,,,,,,,,0,0,0,0,0,0,0,0,0,0,0,0,0,0,0,0,0,0,0,0,0,0,0,0,0,0,1,0,0,0,0,1,0,0,0,0,0,0,0,0,0,0,1,0,0,0,0,0,0,0,0,0,0,0,0,1,0,0,1,1,0,0,0,0,0,0,0,0,0,0,0,1,0,0,1,0,1,0,0,0,0,0,0,1,0,0,0,0,0,1,0,0,0,0,0,0,0,0,0,0,0,0,0,0,0,0,1,0,0,1,0,0,0,0,0,0,0,0,0,0,0,1,0,1,0,0,0,0,0
-8362527.28746676,4869741.61229984,34272,2024064695,0220,1,0,0,0,0,0,0,0,0,8,0,,67,7,2024,5,40.026132,-75.121859,0210,6,0,0,0,0,0,0,0,0,,0,0,0,,,1,,1,,40 01:34.076,,0,75 07:18.694,2,0,0,0,67301,1,0,1,N,1,0,1,2,67301,0,,1,,9,N,N,N,0,,0,1,0,,2,,,2,1,0,0,0,0,1,2,0,1,07,04,,N,,,,,,,,,,,0,0,0,0,0,0,0,0,0,0,0,0,0,0,0,0,0,0,0,0,0,0,0,0,0,0,0,0,0,0,1,0,0,0,0,0,0,0,0,0,0,0,0,0,0,1,0,0,0,0,0,0,0,0,0,1,0,0,1,1,1,0,0,0,0,0,0,0,0,0,0,0,0,0,0,0,0,0,0,0,0,1,0,0,0,0,0,0,0,0,0,0,0,0,0,0,0,0,0,1,1,0,0,0,0,0,1,0,0,0,1,0,0,0,0,0,0,0,0,0,0,1,0,0,1,0,1,0,0
-8349946.84542701,4875731.48001142,34273,2024063520,1632,0,0,0,0,0,0,0,0,0,4,0,,67,7,2024,6,40.067323,-75.008847,1632,6,0,0,0,0,0,2,0,0,,0,0,0,,,2,,1,,40 04:02.363,,0,75 00:31.848,3,0,0,0,67301,0,0,0,N,0,0,0,2,67301,0,,1,,1,N,N,N,0,,2,0,2,,0,,,2,2,0,0,0,0,0,2,0,2,03,03,,N,,,,,,,,,,,1,0,1,0,0,0,0,0,0,0,0,0,0,0,0,0,0,0,0,0,0,0,0,0,1,0,0,0,0,0,0,0,0,0,0,0,0,0,0,0,0,0,0,0,0,0,0,0,0,0,0,0,0,0,0,0,0,0,1,1,1,0,0,0,1,0,0,1,0,0,0,0,0,0,1,0,0,0,0,0,0,0,0,0,0,0,0,0,0,0,0,0,0,0,0,0,0,0,0,0,0,0,0,0,0,0,1,0,0,1,0,0,0,0,0,0,0,0,0,0,1,1,0,0,0,0,0,0,0
-8356859.67649541,4871047.87469531,34274,2024058989,0426,1,0,0,0,0,0,0,0,0,7,0,,67,7,2024,7,40.035117,-75.070946,0422,6,0,0,0,0,0,0,0,0,,0,0,0,,,2,,1,,40 02:06.421,,0,75 04:15.407,3,0,0,0,67301,0,0,0,N,0,0,0,2,67301,0,,3,,1,N,N,N,0,,2,0,0,,2,,,1,2,0,0,0,0,0,2,0,1,03,,,N,,,,,,,,,,,0,0,0,0,0,0,0,0,0,0,0,0,1,0,1,0,0,0,0,0,0,0,0,0,0,0,0,0,0,0,0,0,0,1,0,0,0,0,0,1,0,0,0,1,0,0,0,0,0,0,0,0,0,0,0,1,0,0,1,1,1,0,0,0,0,0,0,0,0,0,0,0,0,0,0,0,0,0,0,0,0,0,0,0,0,0,0,0,0,0,0,0,0,0,0,0,0,0,0,1,1,0,0,0,1,0,1,0,0,1,0,1,0,0,0,0,0,0,0,0,0,1,0,1,0,0,0,0,0
-8368561.25125527,4873558.67789213,34275,2024046983,,1,0,0,0,0,0,1,0,0,5,1,,67,5,2024,6,40.052384,-75.176063,,6,0,0,0,0,0,0,0,0,,0,0,0,,,2,N,0,,40 03:08.583,,0,75 10:33.825,8,0,0,0,67301,0,0,0,N,0,0,0,3,00000,0,,1,,1,Y,,N,0,,0,0,0,,0,,,2,2,0,0,0,2,0,2,0,2,03,,,N,,,,,,,,,,,1,0,0,0,0,0,0,0,0,0,1,1,0,1,0,0,0,0,0,0,0,0,0,0,0,0,0,0,0,0,0,0,0,0,0,0,0,0,0,0,0,0,0,0,0,0,0,0,0,0,0,0,0,0,0,0,0,0,1,1,0,0,0,0,0,0,0,0,0,0,0,0,0,0,1,0,1,0,0,0,0,0,0,0,0,0,0,0,0,0,0,0,0,0,1,1,1,0,0,0,0,0,0,0,0,0,1,0,0,0,0,0,0,0,0,0,0,0,0,0,0,1,0,1,0,0,0,0,0
-8366279.20007077,4855422.38853396,34276,2024061156,0725,2,0,0,0,0,0,0,0,0,4,0,,67,7,2024,7,39.927561,-75.155563,0723,6,0,0,0,0,0,0,0,0,,0,0,0,,,1,,1,,39 55:39.219,,0,75 09:20.026,4,0,0,0,67301,0,0,0,N,0,0,0,2,67301,1,,1,,9,N,N,N,0,,0,0,0,,3,,,2,1,0,0,0,0,1,2,0,2,03,03,,N,,,,,,,,,,,1,0,1,0,0,0,0,0,0,0,0,0,0,0,0,0,0,0,0,0,0,0,0,0,0,0,0,0,0,0,0,0,0,0,0,0,0,0,0,0,0,0,0,0,0,1,0,0,0,0,0,0,0,0,0,0,0,0,1,1,1,0,0,0,0,0,0,1,1,0,0,0,0,0,1,0,0,0,0,0,0,0,0,1,0,0,0,0,0,0,0,0,1,0,0,0,0,0,0,0,0,0,0,0,0,0,0,1,0,0,0,0,0,0,0,0,0,0,0,0,1,1,0,1,0,0,1,0,0
-8367074.46749451,4868947.61667942,34277,2024059693,0243,0,0,0,0,0,0,0,0,0,1,0,,67,7,2024,1,40.02067,-75.162707,0240,6,0,0,0,0,0,0,0,0,,0,0,0,,,1,N,0,,40 01:14.413,4,0,75 09:45.744,2,0,1,1,67301,0,0,0,N,0,0,0,1,67301,0,,3,308,1,N,N,N,0,,0,1,1,,0,N,,2,1,0,0,0,0,0,2,0,2,03,03,,N,,,,,,,,,,,1,0,0,0,0,0,0,0,0,0,0,0,0,0,1,0,0,0,0,0,0,0,0,0,0,0,0,0,0,0,1,0,0,0,0,0,0,0,0,0,0,0,1,0,0,0,0,0,0,0,0,0,0,0,0,1,0,0,1,1,0,0,0,0,0,0,0,0,0,0,0,0,0,1,1,0,1,0,0,0,0,0,0,0,0,0,0,0,0,1,0,0,0,0,0,0,0,0,0,0,0,0,0,0,0,0,1,0,0,0,1,1,0,0,0,0,0,0,0,0,0,1,0,1,0,0,0,0,0
-8374601.89319969,4854644.63281612,34278,2024059406,1805,0,0,0,0,0,0,0,0,0,4,0,,67,7,2024,1,39.922203,-75.230327,1801,6,0,0,0,0,0,0,0,0,,0,0,0,,,1,,1,,39 55:19.930,,0,75 13:49.176,3,0,0,0,67301,0,0,0,N,0,0,0,2,67301,0,,1,,1,N,N,N,0,,1,0,2,,2,,,2,1,1,0,0,0,0,2,0,2,03,03,,N,,,,,,,,,,,1,0,1,0,0,0,0,0,0,0,0,0,0,0,0,0,0,0,0,0,0,0,0,0,0,0,0,0,0,0,0,0,0,0,0,0,0,0,0,0,0,0,0,0,0,0,0,0,0,0,0,0,0,0,0,0,0,0,1,1,1,0,0,0,1,0,0,0,0,0,0,0,0,0,1,0,0,0,0,0,0,0,0,0,0,0,0,0,0,0,0,0,0,0,0,0,0,0,0,1,0,0,0,0,0,0,1,0,0,1,0,0,0,0,0,0,0,1,0,0,0,1,0,1,0,0,0,0,0
-8370665.96895487,4862341.83523245,34279,2024063545,1105,2,0,0,0,0,0,0,0,0,4,0,,67,7,2024,7,39.975211,-75.19497,1100,6,0,0,0,1,0,0,0,0,,0,0,0,,,0,,1,,39 58:30.761,,0,75 11:41.892,9,0,0,0,67301,0,0,0,N,0,0,0,2,67301,0,,1,,1,N,N,N,0,,0,0,0,,2,,,2,0,0,0,0,0,1,2,0,2,03,03,,N,,,,,,,,,,,1,0,1,0,0,0,0,0,0,0,0,0,1,0,0,0,0,0,0,0,0,0,1,0,0,0,0,0,0,0,0,0,0,0,0,0,0,0,0,0,0,0,0,0,0,0,0,0,0,0,0,0,0,0,0,0,0,0,0,0,1,0,0,0,1,0,0,1,0,0,0,0,0,0,1,0,0,0,0,0,0,0,0,0,0,0,0,0,0,0,0,0,0,0,0,0,0,0,0,1,0,0,0,1,1,0,1,0,0,0,0,0,0,0,0,0,0,0,0,0,0,1,0,1,0,0,0,0,1
-8375877.94908785,4858000.2443769,34280,2024066487,1350,2,0,0,0,0,0,0,0,0,4,0,,67,7,2024,6,39.945317,-75.24179,1342,6,0,0,0,0,0,0,0,0,,0,0,0,,,0,,1,,39 56:43.140,,0,75 14:30.444,0,0,0,0,67301,0,0,0,N,0,0,0,2,67301,0,,1,,1,N,N,N,0,,0,0,0,,2,,,2,0,1,0,0,0,0,2,0,2,03,03,,N,,,,,,,,,,,0,0,1,0,0,0,0,0,0,0,0,0,0,0,0,0,0,0,0,0,0,0,0,0,0,0,0,0,0,0,0,0,0,0,0,0,0,0,0,0,0,0,0,0,0,1,0,0,0,0,0,0,0,0,0,0,0,0,0,0,1,0,0,0,0,0,0,1,0,0,0,0,0,0,1,0,0,0,0,0,0,0,0,0,1,0,0,0,0,0,0,0,0,0,0,0,0,0,0,1,0,0,0,0,0,0,1,0,0,0,0,0,0,0,0,0,0,1,0,0,0,1,0,1,0,0,0,0,0
-8364943.92326564,4872396.33263268,34281,2024063566,0034,1,0,0,0,0,0,0,0,0,4,0,,67,7,2024,3,40.044391,-75.143568,0034,6,0,0,0,0,0,0,0,0,,0,0,0,,,0,,1,,40 02:39.809,,0,75 08:36.846,0,0,0,0,67301,0,0,0,N,0,0,0,4,67301,0,,1,,1,N,N,N,0,,0,0,1,,2,,,2,0,0,0,0,0,0,2,0,2,03,03,,N,,,,,,,,,,,1,0,1,0,0,0,0,0,0,0,1,0,0,0,0,0,0,0,0,0,0,0,0,0,0,0,0,0,0,0,0,0,0,0,0,0,0,0,0,0,0,0,0,0,0,0,0,0,0,0,0,0,0,0,0,1,0,0,0,0,1,0,0,0,0,0,0,1,0,0,0,0,0,0,1,0,0,0,0,0,0,0,0,0,1,0,0,0,0,0,0,0,0,0,0,0,0,0,0,1,0,0,0,0,0,0,1,0,0,0,0,0,0,0,0,0,0,0,0,0,0,1,0,1,0,0,0,0,0