X,Y,objectid,crn,arrival_tm,automobile_count,belted_death_count,belted_susp_serious_inj_count,bicycle_count,bicycle_death_count,bicycle_susp_serious_inj_count,bus_count,chldpas_death_count,chldpas_susp_serious_inj_count,collision_type,comm_veh_count,cons_zone_spd_lim,county,crash_month,crash_year,day_of_week,dec_latitude,dec_longitude,dispatch_tm,district,driver_count_16yr,driver_count_17yr,driver_count_18yr,driver_count_19yr,driver_count_20yr,driver_count_50_64yr,driver_count_65_74yr,driver_count_75plus,est_hrs_closed,fatal_count,heavy_truck_count,horse_buggy_count,hour_of_day,illumination,injury_count,intersection_related_x,intersect_type,lane_closed,latitude,ln_close_dir,location_type,longitude,max_severity_level,mcycle_death_count,mcycle_susp_serious_inj_count,motorcycle_count,municipality,nonmotr_count,nonmotr_death_count,nonmotr_susp_serious_inj_count,ntfy_hiwy_maint,ped_count,ped_death_count,ped_susp_serious_inj_count,person_count,police_agcy,possible_inj_count,rdwy_surf_type_cd,relation_to_road,roadway_cleared,road_condition,sch_bus_ind,sch_zone_ind,secondary_crash,small_truck_count,spec_juris_cd,susp_minor_inj_count,susp_serious_inj_count,suv_count,tcd_func_cd,tcd_type,tfc_detour_ind,time_of_day,total_units,tot_inj_count,unbelted_occ_count,unb_death_count,unb_susp_serious_inj_count,unk_inj_deg_count,unk_inj_per_count,urban_rural,van_count,vehicle_count,weather1,weather2,workers_pres,work_zone_ind,work_zone_loc,work_zone_type,wz_close_detour,wz_flagger,wz_law_offcr_ind,wz_ln_closure,wz_moving,wz_other,wz_shlder_mdn,wz_workers_inj_killed,aggressive_driving,alcohol_related,angle_crash,atv,atv_route,backup_congestion,backup_nonrecurring,backup_prior,bicycle,cell_phone,child_passenger,comm_vehicle,core_network,cross_median,curved_road,curve_dvr_error,deer_related,distracted,drinking_driver,driver_16yr,driver_17yr,driver_18yr,driver_19yr,driver_20yr,driver_50_64yr,driver_65_74yr,driver_75plus,drugged_driver,drug_related,fatal,fatal_or_susp_serious_inj,fatigue_asleep,federal_aid_route,fire_in_vehicle,hazardous_truck,hit_barrier,hit_bridge,hit_deer,hit_embankment,hit_fixed_object,hit_gdrail,hit_gdrail_end,hit_parked_vehicle,hit_pole,hit_roadway_equipment,hit_run,hit_temp_construction_barrier,hit_traffic_island,hit_tree_shrub,hit_utility_pole,horse_buggy,ho_oppdir_sdswp,hvy_truck_related,icy_road,illegal_drug_related,illumination_dark,impaired_driver,impaired_nonmotorist,injury,injury_or_fatal,intersection,intersection_related_y,interstate,lane_departure,left_turn,limit_65mph,limit_70mph,local_road,local_road_only,marijuana_drugged_driver,marijuana_related,mature_driver,mc_drinking_driver,motorcycle,multiple_vehicle,nhtsa_agg_driving,non_intersection,no_clearance,opioid_related,other_freeway_expressway,overturned,pedestrian,phantom_vehicle,possible_injury,property_damage_only,psp_reported,ramp,ramp_segment,ramp_terminal,rear_end,roundabout,running_red_lt,running_stop_sign,rural,school_bus,school_bus_related,school_bus_unit,school_zone,shldr_related,signalized_int,single_vehicle,snowmobile,snow_slush_road,speeding,speeding_related,speed_change_lane,state_road,stop_controlled_int,sudden_deer,suspected_minor_injury,suspected_serious_injury,sv_run_off_rd,tailgating,train,train_trolley,trolley,turnpike,unbelted,underage_drnk_drv,unlicensed,unsignalized_int,urban,vehicle_failure,vehicle_towed,vulnerable_road_user,vulnerable_road_user_fatal,wet_road,work_zone,young_driver
-8369754.81881312,4866031.07956621,34742,2024116838,,2,0,0,0,0,0,0,0,0,2,0,,67,12,2024,6,40.000603,-75.186785,,6,0,0,0,0,1,0,0,0,,0,0,0,,,1,,3,,40 00:02.170,5,0,75 11:12.425,3,0,0,0,67301,0,0,0,N,0,0,0,2,67301,0,,1,420,1,N,N,N,0,,1,0,0,,2,Y,,2,1,0,0,0,0,0,2,0,2,03,03,,N,,,,,,,,,,,0,0,0,0,0,0,0,0,0,0,0,0,0,1,0,0,0,0,0,0,0,0,0,1,0,0,0,0,0,0,0,0,0,0,0,0,0,0,0,0,0,0,0,0,0,0,0,0,0,0,0,1,0,0,0,1,0,0,1,1,1,1,0,0,0,0,0,0,0,0,0,0,0,0,1,0,0,0,0,0,0,0,0,0,0,0,0,0,0,0,0,0,0,0,0,0,0,0,0,1,0,0,0,0,0,0,1,0,0,1,0,0,0,0,0,0,0,0,0,0,0,1,0,1,0,0,0,0,1
-8368635.61210957,4859995.65348984,34743,2024115704,,1,0,0,0,0,0,0,0,0,5,0,,67,12,2024,4,39.959058,-75.176731,,6,0,0,0,0,0,0,0,0,,0,0,0,,,0,,3,,39 57:32.608,,0,75 10:36.231,0,0,0,0,67301,0,0,0,N,0,0,0,2,67301,0,,1,,9,N,N,N,0,,0,0,1,,0,,,2,0,1,0,0,0,0,2,0,2,07,,,N,,,,,,,,,,,1,0,0,0,0,0,0,0,0,0,0,0,0,0,1,0,0,0,0,0,0,0,0,0,0,0,0,0,0,0,0,0,0,0,0,0,0,0,0,0,0,0,0,0,0,1,0,0,0,0,0,0,0,0,0,1,0,0,0,0,1,1,0,0,0,0,0,1,1,0,0,0,0,0,1,0,0,0,0,0,0,0,0,0,1,0,0,0,0,0,0,0,0,0,0,0,0,0,0,0,0,0,0,0,0,0,0,0,0,0,0,0,0,0,0,0,0,1,0,0,1,1,0,1,0,0,1,0,0
-8348509.59892416,4872757.1069017,34744,2024119166,,1,0,0,0,0,0,0,0,0,1,0,,67,12,2024,1,40.046872,-74.995936,,6,0,0,0,0,0,1,0,0,,0,0,0,,,1,N,0,,40 02:48.740,,0,74 59:45.370,8,0,0,0,67301,0,0,0,N,0,0,0,2,67301,0,,1,,1,N,N,N,0,,0,0,1,,0,,,2,1,0,0,0,1,0,2,0,2,03,03,,N,,,,,,,,,,,0,0,0,0,0,0,0,0,0,0,0,0,0,0,0,0,0,0,0,0,0,0,0,0,1,0,0,0,0,0,0,0,0,0,0,0,0,0,0,0,0,0,0,0,0,0,0,0,0,0,0,0,0,0,0,1,0,0,1,1,0,0,0,0,0,0,0,1,1,0,0,0,0,0,1,0,1,0,0,0,0,0,0,0,0,0,0,0,0,1,0,0,0,0,0,0,0,0,0,0,0,0,0,0,0,0,0,0,0,0,0,0,0,0,0,0,0,0,0,0,0,1,0,0,0,0,0,0,0
-8372401.66293489,4859067.96569703,34745,2024116835,,1,0,0,0,0,0,0,0,0,8,0,,67,12,2024,7,39.95267,-75.210562,,6,0,0,0,0,0,0,0,0,,0,0,0,,,1,,1,,39 57:09.612,,0,75 12:38.023,4,0,0,0,67301,1,0,0,N,1,0,0,2,67301,1,,1,,2,N,N,N,0,,0,0,0,,2,,,2,1,0,0,0,0,1,2,0,1,03,03,,N,,,,,,,,,,,0,0,0,0,0,0,0,0,0,0,0,0,0,0,0,0,0,0,0,0,0,0,0,0,0,0,0,0,0,0,0,0,0,0,0,0,0,0,0,0,0,0,0,0,0,0,0,0,0,0,0,0,0,1,0,0,0,0,1,1,1,1,0,0,1,0,0,1,1,0,0,0,0,0,0,0,0,0,0,0,0,1,0,1,0,0,0,0,0,0,0,0,0,0,0,0,0,0,0,1,1,0,0,0,0,0,0,0,0,0,0,0,0,0,0,0,0,0,0,0,0,1,0,0,1,0,0,0,0
-8374277.50820817,4858357.59076293,34746,2024117651,,1,0,0,0,0,0,0,0,0,1,0,,67,12,2024,5,39.947778,-75.227413,,6,0,0,0,0,0,1,0,0,,0,0,0,,,3,,1,,39 56:52.000,,0,75 13:38.688,4,0,0,0,67301,0,0,0,N,0,0,0,6,67301,3,,1,,1,N,N,N,0,,0,0,1,,2,,,2,3,0,0,0,0,0,2,0,2,03,03,,N,,,,,,,,,,,0,0,0,0,0,0,0,0,0,0,1,0,0,0,0,0,0,0,0,0,0,0,0,0,1,0,0,0,0,0,0,0,0,0,0,0,0,0,0,0,0,0,0,0,0,0,0,0,0,0,0,0,0,0,0,0,0,0,1,1,1,1,0,0,0,0,0,0,0,0,0,0,0,0,1,0,0,0,0,0,0,0,0,1,0,0,0,0,0,1,0,0,0,0,0,0,0,0,0,1,0,0,0,0,0,0,1,0,0,0,0,0,0,0,0,0,0,0,0,0,0,1,0,0,0,0,0,0,0
-8356024.33521992,4880580.4396283,34747,2024117796,,0,0,0,0,0,0,0,0,0,1,1,,67,12,2024,5,40.10065,-75.063442,,6,0,0,0,0,0,0,0,0,,0,1,0,,,0,N,0,,40 06:02.340,,0,75 03:48.390,0,0,0,0,67301,0,0,0,N,0,0,0,1,67301,0,,6,,1,N,N,N,1,,0,0,0,,0,,,2,0,1,0,0,0,0,2,0,2,03,,,N,,,,,,,,,,,0,0,0,0,0,0,0,0,0,0,0,1,0,0,0,0,0,0,0,0,0,0,0,0,0,0,0,0,0,0,0,0,0,0,0,0,0,0,0,0,0,0,1,0,0,1,0,0,0,0,0,0,1,0,0,1,0,0,0,0,0,0,0,0,0,0,0,1,1,0,0,0,0,0,1,0,1,0,0,0,0,0,0,0,1,0,0,0,0,1,0,0,0,0,0,0,0,0,0,0,0,0,0,0,0,0,0,0,0,0,0,0,0,0,0,0,0,1,0,0,0,1,0,1,0,0,0,0,0
-8353776.23687479,4869713.8465091,34748,2024116672,,5,0,0,0,0,0,0,0,0,4,0,,67,12,2024,1,40.025941,-75.043247,,6,0,0,0,0,0,1,0,0,,0,0,0,,,1,,1,,40 01:33.389,7,0,75 02:35.690,3,0,0,0,67301,0,0,0,N,0,0,0,3,67301,0,,1,2140,1,N,N,N,0,,1,0,1,,3,Y,,6,1,0,0,0,0,0,2,0,6,03,,,N,,,,,,,,,,,0,0,1,0,0,0,0,0,0,0,0,0,0,0,0,0,0,0,0,0,0,0,0,0,1,0,0,0,0,0,0,0,0,0,0,0,0,0,0,0,0,0,1,0,0,1,0,0,0,0,0,0,0,0,0,1,0,0,1,1,1,1,0,0,0,0,0,1,0,0,0,0,0,0,1,0,0,0,0,0,0,0,0,0,0,0,0,0,0,0,0,0,0,0,0,0,0,0,0,0,0,0,0,0,0,0,1,1,0,1,0,0,0,0,0,0,0,0,0,0,1,1,0,1,0,0,0,0,1
-8365090.75372219,4873013.33442983,34749,2024116675,,2,0,0,0,0,0,0,0,0,4,0,,67,12,2024,1,40.048634,-75.144887,,6,0,0,0,0,0,0,0,0,,0,0,0,,,1,,1,,40 02:55.081,,0,75 08:41.593,3,0,0,0,67301,0,0,0,N,0,0,0,2,67301,0,,1,,1,N,N,N,0,,1,0,0,,2,,,2,1,1,0,0,0,0,2,0,2,03,03,,N,,,,,,,,,,,1,0,1,0,0,0,0,0,0,0,0,0,0,0,0,0,0,0,0,0,0,0,0,0,0,0,0,0,0,0,0,0,0,0,0,0,0,0,0,0,0,0,0,0,0,0,0,0,0,0,0,0,0,0,0,1,0,0,1,1,1,1,0,0,0,0,0,1,0,0,0,0,0,0,1,0,0,0,0,0,0,0,0,0,0,0,0,0,0,0,0,1,0,0,0,0,0,0,0,1,0,0,0,0,0,0,1,0,0,1,0,0,0,0,0,0,0,1,0,0,0,1,0,1,0,0,0,0,0
-8370076.75447649,4856244.77317777,34750,2024116103,,0,0,0,0,0,0,0,0,0,8,0,,67,12,2024,7,39.933226,-75.189677,,6,0,0,0,0,0,0,0,0,,0,0,0,,,1,,1,,39 55:59.613,2,0,75 11:22.837,3,0,0,0,67301,1,0,0,N,1,0,0,2,67301,0,,1,1830,1,N,N,N,0,,1,0,1,,3,Y,,2,1,0,0,0,0,0,2,0,1,03,04,,N,,,,,,,,,,,0,0,0,0,0,0,0,0,0,0,0,0,0,0,0,0,0,0,0,0,0,0,0,0,0,0,0,0,0,0,0,0,0,0,0,0,0,0,0,0,0,0,0,0,0,0,0,0,0,0,0,0,0,0,0,1,0,0,1,1,1,1,0,0,1,0,0,1,1,0,0,0,0,0,0,0,0,0,0,0,0,1,0,0,0,0,0,0,0,0,0,0,0,0,0,0,0,0,0,0,1,0,0,0,0,0,0,1,0,1,0,0,0,0,0,0,0,0,0,0,1,1,0,0,1,0,0,0,0
-8373961.47223168,4860852.69410419,34751,2024119176,,0,0,0,0,0,0,0,0,0,8,0,,67,12,2024,6,39.964959,-75.224574,,6,0,0,0,0,0,0,0,0,,0,0,0,,,1,,1,,39 57:53.852,,0,75 13:28.466,3,0,0,0,67301,1,0,0,N,1,0,0,2,67301,0,,1,,9,N,N,N,0,,1,0,1,,2,,,2,1,0,0,0,0,0,2,0,1,07,,,N,,,,,,,,,,,0,0,0,0,0,0,0,0,0,0,0,0,0,0,0,0,0,0,0,0,0,0,0,0,0,0,0,0,0,0,0,0,0,0,0,0,0,0,0,0,0,0,0,0,0,1,0,0,0,0,0,0,0,0,0,1,0,0,1,1,1,1,0,0,0,0,0,0,0,0,0,0,0,0,0,0,0,0,0,0,0,1,0,0,0,0,0,0,0,0,0,0,0,0,0,0,0,0,0,1,1,0,0,0,0,0,1,0,0,1,0,0,0,0,0,0,0,0,0,0,0,1,0,0,1,0,1,0,0
-8376281.14855853,4861507.47022945,34752,2024119177,,3,0,0,0,0,0,0,0,0,2,0,,67,12,2024,7,39.969467,-75.245412,,6,0,0,0,0,0,1,0,0,,0,0,0,,,1,N,0,,39 58:10.081,,0,75 14:43.484,3,0,0,0,67301,0,0,0,N,0,0,0,6,67301,0,,1,,9,N,N,N,0,,1,0,4,,0,,,7,1,3,0,0,0,0,2,0,7,07,04,,N,,,,,,,,,,,1,0,0,0,0,0,0,0,0,0,0,0,0,0,0,0,0,0,0,0,0,0,0,0,1,0,0,0,0,0,0,0,0,0,0,0,0,0,0,0,0,0,1,0,0,1,0,0,0,0,0,1,0,0,0,0,0,0,1,1,0,0,0,1,0,0,0,0,0,0,0,0,0,0,1,0,1,0,0,0,0,0,0,0,0,0,0,0,0,0,0,0,0,0,0,0,0,0,0,0,0,0,0,0,0,0,1,0,0,1,0,0,0,0,0,0,0,1,0,0,0,1,0,1,0,0,1,0,0
-8365510.53909179,4861855.93737497,34753,2024117984,,0,0,0,0,0,0,0,0,0,4,0,,67,12,2024,6,39.971866,-75.148658,,6,0,0,0,0,0,0,0,0,,0,0,0,,,1,,1,,39 58:18.717,,0,75 08:55.168,3,0,0,0,67301,0,0,0,N,0,0,0,2,67301,0,,1,,1,N,N,N,0,,1,0,2,,3,,,2,1,1,0,0,0,0,2,0,2,03,,,N,,,,,,,,,,,0,0,1,0,0,0,0,0,0,0,0,0,0,0,0,0,0,0,0,0,0,0,0,0,0,0,0,0,0,0,0,0,0,0,0,0,0,0,0,0,0,0,0,0,0,0,0,0,0,0,0,0,0,0,0,0,0,0,1,1,1,1,0,0,0,0,0,1,1,0,0,0,0,0,1,0,0,0,0,0,0,0,0,0,0,0,0,0,0,0,0,0,0,0,0,0,0,0,0,0,0,0,0,0,0,0,0,1,0,1,0,0,0,0,0,0,0,1,0,0,1,1,1,1,0,0,0,0,0
-8367043.74281938,4859853.18378782,34754,2024119170,,2,0,0,0,0,0,0,0,0,4,0,,67,12,2024,3,39.958077,-75.162431,,6,0,0,0,0,0,0,0,0,,0,0,0,,,0,,1,,39 57:29.076,3,8,75 09:44.751,9,0,0,0,67301,0,0,0,N,0,0,0,2,67301,0,,1,1919,1,N,N,N,0,,0,0,0,,2,N,,2,0,0,0,0,0,1,2,0,2,03,,,N,,,,,,,,,,,0,0,1,0,0,0,0,0,0,0,0,0,0,0,0,0,0,0,0,0,0,0,0,0,0,0,0,0,0,0,0,0,0,0,0,0,0,0,0,0,0,0,0,0,0,1,0,0,0,0,0,0,0,0,0,1,0,0,0,0,1,1,0,0,1,0,0,1,0,0,0,0,0,0,1,0,0,0,0,0,0,0,0,0,0,0,0,0,0,0,0,0,0,0,0,0,0,0,0,1,0,0,0,0,0,0,1,0,0,0,0,0,0,0,0,0,0,0,0,0,0,1,0,1,0,0,0,0,0
-8370338.57818088,4859534.55808541,34755,2024117679,,0,0,0,0,0,0,0,0,0,4,0,,67,12,2024,6,39.955883,-75.192029,,6,0,0,0,0,0,1,0,1,,0,0,0,,,0,N,0,,39 57:21.180,3,0,75 11:31.304,0,0,0,0,67301,0,0,0,N,0,0,0,3,67507,0,,1,1110,1,N,N,N,1,,0,0,1,,0,Y,,2,0,0,0,0,0,0,2,0,2,03,03,,N,,,,,,,,,,,1,0,1,0,0,0,0,0,0,0,0,0,0,0,0,0,0,0,0,0,0,0,0,0,1,0,1,0,0,0,0,0,0,0,0,0,0,0,0,0,0,0,0,0,0,0,0,0,0,0,0,0,0,0,0,0,0,0,0,0,0,0,0,0,0,0,0,0,0,0,0,1,0,0,1,0,1,0,0,0,0,0,0,0,1,0,0,0,0,0,0,0,0,0,0,0,0,0,0,0,0,0,0,0,0,0,1,0,0,0,0,0,0,0,0,0,0,0,0,0,0,1,0,1,0,0,0,0,0
-8366363.58053258,4858667.61151622,34756,2024116214,,2,0,0,0,0,0,0,0,0,5,0,,67,12,2024,1,39.949913,-75.156321,,6,0,0,0,0,0,0,0,0,,0,0,0,,,1,N,0,,39 56:59.686,,0,75 09:22.756,3,0,0,0,67301,0,0,0,N,0,0,0,2,67301,0,,1,,1,N,N,N,0,,1,0,0,,0,,,2,1,1,0,0,0,1,2,0,2,99,98,,N,,,,,,,,,,,1,0,0,0,0,0,0,0,0,0,0,0,0,0,0,0,0,1,0,0,0,0,0,0,0,0,0,0,0,0,0,0,0,0,0,0,0,0,0,0,0,0,0,0,0,0,0,0,0,0,0,0,0,0,0,1,0,0,1,1,0,0,0,0,0,0,0,0,0,0,0,0,0,0,1,0,1,0,0,0,0,0,0,0,0,0,0,0,0,0,0,0,0,0,0,0,0,0,0,0,0,0,0,0,0,0,1,0,0,1,0,0,0,0,0,0,0,1,0,0,0,1,0,0,0,0,0,0,0
-8368074.89542568,4855873.27622505,34757,2024118252,,5,0,0,0,0,0,0,0,0,5,0,,67,12,2024,3,39.930667,-75.171694,,6,0,0,0,0,0,0,0,0,,0,0,0,,,0,N,0,,39 55:50.400,1,0,75 10:18.100,0,0,0,0,67301,0,0,0,N,0,0,0,1,67301,0,,6,39,1,N,N,N,0,,0,0,3,,0,Y,,9,0,0,0,0,0,0,2,1,9,03,03,,N,,,,,,,,,,,0,1,0,0,0,0,0,0,0,0,0,0,0,0,0,0,0,0,1,0,0,0,0,0,0,0,0,1,1,0,0,0,0,0,0,0,0,0,0,0,0,0,1,0,0,0,0,0,0,0,0,0,0,0,1,1,1,0,0,0,0,0,0,0,0,0,0,1,1,0,0,0,0,0,1,0,1,0,0,0,0,0,0,0,1,0,0,0,0,0,0,0,0,0,0,0,0,0,0,0,0,0,0,0,0,0,0,0,0,0,0,0,0,0,0,0,0,0,0,0,0,1,0,1,0,0,0,0,0
-8362643.8387936,4864668.37553596,34758,2024118536,,1,0,0,0,0,0,0,0,0,8,0,,67,12,2024,4,39.991225,-75.122906,,6,0,0,0,0,0,0,0,0,,0,0,0,,,1,N,0,,39 59:28.410,,1,75 07:22.460,3,0,0,0,67301,1,0,0,N,1,0,0,2,67301,0,,1,,9,N,N,N,0,,1,0,0,,0,,,2,1,0,0,0,0,0,2,0,1,07,05,,N,,,,,,,,,,,0,0,0,0,0,0,0,0,0,0,0,0,0,0,0,0,0,0,0,0,0,0,0,0,0,0,0,0,0,0,0,0,0,0,0,0,0,0,0,0,0,0,0,0,0,1,0,0,0,0,0,0,0,0,0,1,0,0,1,1,0,0,0,0,0,0,0,1,1,0,0,0,0,0,0,0,1,0,0,0,0,1,0,0,0,0,0,0,0,0,0,0,0,0,0,0,0,0,0,0,1,0,0,0,0,0,0,0,0,1,0,0,0,0,0,0,0,0,0,0,0,1,0,0,1,0,1,0,0
-8367807.83983891,4853818.46185517,34759,2024116101,,0,0,0,0,0,0,0,0,0,8,0,,67,12,2024,7,39.916511,-75.169295,,6,0,0,0,0,0,0,0,0,,0,0,0,,,1,,1,,39 54:59.439,,0,75 10:09.463,8,0,0,0,67301,1,0,0,N,1,0,0,2,67301,0,,1,,1,N,N,N,0,,0,0,1,,2,,,2,1,0,0,0,1,0,2,0,1,03,,,N,,,,,,,,,,,0,0,0,0,0,0,0,0,0,0,0,0,0,0,0,0,0,0,0,0,0,0,0,0,0,0,0,0,0,0,0,0,0,0,0,0,0,0,0,0,0,0,0,0,0,0,0,0,0,0,0,0,0,0,0,0,0,0,1,1,1,1,0,0,1,0,0,1,0,0,0,0,0,0,0,0,0,0,0,0,0,1,0,0,0,0,0,0,0,0,0,0,0,0,0,0,0,0,0,1,1,0,0,0,0,0,1,0,0,0,0,0,0,0,0,0,0,0,0,0,0,1,0,0,1,0,0,0,0
-8348341.39535038,4877816.29863718,34760,2024116012,,3,0,0,0,0,0,0,0,0,4,0,,67,12,2024,6,40.081654,-74.994425,,6,0,0,0,0,0,0,1,0,,0,0,0,,,1,,2,,40 04:53.953,,0,74 59:39.931,8,0,0,0,67301,0,0,0,N,0,0,0,3,67301,0,,1,,9,N,N,N,0,,0,0,0,,1,,,3,1,0,0,0,1,1,2,0,3,10,,,N,,,,,,,,,,,1,0,1,0,0,0,0,0,0,0,0,0,0,0,0,0,0,0,0,0,0,0,0,0,0,1,0,0,0,0,0,0,0,0,0,0,0,0,0,0,0,0,0,0,0,1,0,0,0,0,0,0,0,0,0,0,0,0,1,1,1,1,0,0,0,0,0,1,0,0,0,1,0,0,1,0,0,0,0,0,0,0,0,0,0,0,0,0,0,0,0,0,0,0,0,0,0,0,0,1,0,0,0,0,1,0,1,0,0,0,0,0,0,0,0,0,0,0,0,0,0,1,0,1,0,0,1,0,0
-8365214.65148102,4854865.12177214,34761,2024117516,,1,0,0,0,0,0,0,0,0,8,0,,67,12,2024,6,39.923722,-75.146,,6,0,0,0,0,0,0,0,0,,0,0,0,,,1,N,0,,39 55:25.400,,7,75 08:45.600,4,0,0,0,67301,1,0,0,N,1,0,0,2,67301,1,,1,,9,N,N,N,0,,0,0,0,,0,,,2,1,0,0,0,0,0,2,0,1,07,07,,N,,,,,,,,,,,0,0,0,0,0,0,0,0,0,0,0,0,0,0,0,0,0,0,0,0,0,0,0,0,0,0,0,0,0,0,0,0,0,0,0,0,0,0,0,0,0,0,0,0,0,0,0,0,0,0,0,0,0,0,0,1,0,0,1,1,0,0,0,0,0,0,0,1,1,0,0,0,0,0,0,0,1,0,0,0,0,1,0,1,0,0,0,0,0,0,0,0,0,0,0,0,0,0,0,0,1,0,0,0,0,0,0,0,0,0,0,0,0,0,0,0,0,0,0,0,0,1,0,0,1,0,1,0,0
-8370493.31245148,4861680.17708534,34762,2024116674,,1,0,0,0,0,0,0,0,0,7,0,,67,12,2024,1,39.970656,-75.193419,,6,0,0,0,0,0,0,0,0,,0,0,0,,,1,N,0,,39 58:14.360,5,0,75 11:36.310,2,0,0,0,67301,0,0,0,N,0,0,0,1,67301,0,,5,130,1,N,N,N,0,,0,1,0,,0,Y,,1,1,0,0,0,0,0,2,0,1,03,,,N,,,,,,,,,,,1,0,0,0,0,0,0,0,0,0,0,0,0,0,0,0,0,0,0,0,0,0,0,0,0,0,0,0,0,0,1,0,0,0,0,0,0,0,0,1,0,0,0,0,0,0,0,0,1,0,0,0,0,0,0,1,0,0,1,1,0,0,0,1,0,0,0,1,1,0,0,0,0,0,0,0,1,0,0,0,0,0,0,0,0,0,0,0,0,0,0,0,0,0,0,0,0,0,0,0,1,0,0,0,1,0,0,0,0,0,1,1,0,0,0,0,0,0,0,0,0,1,1,1,0,0,0,0,0
-8370665.41237634,4862323.96776117,34763,2024118148,,0,0,0,0,0,0,0,0,0,4,0,,67,12,2024,6,39.975088,-75.194965,,6,0,0,0,0,0,0,0,0,,0,0,0,,,1,,1,,39 58:30.316,,0,75 11:41.875,3,0,0,0,67301,0,0,0,N,0,0,0,4,67301,0,,1,,99,N,N,N,0,,1,0,1,,2,,,2,1,0,0,0,0,2,2,0,2,99,,,N,,,,,,,,,,,0,0,1,0,0,0,0,0,0,0,0,0,1,0,0,0,0,0,0,0,0,0,0,0,0,0,0,0,0,0,0,0,0,0,0,0,0,0,0,0,0,0,0,0,0,1,0,0,0,0,0,0,0,0,0,1,0,0,1,1,1,1,0,0,0,0,0,1,0,0,0,0,0,0,1,0,0,0,0,0,0,0,0,0,0,0,0,0,0,0,0,0,0,0,0,0,0,0,0,1,0,0,0,0,0,0,1,0,0,1,0,0,0,0,0,0,0,0,0,0,0,1,0,1,0,0,0,0,0
-8366821.2149013,4856438.29408545,34764,2024117795,,0,0,0,0,0,0,0,0,0,8,0,,67,12,2024,3,39.934559,-75.160432,,6,0,0,0,0,0,0,0,0,,0,0,0,,,1,,1,,39 56:04.411,,0,75 09:37.555,4,0,0,0,67301,1,0,0,N,1,0,0,2,67301,1,,1,,9,N,N,N,0,,0,0,1,,3,,,2,1,0,0,0,0,1,2,0,1,07,03,,N,,,,,,,,,,,0,0,0,0,0,0,0,0,0,0,0,0,0,0,0,0,0,0,0,0,0,0,0,0,0,0,0,0,0,0,0,0,0,0,0,0,0,0,0,0,0,0,0,0,0,1,0,0,0,0,0,0,0,0,0,0,0,0,1,1,1,1,0,0,1,0,0,1,1,0,0,0,0,0,0,0,0,0,0,0,0,1,0,1,0,0,0,0,0,0,0,0,0,0,0,0,0,0,0,0,1,0,0,0,0,0,0,1,0,0,0,0,0,0,0,0,0,0,0,0,1,1,0,0,1,0,1,0,0
-8357668.85829169,4874397.25716032,34765,2024116009,,1,0,0,0,0,0,0,0,0,5,0,,67,12,2024,7,40.05815,-75.078215,,6,0,0,0,0,0,0,0,0,,0,0,0,,,0,N,0,,40 03:29.341,3,0,75 04:41.575,0,0,0,0,67301,0,0,0,N,0,0,0,1,67301,0,,6,215,9,N,N,N,0,,0,0,2,,0,N,,3,0,0,0,0,0,0,2,0,3,10,,,N,,,,,,,,,,,0,0,0,0,0,0,0,0,0,0,0,0,0,0,0,0,0,0,0,0,0,0,0,0,0,0,0,0,0,0,0,0,0,0,0,0,0,0,0,0,0,0,1,0,0,0,0,0,0,0,0,0,0,0,0,1,0,0,0,0,0,0,0,0,0,0,0,0,0,0,0,0,0,0,1,0,1,0,0,0,0,0,0,0,1,0,0,0,0,0,0,0,0,0,0,0,0,0,0,0,0,0,0,0,0,0,1,0,0,0,0,0,0,0,0,0,0,0,0,0,0,1,0,1,0,0,1,0,0
-8368240.65101259,4873300.98117538,34766,2024117170,,1,0,0,0,0,0,0,0,0,8,0,,67,12,2024,3,40.050612,-75.173183,,6,0,0,0,0,0,0,0,0,,0,0,0,,,1,N,0,,40 03:02.204,,0,75 10:23.459,3,0,0,0,67301,1,0,0,N,1,0,0,2,67301,0,,1,,7,N,Y,N,0,,1,0,0,,0,,,2,1,0,0,0,0,0,2,0,1,10,10,,N,,,,,,,,,,,1,0,0,0,0,0,0,0,0,0,0,0,0,0,0,0,0,0,0,0,0,0,0,0,0,0,0,0,0,0,0,0,0,0,0,0,0,0,0,0,0,0,0,0,0,0,0,0,0,0,0,0,0,0,0,0,0,0,1,1,0,0,0,0,0,0,0,0,0,0,0,0,0,0,0,0,1,0,0,0,0,1,0,0,0,0,0,0,0,0,0,0,0,0,0,0,0,1,0,0,1,0,1,0,1,0,1,0,0,1,0,0,0,0,0,0,0,0,0,0,0,1,0,0,1,0,0,0,0
-8365610.05873486,4861254.44423146,34767,2024119169,,0,0,0,0,0,0,0,0,0,4,0,,67,12,2024,1,39.967725,-75.149552,,6,0,0,0,0,0,1,0,0,,0,0,0,,,2,,1,,39 58:03.810,,0,75 08:58.387,3,0,0,0,67301,0,0,0,N,0,0,0,10,67301,0,,1,,1,N,N,N,0,,2,0,2,,3,,,2,2,1,0,0,0,0,2,0,2,03,,,N,,,,,,,,,,,1,0,1,0,0,0,0,0,0,0,1,0,0,0,0,0,0,0,0,0,0,0,0,0,1,0,0,0,0,0,0,0,0,0,0,0,0,0,0,0,0,0,0,0,0,0,0,0,0,0,0,0,0,0,0,0,0,0,1,1,1,1,0,0,0,0,0,1,1,0,0,0,0,0,1,0,0,0,0,0,0,0,0,0,0,0,0,0,0,0,0,0,1,0,0,0,0,0,0,0,0,0,0,0,0,0,0,1,0,1,0,0,0,0,0,0,0,1,0,0,1,1,0,1,0,0,0,0,0