X,Y,objectid,crn,arrival_tm,automobile_count,belted_death_count,belted_susp_serious_inj_count,bicycle_count,bicycle_death_count,bicycle_susp_serious_inj_count,bus_count,chldpas_death_count,chldpas_susp_serious_inj_count,collision_type,comm_veh_count,cons_zone_spd_lim,county,crash_month,crash_year,day_of_week,dec_latitude,dec_longitude,dispatch_tm,district,driver_count_16yr,driver_count_17yr,driver_count_18yr,driver_count_19yr,driver_count_20yr,driver_count_50_64yr,driver_count_65_74yr,driver_count_75plus,est_hrs_closed,fatal_count,heavy_truck_count,horse_buggy_count,hour_of_day,illumination,injury_count,intersection_related_x,intersect_type,lane_closed,latitude,ln_close_dir,location_type,longitude,max_severity_level,mcycle_death_count,mcycle_susp_serious_inj_count,motorcycle_count,municipality,nonmotr_count,nonmotr_death_count,nonmotr_susp_serious_inj_count,ntfy_hiwy_maint,ped_count,ped_death_count,ped_susp_serious_inj_count,person_count,police_agcy,possible_inj_count,rdwy_surf_type_cd,relation_to_road,roadway_cleared,road_condition,sch_bus_ind,sch_zone_ind,secondary_crash,small_truck_count,spec_juris_cd,susp_minor_inj_count,susp_serious_inj_count,suv_count,tcd_func_cd,tcd_type,tfc_detour_ind,time_of_day,total_units,tot_inj_count,unbelted_occ_count,unb_death_count,unb_susp_serious_inj_count,unk_inj_deg_count,unk_inj_per_count,urban_rural,van_count,vehicle_count,weather1,weather2,workers_pres,work_zone_ind,work_zone_loc,work_zone_type,wz_close_detour,wz_flagger,wz_law_offcr_ind,wz_ln_closure,wz_moving,wz_other,wz_shlder_mdn,wz_workers_inj_killed,aggressive_driving,alcohol_related,angle_crash,atv,atv_route,backup_congestion,backup_nonrecurring,backup_prior,bicycle,cell_phone,child_passenger,comm_vehicle,core_network,cross_median,curved_road,curve_dvr_error,deer_related,distracted,drinking_driver,driver_16yr,driver_17yr,driver_18yr,driver_19yr,driver_20yr,driver_50_64yr,driver_65_74yr,driver_75plus,drugged_driver,drug_related,fatal,fatal_or_susp_serious_inj,fatigue_asleep,federal_aid_route,fire_in_vehicle,hazardous_truck,hit_barrier,hit_bridge,hit_deer,hit_embankment,hit_fixed_object,hit_gdrail,hit_gdrail_end,hit_parked_vehicle,hit_pole,hit_roadway_equipment,hit_run,hit_temp_construction_barrier,hit_traffic_island,hit_tree_shrub,hit_utility_pole,horse_buggy,ho_oppdir_sdswp,hvy_truck_related,icy_road,illegal_drug_related,illumination_dark,impaired_driver,impaired_nonmotorist,injury,injury_or_fatal,intersection,intersection_related_y,interstate,lane_departure,left_turn,limit_65mph,limit_70mph,local_road,local_road_only,marijuana_drugged_driver,marijuana_related,mature_driver,mc_drinking_driver,motorcycle,multiple_vehicle,nhtsa_agg_driving,non_intersection,no_clearance,opioid_related,other_freeway_expressway,overturned,pedestrian,phantom_vehicle,possible_injury,property_damage_only,psp_reported,ramp,ramp_segment,ramp_terminal,rear_end,roundabout,running_red_lt,running_stop_sign,rural,school_bus,school_bus_related,school_bus_unit,school_zone,shldr_related,signalized_int,single_vehicle,snowmobile,snow_slush_road,speeding,speeding_related,speed_change_lane,state_road,stop_controlled_int,sudden_deer,suspected_minor_injury,suspected_serious_injury,sv_run_off_rd,tailgating,train,train_trolley,trolley,turnpike,unbelted,underage_drnk_drv,unlicensed,unsignalized_int,urban,vehicle_failure,vehicle_towed,vulnerable_road_user,vulnerable_road_user_fatal,wet_road,work_zone,young_driver
-8357846.5241605,4871320.63400668,35998,2024037196,2336,2,0,0,0,0,0,0,0,0,4,0,,67,4,2024,7,40.036993,-75.079811,2334,6,0,0,0,1,0,1,0,0,,0,0,0,,,3,,1,,40 02:13.173,7,0,75 04:47.318,3,0,0,0,67301,0,0,0,N,0,0,0,4,67301,0,,1,100,1,N,N,N,0,,3,0,0,,2,N,,3,3,0,0,0,0,0,2,1,3,03,,,N,,,,,,,,,,,1,0,1,0,0,0,0,0,0,0,0,0,0,0,0,0,0,0,0,0,0,0,1,0,1,0,0,0,0,0,0,0,0,0,0,0,0,0,0,0,0,0,0,0,0,0,0,0,0,0,0,0,0,0,0,1,0,0,1,1,1,0,0,0,1,0,0,1,0,0,0,0,0,0,1,0,0,0,0,0,0,0,0,0,0,0,0,0,0,0,0,0,0,0,0,0,0,0,0,1,0,0,0,0,0,0,1,0,0,1,0,0,0,0,0,0,0,0,0,0,0,1,0,1,0,0,0,0,1
-8351385.31664298,4880510.87569915,35999,2024048694,1851,1,0,0,0,0,0,0,0,0,1,1,,67,6,2024,7,40.100172,-75.021769,1841,6,0,0,0,0,0,1,0,0,,0,1,0,,,2,N,0,,40 06:00.620,,0,75 01:18.370,3,0,0,0,67301,0,0,0,N,0,0,0,3,67301,0,,1,,1,N,N,N,0,,2,0,0,,2,,,2,2,0,0,0,0,0,2,0,2,03,03,,N,,,,,,,,,,,1,0,0,0,0,0,0,0,0,0,0,1,0,0,0,0,0,0,0,0,0,0,0,0,1,0,0,0,0,0,0,0,0,0,0,0,0,0,0,0,0,0,0,0,0,0,0,0,0,0,0,0,1,0,0,0,0,0,1,1,0,0,0,0,0,0,0,1,1,0,0,0,0,0,1,0,1,0,0,0,0,0,0,0,0,0,0,0,0,1,0,0,0,0,0,0,0,0,0,0,0,0,0,0,0,0,0,0,0,1,0,0,0,0,0,0,0,0,0,0,0,1,0,1,0,0,0,0,0
-8351372.73711231,4870486.96809425,36000,2024043312,1017,1,0,0,0,0,0,0,0,0,5,1,,67,5,2024,5,40.031259,-75.021656,1017,6,0,0,0,0,0,0,0,0,,0,1,0,,,1,N,0,,40 01:52.532,1,0,75 01:17.962,3,0,0,0,67301,0,0,0,N,0,0,0,5,67301,0,,1,1030,1,N,N,N,0,,1,0,0,,2,N,,2,1,0,0,0,0,0,2,0,2,03,03,,N,,,,,,,,,,,0,0,0,0,0,0,0,0,0,0,0,1,0,0,0,0,0,0,0,0,0,0,0,0,0,0,0,0,0,0,0,0,0,0,0,0,0,0,0,0,0,0,0,0,0,0,0,0,0,0,0,0,1,0,0,0,0,0,1,1,0,0,0,0,0,0,0,0,0,0,0,0,0,0,1,0,1,0,0,0,0,0,0,0,0,0,0,0,0,0,0,0,0,0,0,0,0,0,0,0,0,0,0,0,0,0,1,0,0,1,0,0,0,0,0,0,0,0,0,0,0,1,0,0,0,0,0,0,0
-8364494.85968887,4861506.88974909,36001,2024032085,1953,1,0,0,0,0,0,0,0,0,8,0,,67,1,2024,6,39.969463,-75.139534,1950,6,0,0,0,0,0,0,0,0,,0,0,0,,,1,,5,,39 58:10.065,,0,75 08:22.322,3,0,0,0,67301,1,0,0,N,1,0,0,2,67301,0,,1,,9,N,N,N,0,,1,0,0,,2,,,2,1,1,0,0,0,0,2,0,1,05,04,,N,,,,,,,,,,,0,0,0,0,0,0,0,0,0,0,0,0,0,0,0,0,0,0,0,0,0,0,0,0,0,0,0,0,0,0,0,0,0,0,0,0,0,0,0,0,0,0,0,0,0,1,0,0,0,0,0,0,0,0,0,1,0,0,1,1,1,0,0,0,1,0,0,1,0,0,0,0,0,0,0,0,0,0,0,0,0,1,0,0,0,0,0,0,0,0,0,0,0,0,0,0,0,0,0,1,1,0,0,0,0,0,1,0,0,1,0,0,0,0,0,0,0,1,0,0,0,1,0,0,1,0,1,0,0
-8355653.52938721,4869987.8775251,36002,2024026253,2149,0,0,0,0,0,0,0,0,0,8,0,,67,3,2024,6,40.027826,-75.060111,2149,6,0,0,0,0,0,0,1,0,,0,0,0,,,1,,1,,40 01:40.173,,0,75 03:36.400,8,0,0,0,67301,1,0,0,N,1,0,0,2,67301,0,,1,,1,N,N,N,0,,0,0,0,,2,,,2,1,0,0,0,1,0,2,1,1,03,03,,N,,,,,,,,,,,0,0,0,0,0,0,0,0,0,0,0,0,0,0,0,0,0,0,0,0,0,0,0,0,0,1,0,0,0,0,0,0,0,0,0,0,0,0,0,0,0,0,0,0,0,0,0,0,0,0,0,0,0,0,0,1,0,0,1,1,1,0,0,0,0,0,0,0,0,0,0,1,0,0,0,0,0,0,0,0,0,1,0,0,0,0,0,0,0,0,0,0,0,0,0,0,0,0,0,1,1,0,0,0,0,0,1,0,0,0,0,0,0,0,0,0,0,0,0,0,0,1,0,0,1,0,0,0,0
-8373524.76566933,4861383.13514439,36003,2024049679,1530,1,0,0,0,0,0,0,0,0,4,1,,67,6,2024,2,39.968611,-75.220651,1529,6,0,0,0,0,0,0,0,0,,0,1,0,,,1,,1,,39 58:06.999,,0,75 13:14.343,3,0,0,0,67301,0,0,0,N,0,0,0,2,67301,0,,1,,1,N,N,N,0,,1,0,0,,2,,,2,1,2,0,0,0,0,2,0,2,03,03,,N,,,,,,,,,,,0,0,1,0,0,0,0,0,0,0,0,1,0,0,0,0,0,0,0,0,0,0,0,0,0,0,0,0,0,0,0,0,0,0,0,0,0,0,0,0,0,0,0,0,0,0,0,0,0,0,0,0,1,0,0,0,0,0,1,1,1,0,0,0,0,0,0,1,1,0,0,0,0,0,1,0,0,0,0,0,0,0,0,0,0,0,0,0,0,0,0,0,0,0,0,0,0,0,0,1,0,0,0,0,0,0,0,0,0,1,0,0,0,0,0,0,0,1,0,0,0,1,0,0,0,0,0,0,0
-8376380.33379017,4853915.9960174,36004,2024031695,1845,0,0,0,0,0,0,0,0,0,4,0,,67,3,2024,6,39.917183,-75.246303,1845,6,0,0,1,0,0,0,0,0,,0,0,0,,,0,,1,,39 55:01.859,,0,75 14:46.691,9,0,0,0,67301,0,0,0,N,0,0,0,2,67301,0,,1,,99,N,N,N,0,,0,0,2,,2,,,2,0,2,0,0,0,2,2,0,2,99,,,N,,,,,,,,,,,0,0,1,0,0,0,0,0,0,0,0,0,0,0,0,0,0,0,0,0,0,1,0,0,0,0,0,0,0,0,0,0,0,0,0,0,0,0,0,0,0,0,0,0,0,0,0,0,0,0,0,0,0,0,0,1,0,0,0,0,1,0,0,0,1,0,0,1,0,0,0,0,0,0,1,0,0,0,0,0,0,0,0,0,0,0,0,0,0,0,0,0,0,0,0,0,0,0,0,1,0,0,0,0,0,0,1,0,0,0,0,0,0,0,0,0,0,1,0,0,0,1,0,1,0,0,0,0,1
-8359786.60074451,4869852.82341164,36005,2024038094,0218,0,0,0,0,0,0,0,0,0,7,0,,67,4,2024,2,40.026897,-75.097239,0218,6,0,0,0,0,0,0,0,0,,0,0,0,,,1,,1,,40 01:36.830,,0,75 05:50.062,8,0,0,0,67301,0,0,0,N,0,0,0,1,67301,0,,4,,1,N,N,N,1,,0,0,0,,2,,,1,1,1,0,0,1,0,2,0,1,03,03,,N,,,,,,,,,,,1,0,0,0,0,0,0,0,0,0,0,0,0,0,0,0,0,0,0,0,0,0,0,0,0,0,0,0,0,0,0,0,0,0,0,0,0,0,0,1,0,0,0,1,0,0,0,0,0,1,0,0,0,0,0,1,0,0,1,1,1,0,0,0,0,0,0,1,0,0,0,0,0,0,0,1,0,0,0,0,0,0,0,0,0,0,0,0,0,0,0,0,0,0,0,0,0,0,0,1,1,0,0,0,0,0,1,0,0,0,0,1,0,0,0,0,0,1,0,0,0,1,0,1,0,0,0,0,0
-8374601.89319969,4854644.63281612,36006,2024012347,2355,0,0,0,0,0,0,0,0,0,8,0,,67,1,2024,4,39.922203,-75.230327,2354,6,0,0,0,0,0,0,0,0,,0,0,0,,,1,,1,,39 55:19.930,,0,75 13:49.176,3,0,0,0,67301,1,0,0,N,1,0,0,2,67301,0,,1,,1,N,N,N,0,,1,0,0,,2,,,2,1,0,0,0,0,1,2,0,1,03,,,N,,,,,,,,,,,0,0,0,0,0,0,0,0,0,0,0,0,0,0,0,0,0,0,0,0,0,0,0,0,0,0,0,0,0,0,0,0,0,0,0,0,0,0,0,0,0,0,0,0,0,0,0,0,0,0,0,0,0,0,0,1,0,0,1,1,1,0,0,0,0,0,0,0,0,0,0,0,0,0,0,0,0,0,0,0,0,1,0,0,0,0,0,0,0,0,0,0,0,0,0,0,0,0,0,1,1,0,0,0,0,0,1,0,0,1,0,0,0,0,0,0,0,0,0,0,0,1,0,0,1,0,0,0,0
-8357009.512569,4870707.80834423,36007,2024023252,1410,2,0,0,0,0,0,0,0,0,4,0,,67,3,2024,2,40.032778,-75.072292,1351,6,0,0,0,0,0,0,1,0,,0,0,0,,,3,,1,,40 01:58.001,,0,75 04:20.252,3,0,0,0,67301,0,0,0,N,0,0,0,3,67301,0,,1,,1,N,N,N,0,,3,0,0,,2,,,2,3,0,0,0,0,0,2,0,2,03,03,,N,,,,,,,,,,,1,0,1,0,0,0,0,0,0,0,0,0,0,0,0,0,0,0,0,0,0,0,0,0,0,1,0,0,0,0,0,0,0,0,0,0,0,0,0,0,0,0,0,0,0,0,0,0,0,0,0,0,0,0,0,0,0,0,1,1,1,0,0,0,1,0,0,1,0,0,0,1,0,0,1,0,0,0,0,0,0,0,0,0,0,0,0,0,0,0,0,0,0,0,0,0,0,0,0,1,0,0,0,0,0,0,1,0,0,1,0,0,0,0,0,0,0,0,0,0,0,1,0,1,0,0,0,0,0
-8366569.41091806,4873497.452611,36008,2024028015,0057,1,0,0,0,0,0,0,0,0,7,0,,67,3,2024,5,40.051963,-75.15817,0056,6,0,0,0,0,0,0,0,0,,0,0,0,,,2,,3,,40 03:07.066,,0,75 09:29.411,3,0,0,0,67301,0,0,0,N,0,0,0,2,67301,0,,4,,1,N,N,N,0,,2,0,0,,2,,,1,2,0,0,0,0,0,2,0,1,03,03,,N,,,,,,,,,,,0,0,0,0,0,0,0,0,0,0,0,0,0,0,0,0,0,0,0,0,0,0,0,0,0,0,0,0,0,0,0,0,0,0,0,0,0,0,0,1,0,0,0,0,0,0,0,0,0,0,0,0,0,0,0,1,0,0,1,1,1,0,0,0,0,0,0,1,1,0,0,0,0,0,0,0,0,0,0,0,0,0,0,0,0,0,0,0,0,0,0,0,0,0,0,0,0,0,0,1,1,0,0,0,0,0,0,0,0,1,0,1,0,0,0,0,0,0,0,0,0,1,0,0,0,0,0,0,0
-8361280.06327753,4865841.29567723,36009,2024032013,0312,3,0,0,0,0,0,0,0,0,4,0,,67,3,2024,6,39.999297,-75.110655,0310,6,0,0,0,0,0,0,0,0,,0,0,0,,,0,,1,,39 59:57.469,,0,75 06:38.358,9,0,0,0,67301,0,0,0,N,0,0,0,2,67301,0,,1,,1,N,N,N,0,,0,0,0,,2,,,3,0,0,0,0,0,1,2,0,3,03,03,,N,,,,,,,,,,,0,0,1,0,0,0,0,0,0,0,0,0,0,0,0,0,0,1,0,0,0,0,0,0,0,0,0,0,0,0,0,0,0,0,0,0,0,0,0,0,0,0,1,0,0,0,0,0,0,0,0,0,0,0,0,1,0,0,0,0,1,0,0,0,0,0,0,1,1,0,0,0,0,0,1,0,0,0,0,0,0,0,0,0,0,0,0,0,0,0,0,0,0,0,0,0,0,0,0,1,0,0,0,0,0,0,0,0,0,0,0,0,0,0,0,0,0,0,0,0,0,1,0,1,0,0,0,0,0
-8369708.95463433,4852893.23730234,36010,2024031464,1536,1,0,0,0,0,0,0,0,0,1,0,,67,3,2024,3,39.910136,-75.186373,1535,6,0,0,0,1,0,0,0,0,,0,0,0,,,1,,3,,39 54:36.491,,0,75 11:10.943,3,0,0,0,67301,0,0,0,N,0,0,0,2,67301,0,,1,,9,N,N,N,0,,1,0,0,,3,,,2,1,2,0,0,0,0,2,1,2,03,03,,N,,,,,,,,,,,0,0,0,0,0,0,0,0,0,0,0,0,0,0,0,0,0,0,0,0,0,0,1,0,0,0,0,0,0,0,0,0,0,0,0,0,0,0,0,0,0,0,0,0,0,0,0,0,0,0,0,0,0,0,0,0,0,0,1,1,1,0,0,0,0,0,0,1,0,0,0,0,0,0,1,0,0,0,0,0,0,0,0,0,0,0,0,0,0,1,0,0,0,0,0,0,0,0,0,0,0,0,0,0,0,0,1,1,0,1,0,0,0,0,0,0,0,1,0,0,1,1,0,0,0,0,1,0,1
-8355128.76915762,4869675.32275255,36011,2024031793,1120,0,0,0,0,0,0,0,0,0,4,0,,67,2,2024,2,40.025676,-75.055397,1100,6,0,0,0,0,0,0,0,0,,0,0,0,,,1,,1,,40 01:32.435,,0,75 03:19.430,3,0,0,0,67301,0,0,0,N,0,0,0,2,67301,0,,1,,1,N,N,N,0,,1,0,2,,2,,,2,1,1,0,0,0,0,2,0,2,03,03,,N,,,,,,,,,,,0,0,1,0,0,0,0,0,0,0,0,0,0,0,0,0,0,0,0,0,0,0,0,0,0,0,0,0,0,0,0,0,0,0,0,0,0,0,0,0,0,0,0,0,0,0,0,0,0,0,0,0,0,0,0,0,0,0,1,1,1,0,0,0,0,0,0,1,0,0,0,0,0,0,1,0,0,0,0,0,0,0,0,0,0,0,0,0,0,0,0,0,0,0,0,0,0,0,0,1,0,0,0,0,0,0,1,0,0,1,0,0,0,0,0,0,0,1,0,0,0,1,0,1,0,0,0,0,0
-8355177.86102595,4869748.59052854,36012,2024031801,2316,0,0,0,0,0,0,0,0,0,7,0,,67,3,2024,7,40.02618,-75.055838,2314,6,0,0,0,0,0,0,0,0,,0,0,0,,,0,N,0,,40 01:34.249,4,0,75 03:21.017,0,0,0,0,67301,0,0,0,N,0,0,0,1,67301,0,,4,45,9,N,N,N,0,,0,0,1,,0,Y,,1,0,0,0,0,0,0,2,0,1,07,04,,N,,,,,,,,,,,0,0,0,0,0,0,0,0,0,0,0,0,0,0,0,0,0,0,0,0,0,0,0,0,0,0,0,0,0,0,0,0,0,0,0,0,0,0,0,1,0,0,0,0,0,0,0,0,1,0,0,0,0,0,0,1,0,0,0,0,0,0,0,1,0,0,0,0,0,0,0,0,0,0,0,0,1,0,0,0,0,0,0,0,1,0,0,0,0,0,0,0,0,0,0,0,0,0,0,0,1,0,0,0,0,0,1,0,0,0,0,1,0,0,0,0,0,0,0,0,0,1,0,1,0,0,1,0,0
-8349935.26815973,4874345.48064388,36013,2024031653,0406,0,0,0,0,0,0,0,0,0,7,0,,67,3,2024,2,40.057794,-75.008743,0359,6,0,0,0,0,0,0,0,0,,0,0,0,,,0,,1,,40 03:28.059,,0,75 00:31.473,0,0,0,0,67301,0,0,0,N,0,0,0,1,67301,0,,5,,1,N,N,N,0,,0,0,1,,2,,,1,0,0,0,0,0,0,2,0,1,03,03,,N,,,,,,,,,,,0,0,0,0,0,0,0,0,0,0,0,0,0,0,0,0,0,0,0,0,0,0,0,0,0,0,0,0,0,0,0,0,0,0,0,0,0,0,0,1,0,0,0,0,0,0,0,0,0,0,0,0,0,0,0,1,0,0,0,0,1,0,0,0,0,0,0,0,0,0,0,0,0,0,0,0,0,0,0,0,0,0,0,0,1,0,0,0,0,0,0,0,0,0,0,0,0,0,0,1,1,0,0,0,1,0,1,0,0,0,0,1,0,0,0,0,0,0,0,0,0,1,0,1,0,0,0,0,0
-8376662.75188866,4861922.61025366,36014,2024029039,1350,0,0,0,0,0,0,0,0,0,8,0,,67,4,2024,3,39.972325,-75.24884,1342,6,0,0,0,0,0,0,0,0,,0,0,0,,,1,,1,,39 58:20.369,,0,75 14:55.823,3,0,0,0,67301,1,0,0,N,1,0,0,2,67301,0,,1,,9,N,N,N,1,,1,0,0,,2,,,2,1,0,0,0,0,0,2,0,1,07,07,,N,,,,,,,,,,,0,0,0,0,0,0,0,0,0,0,0,0,0,0,0,0,0,0,0,0,0,0,0,0,0,0,0,0,0,0,0,0,0,0,0,0,0,0,0,0,0,0,0,0,0,0,0,0,0,0,0,0,0,0,0,0,0,0,1,1,1,0,0,0,0,0,0,1,0,0,0,0,0,0,0,0,0,0,0,0,0,1,0,0,0,0,0,0,0,0,0,0,0,0,0,0,0,0,0,1,1,0,0,0,0,0,1,0,0,1,0,0,0,0,0,0,0,0,0,0,0,1,0,0,1,0,1,0,0
-8372372.38578339,4857058.51478545,36015,2024031682,0058,0,0,0,0,0,0,0,0,0,7,0,,67,2,2024,7,39.938831,-75.210299,0048,6,0,0,0,0,0,0,0,0,,0,0,0,,,0,,3,,39 56:19.790,,0,75 12:37.075,0,0,0,0,67301,0,0,0,N,0,0,0,1,67301,0,,5,,9,N,N,N,0,,0,0,1,,0,,,1,0,0,0,0,0,0,2,0,1,10,10,,N,,,,,,,,,,,0,0,0,0,0,0,0,0,0,0,0,0,0,0,1,0,0,0,0,0,0,0,0,0,0,0,0,0,0,0,0,0,0,0,0,0,0,0,0,1,0,0,0,0,0,0,0,0,0,0,0,0,0,0,0,1,0,0,0,0,1,0,0,0,0,0,0,1,0,0,0,0,0,0,0,0,0,0,0,0,0,0,0,0,1,0,0,0,0,0,0,0,0,0,0,0,0,0,0,0,1,0,0,0,0,0,1,0,0,0,0,1,0,0,0,0,0,0,0,0,1,1,0,1,0,0,1,0,0
-8362986.03522086,4867954.8487068,36016,2024032053,0145,2,0,0,0,0,0,0,0,0,4,0,,67,2,2024,2,40.01384,-75.12598,0138,6,0,0,0,0,0,0,0,0,,0,0,0,,,1,,1,,40 00:49.823,,0,75 07:33.528,3,0,0,0,67301,0,0,0,N,0,0,0,2,67301,0,,1,,1,N,N,N,0,,1,0,0,,2,,,2,1,0,0,0,0,0,2,0,2,03,03,,N,,,,,,,,,,,1,0,1,0,0,0,0,0,0,0,0,0,0,0,0,0,0,0,0,0,0,0,0,0,0,0,0,0,0,0,0,0,0,0,0,0,0,0,0,0,0,0,0,0,0,0,0,0,0,0,0,0,0,0,0,1,0,0,1,1,1,0,0,0,0,0,0,1,1,0,0,0,0,0,1,0,0,0,0,0,0,0,0,0,0,0,0,0,0,0,0,1,0,0,0,0,0,0,0,1,0,0,0,0,0,0,0,0,0,1,0,0,0,0,0,0,0,0,0,0,0,1,0,1,0,0,0,0,0
-8365747.98399205,4869805.28570191,36017,2024038610,1639,1,0,0,0,0,0,1,0,0,1,1,,67,5,2024,4,40.02657,-75.150791,1638,6,0,0,0,0,0,1,0,0,,0,0,0,,,1,,5,,40 01:35.651,,0,75 09:02.847,3,0,0,0,67301,0,0,0,N,0,0,0,3,67301,0,,1,,1,Y,N,N,0,,1,0,1,,2,,,3,1,1,0,0,0,1,2,0,3,03,03,,N,,,,,,,,,,,1,0,0,0,0,0,0,0,0,0,0,1,0,0,0,0,0,0,0,0,0,0,0,0,1,0,0,0,0,0,0,0,0,0,0,0,0,0,0,0,0,0,0,0,0,0,0,0,0,0,0,0,0,0,0,0,0,0,1,1,1,0,0,0,0,0,0,1,1,0,0,0,0,0,1,0,0,0,0,0,0,0,0,0,0,0,0,0,0,1,0,0,0,0,1,1,1,0,0,1,0,0,0,1,1,0,0,0,0,1,0,0,0,0,0,0,0,1,0,0,0,1,0,1,0,0,0,0,0
-8352852.61907936,4876770.27011164,36018,2024036315,2129,0,0,0,0,0,0,0,0,0,1,0,,67,4,2024,5,40.074464,-75.03495,2119,6,0,0,0,0,0,0,0,0,,0,0,0,,,1,,1,,40 04:28.071,,0,75 02:05.821,3,0,0,0,67301,0,0,0,N,0,0,0,5,67301,0,,1,,1,N,N,N,1,,1,0,1,,2,,,2,1,0,0,0,0,0,2,0,2,03,,,N,,,,,,,,,,,0,0,0,0,0,0,0,0,0,0,1,0,1,0,0,0,0,0,0,0,0,0,0,0,0,0,0,0,0,0,0,0,0,0,0,0,0,0,0,0,0,0,0,0,0,0,0,0,0,0,0,0,0,0,0,1,0,0,1,1,1,0,0,0,0,0,0,0,0,0,0,0,0,0,1,0,0,0,0,0,0,0,0,0,0,0,0,0,0,1,0,0,0,0,0,0,0,0,0,1,0,0,0,0,0,0,1,0,0,1,0,0,0,0,0,0,0,0,0,0,0,1,0,0,0,0,0,0,0
-8374698.40801938,4872475.87274988,36019,2024056189,1720,0,0,0,0,0,0,0,0,0,8,0,,67,6,2024,5,40.044938,-75.231194,1706,6,0,0,0,0,0,0,0,0,,0,0,0,,,1,,2,,40 02:41.776,,0,75 13:52.297,3,0,0,0,67301,1,0,0,N,1,0,0,2,67301,0,,1,,1,N,N,N,0,,1,0,0,,2,,,2,1,0,0,0,0,0,2,0,1,03,03,,N,,,,,,,,,,,1,0,0,0,0,0,0,0,0,0,0,0,0,0,0,0,0,0,0,0,0,0,0,0,0,0,0,0,0,0,0,0,0,0,0,0,0,0,0,0,0,0,0,0,0,1,0,0,0,0,0,0,0,0,0,0,0,0,1,1,1,0,0,0,0,0,0,1,0,0,0,0,0,0,0,0,0,0,0,0,0,1,0,0,0,0,0,0,0,0,0,1,0,0,0,0,0,0,0,1,1,0,0,0,0,0,1,0,0,1,0,0,0,0,0,0,0,0,0,0,0,1,0,0,1,0,0,0,0
-8364519.57301805,4869103.0092761,36020,2024032107,1630,0,0,0,0,0,0,0,0,0,4,0,,67,1,2024,5,40.021739,-75.139756,1624,6,0,0,0,0,0,1,0,0,,0,0,0,,,0,,1,,40 01:18.260,2,0,75 08:23.123,0,0,0,0,67301,0,0,0,N,0,0,0,4,67301,0,,1,510,1,N,N,N,0,,0,0,2,,2,Y,,2,0,0,0,0,0,0,2,0,2,03,03,,N,,,,,,,,,,,0,0,1,0,0,0,0,0,0,0,0,0,0,0,0,0,0,0,0,0,0,0,0,0,1,0,0,0,0,0,0,0,0,0,0,0,0,0,0,0,0,0,0,0,0,0,0,0,0,0,0,0,0,0,0,0,0,0,0,0,1,0,0,0,1,0,0,1,0,0,0,0,0,0,1,0,0,0,0,0,0,0,0,0,1,0,0,0,0,0,0,0,0,0,0,0,0,0,0,1,0,0,0,0,0,0,1,0,0,0,0,0,0,0,0,0,0,0,0,0,0,1,0,1,0,0,0,0,0
-8370148.44445619,4859516.98605856,36021,2024056502,2120,1,0,0,0,0,0,0,0,0,8,0,,67,6,2024,1,39.955762,-75.190321,2109,6,0,0,0,0,0,0,0,0,,0,0,0,,,1,N,0,,39 57:20.743,,0,75 11:25.154,8,0,0,0,67301,1,0,0,N,1,0,0,2,67301,0,,1,,1,N,N,N,0,,0,0,0,,0,,,2,1,0,0,0,1,0,2,0,1,03,03,,N,,,,,,,,,,,0,0,0,0,0,0,0,0,0,0,0,0,0,0,0,0,0,1,0,0,0,0,0,0,0,0,0,0,0,0,0,0,0,0,0,0,0,0,0,0,0,0,0,0,0,0,0,0,0,0,0,0,0,0,0,1,0,0,1,1,0,0,0,0,0,0,0,0,0,0,0,0,0,0,0,0,1,0,0,0,0,1,0,0,0,0,0,0,0,0,0,0,0,0,0,0,0,0,0,0,1,0,0,0,0,0,1,0,0,0,0,0,0,0,0,0,0,0,0,0,0,1,0,0,1,0,0,0,0
-8365926.31770224,4865022.03865658,36022,2024031954,0900,0,0,0,0,0,0,0,0,0,1,0,,67,1,2024,3,39.993659,-75.152393,0850,6,0,0,0,0,0,1,0,0,,0,0,0,,,1,,1,,39 59:37.174,,0,75 09:08.615,4,0,0,0,67301,0,0,0,N,0,0,0,2,67301,1,,1,,1,N,N,N,0,,0,0,2,,2,,,2,1,1,0,0,0,0,2,0,2,03,03,,N,,,,,,,,,,,0,0,0,0,0,0,0,0,0,0,0,0,0,0,0,0,0,0,0,0,0,0,0,0,1,0,0,0,0,0,0,0,0,0,0,0,0,0,0,0,0,0,0,0,0,0,0,0,0,0,0,0,0,0,0,0,0,0,1,1,1,0,0,0,0,0,0,1,0,0,0,0,0,0,1,0,0,0,0,0,0,0,0,1,0,0,0,0,0,1,0,0,0,0,0,0,0,0,0,1,0,0,0,0,0,0,1,0,0,0,0,0,0,0,0,0,0,1,0,0,0,1,0,0,0,0,0,0,0